Order ID,Supplier,Carrier,Transport Mode,Service Level,Origin Country,Destination City,Destination Country,Product,Category,Order Date,Promised Delivery Date,Actual Delivery Date,Quantity,Quantity Delivered,Unit Price,Currency,Weight (kg),Distance (km),Freight Cost,Customs Duty,Damaged,Returned,Incoterms
PO-2024-1000,Hanoi Components Co,Schenker Road,Road,Standard,Vietnam,Reno,USA,Cooling fan 40mm,Thermal,2024-01-02,2024-01-17,2024-01-16,4107,4107,3.68,USD,164.28,13200,284.84,720.99,No,No,EXW
PO-2024-1001,Guadalajara Assembly,Schenker Road,Road,Standard,Mexico,Columbus,USA,Steel bracket set,Housings,2024-01-02,2024-01-27,2024-01-31,1240,1240,4.71,USD,806.00,2100,708.20,374.16,No,No,CIF
PO-2024-1002,Hanoi Components Co,DHL Global Forwarding,Air,Express,Vietnam,Rotterdam,Netherlands,Display panel 7in IPS,Electronics,2024-01-02,2024-02-04,2024-02-04,2691,2691,57.82,USD,511.29,13200,1797.37,4610.64,No,No,DDP
PO-2024-1003,Shenzhen Precision Works,DHL Global Forwarding,Air,Express,China,Fort Worth,USA,Cooling fan 40mm,Thermal,2024-01-02,2024-02-04,2024-02-05,2640,2640,3.89,USD,105.60,11800,680.64,531.27,No,No,FOB
PO-2024-1004,Shenzhen Precision Works,DHL Global Forwarding,Air,Express,China,Fort Worth,USA,PCB assembly rev-C,Electronics,2024-01-02,2024-01-18,2024-01-18,4066,4066,40.07,USD,325.28,11800,1259.49,5178.88,No,No,EXW
PO-2024-1005,Shenzhen Precision Works,UPS Supply Chain,Parcel,Express,China,Memphis,USA,Display panel 7in IPS,Electronics,2024-01-02,2024-01-16,2024-01-16,4784,4784,59.17,USD,908.96,11800,1985.32,16406.72,No,No,DDP
PO-2024-1006,Hanoi Components Co,DHL Global Forwarding,Air,Express,Vietnam,Reno,USA,Steel bracket set,Housings,2024-01-02,2024-01-22,2024-02-02,3973,3973,4.45,USD,2582.45,13200,7254.88,1126.93,No,No,FOB
PO-2024-1007,Shenzhen Precision Works,Schenker Road,Road,Standard,China,Fort Worth,USA,Cooling fan 40mm,Thermal,2024-01-03,2024-01-16,2024-02-07,4081,4081,3.67,USD,163.24,11800,268.55,561.45,No,No,DDP
PO-2024-1008,Shenzhen Precision Works,Maersk Line,Ocean,Standard,China,Fort Worth,USA,"Wiring harness, 12-pin",Electrical,2024-01-03,2024-01-30,2024-01-28,626,514,10.70,USD,75.12,11800,106.51,384.00,No,No,FOB
PO-2024-1009,Ostrava Metalworks,DHL Global Forwarding,Air,Express,Czechia,Fort Worth,USA,PCB assembly rev-C,Electronics,2024-01-03,2024-01-19,2024-01-19,879,879,39.15,USD,70.32,7400,437.63,1946.45,No,No,FOB
PO-2024-1010,Guadalajara Assembly,DHL Global Forwarding,Air,Express,Mexico,Fort Worth,USA,"Aluminium enclosure, matte",Housings,2024-01-03,2024-01-29,2024-01-29,1517,1517,6.08,USD,470.27,2100,1310.77,443.83,No,No,DDP
PO-2024-1011,Guadalajara Assembly,DHL Global Forwarding,Air,Express,Mexico,Fort Worth,USA,Cooling fan 40mm,Thermal,2024-01-03,2024-01-26,2024-01-26,3622,3622,3.81,USD,144.88,2100,453.37,410.93,No,No,CIF
PO-2024-1012,Chennai Industrial Ltd,DHL Global Forwarding,Air,Express,India,Fort Worth,USA,Display panel 7in IPS,Electronics,2024-01-03,2024-01-18,2024-01-24,146,146,54.35,USD,27.74,13500,533.44,434.66,No,No,CIF
PO-2024-1013,Guadalajara Assembly,Maersk Line,Ocean,Standard,Mexico,Columbus,USA,Steel bracket set,Housings,2024-01-03,2024-01-18,2024-01-16,434,373,4.40,USD,282.10,2100,144.59,121.82,No,No,DDP
PO-2024-1014,Shenzhen Precision Works,Maersk Line,Ocean,Standard,China,Columbus,USA,PCB assembly rev-C,Electronics,2024-01-04,2024-02-07,2024-02-07,2794,2794,39.85,USD,223.52,11800,175.89,4706.99,No,No,CIF
PO-2024-1015,Ostrava Metalworks,UPS Supply Chain,Parcel,Express,Czechia,Memphis,USA,"Aluminium enclosure, matte",Housings,2024-01-04,2024-02-01,2024-02-01,3512,3512,5.89,USD,1088.72,7400,2214.99,1070.06,No,No,CIF
PO-2024-1016,Chennai Industrial Ltd,Schenker Road,Road,Standard,India,Columbus,USA,PCB assembly rev-C,Electronics,2024-01-04,2024-01-20,2024-02-17,910,910,40.14,USD,72.80,13500,210.38,1890.78,No,No,CIF
PO-2024-1017,Guadalajara Assembly,DHL Global Forwarding,Air,Express,Mexico,Reno,USA,"Wiring harness, 12-pin",Electrical,2024-01-04,2024-01-13,2024-01-13,3358,3358,9.96,USD,402.96,2100,1133.41,1917.59,No,No,EXW
PO-2024-1018,Chennai Industrial Ltd,Schenker Road,Road,Standard,India,Reno,USA,Cooling fan 40mm,Thermal,2024-01-04,2024-01-31,2024-02-12,4301,4301,3.53,USD,172.04,13500,294.73,853.76,No,No,CIF
PO-2024-1019,Taipei Micro Systems,Schenker Road,Road,Standard,Taiwan,Rotterdam,Netherlands,Steel bracket set,Housings,2024-01-04,2024-01-22,2024-01-22,465,465,4.48,USD,302.25,12100,390.01,61.30,No,No,DDP
PO-2024-1020,Guadalajara Assembly,Schenker Road,Road,Standard,Mexico,Rotterdam,Netherlands,"Aluminium enclosure, matte",Housings,2024-01-05,2024-02-05,2024-02-05,3822,3822,6.35,USD,1184.82,2100,1030.20,1192.97,No,No,EXW
PO-2024-1021,Ostrava Metalworks,UPS Supply Chain,Parcel,Express,Czechia,Memphis,USA,"Wiring harness, 12-pin",Electrical,2024-01-05,2024-02-08,2024-02-08,1120,1120,10.26,USD,134.40,7400,430.41,328.49,No,No,EXW
PO-2024-1022,Shenzhen Precision Works,Schenker Road,Road,Standard,China,Fort Worth,USA,"Wiring harness, 12-pin",Electrical,2024-01-05,2024-02-04,2024-02-04,3893,3893,9.28,USD,467.16,11800,526.89,924.45,No,No,EXW
PO-2024-1023,Shenzhen Precision Works,UPS Supply Chain,Parcel,Express,China,Rotterdam,Netherlands,USB-C connector module,Electronics,2024-01-05,2024-02-08,2024-02-08,1945,1945,2.29,USD,19.45,11800,321.93,116.68,No,No,FOB
PO-2024-1024,Ostrava Metalworks,Schenker Road,Road,Standard,Czechia,Columbus,USA,USB-C connector module,Electronics,2024-01-05,2024-01-27,2024-01-27,2308,2308,1.99,USD,23.08,7400,101.02,127.20,No,No,DDP
PO-2024-1025,Chennai Industrial Ltd,DHL Global Forwarding,Air,Express,India,Fort Worth,USA,USB-C connector module,Electronics,2024-01-05,2024-02-05,2024-02-03,1094,1094,2.03,USD,10.94,13500,489.18,46.91,No,No,FOB
PO-2024-1026,Ostrava Metalworks,UPS Supply Chain,Parcel,Express,Czechia,Fort Worth,USA,Display panel 7in IPS,Electronics,2024-01-05,2024-01-15,2024-01-15,2410,2410,54.41,USD,457.90,7400,1035.35,5265.55,No,No,FOB
PO-2024-1027,Taipei Micro Systems,Schenker Road,Road,Standard,Taiwan,Fort Worth,USA,Display panel 7in IPS,Electronics,2024-01-06,2024-01-20,2024-01-19,3004,3004,54.84,USD,570.76,12100,618.25,8757.26,No,No,EXW
PO-2024-1028,Shenzhen Precision Works,UPS Supply Chain,Parcel,Express,China,Memphis,USA,Lithium cell pack 5000mAh,Power,2024-01-06,2024-01-29,2024-02-07,968,968,17.42,USD,406.56,11800,1045.83,836.34,No,No,FOB
PO-2024-1029,Taipei Micro Systems,UPS Supply Chain,Parcel,Express,Taiwan,Fort Worth,USA,Display panel 7in IPS,Electronics,2024-01-06,2024-01-21,2024-01-21,2504,2504,56.41,USD,475.76,12100,1182.49,7127.13,No,No,CIF
PO-2024-1030,Taipei Micro Systems,Schenker Road,Road,Standard,Taiwan,Memphis,USA,Display panel 7in IPS,Electronics,2024-01-06,2024-02-04,2024-02-04,4413,4413,50.08,USD,838.47,12100,845.80,7853.80,No,No,EXW
PO-2024-1031,Shenzhen Precision Works,Schenker Road,Road,Standard,China,Memphis,USA,Steel bracket set,Housings,2024-01-06,2024-02-08,2024-02-26,1332,1332,4.39,USD,865.80,11800,865.73,186.26,No,No,CIF
PO-2024-1032,Shenzhen Precision Works,DHL Global Forwarding,Air,Express,China,Rotterdam,Netherlands,Steel bracket set,Housings,2024-01-06,2024-01-19,2024-02-10,3424,3424,4.25,USD,2225.60,11800,6266.84,850.33,No,No,EXW
PO-2024-1033,Shenzhen Precision Works,UPS Supply Chain,Parcel,Express,China,Rotterdam,Netherlands,USB-C connector module,Electronics,2024-01-07,2024-02-07,2024-02-06,975,975,2.03,USD,9.75,11800,303.79,124.93,No,No,CIF
PO-2024-1034,Hanoi Components Co,DHL Global Forwarding,Air,Express,Vietnam,Memphis,USA,"Aluminium enclosure, matte",Housings,2024-01-07,2024-01-17,2024-01-16,983,983,6.89,USD,304.73,13200,1253.08,394.45,No,No,EXW
PO-2024-1035,Chennai Industrial Ltd,UPS Supply Chain,Parcel,Express,India,Reno,USA,"Wiring harness, 12-pin",Electrical,2024-01-07,2024-02-04,2024-02-04,3098,3098,10.31,USD,371.76,13500,1021.89,799.57,No,No,CIF
PO-2024-1036,Shenzhen Precision Works,DHL Global Forwarding,Air,Express,China,Reno,USA,Display panel 7in IPS,Electronics,2024-01-07,2024-01-22,2024-02-09,1903,1903,51.35,USD,361.57,11800,1355.12,5382.01,No,No,FOB
PO-2024-1037,Shenzhen Precision Works,Schenker Road,Road,Standard,China,Fort Worth,USA,PCB assembly rev-C,Electronics,2024-01-07,2024-01-18,2024-02-03,2095,2095,39.31,USD,167.60,11800,272.26,3784.44,No,No,CIF
PO-2024-1038,Hanoi Components Co,DHL Global Forwarding,Air,Express,Vietnam,Memphis,USA,Display panel 7in IPS,Electronics,2024-01-07,2024-02-10,2024-02-21,49,49,52.41,USD,9.31,13200,474.65,93.75,No,No,DDP
PO-2024-1039,Shenzhen Precision Works,Maersk Line,Ocean,Standard,China,Reno,USA,"Aluminium enclosure, matte",Housings,2024-01-07,2024-02-03,2024-02-02,728,728,6.68,USD,225.68,11800,176.90,293.37,No,No,CIF
PO-2024-1040,Shenzhen Precision Works,DHL Global Forwarding,Air,Express,China,Reno,USA,"Aluminium enclosure, matte",Housings,2024-01-08,2024-01-24,2024-01-23,3446,3446,6.66,USD,1068.26,11800,3217.25,998.32,No,No,DDP
PO-2024-1041,Hanoi Components Co,DHL Global Forwarding,Air,Express,Vietnam,Rotterdam,Netherlands,Cooling fan 40mm,Thermal,2024-01-08,2024-01-21,2024-01-21,1986,1986,3.59,USD,79.44,13200,659.44,361.00,No,No,CIF
PO-2024-1042,Hanoi Components Co,Maersk Line,Ocean,Standard,Vietnam,Rotterdam,Netherlands,Cooling fan 40mm,Thermal,2024-01-08,2024-02-09,2024-02-10,2695,2695,3.73,USD,107.80,13200,130.26,237.84,No,No,FOB
PO-2024-1043,Guadalajara Assembly,DHL Global Forwarding,Air,Express,Mexico,Rotterdam,Netherlands,"Aluminium enclosure, matte",Housings,2024-01-08,2024-02-02,2024-02-01,3293,3293,6.47,USD,1020.83,2100,2761.50,974.84,No,No,CIF
PO-2024-1044,Shenzhen Precision Works,Schenker Road,Road,Standard,China,Reno,USA,"Wiring harness, 12-pin",Electrical,2024-01-08,2024-02-05,2024-03-03,3793,3793,9.02,USD,455.16,11800,516.69,1154.79,No,No,EXW
PO-2024-1045,Shenzhen Precision Works,UPS Supply Chain,Parcel,Express,China,Memphis,USA,Display panel 7in IPS,Electronics,2024-01-08,2024-02-06,2024-02-05,731,731,55.01,USD,138.89,11800,545.28,1347.99,No,No,DDP
PO-2024-1046,Taipei Micro Systems,DHL Global Forwarding,Air,Express,Taiwan,Memphis,USA,"Aluminium enclosure, matte",Housings,2024-01-08,2024-02-06,2024-02-05,4602,4602,5.92,USD,1426.62,12100,4171.75,1427.22,No,No,DDP
PO-2024-1047,Shenzhen Precision Works,Maersk Line,Ocean,Standard,China,Fort Worth,USA,USB-C connector module,Electronics,2024-01-09,2024-02-05,2024-02-06,1366,1366,2.33,USD,13.66,11800,77.78,85.30,No,No,EXW
PO-2024-1048,Shenzhen Precision Works,Schenker Road,Road,Standard,China,Memphis,USA,PCB assembly rev-C,Electronics,2024-01-09,2024-02-08,2024-02-07,3209,3209,41.96,USD,256.72,11800,348.01,7280.66,No,No,CIF
PO-2024-1049,Shenzhen Precision Works,DHL Global Forwarding,Air,Express,China,Columbus,USA,PCB assembly rev-C,Electronics,2024-01-09,2024-01-19,2024-01-19,687,687,43.49,USD,54.96,11800,547.20,756.76,No,No,FOB
PO-2024-1050,Taipei Micro Systems,DHL Global Forwarding,Air,Express,Taiwan,Columbus,USA,USB-C connector module,Electronics,2024-01-09,2024-02-06,2024-02-05,120,120,2.17,USD,1.20,12100,415.77,9.34,No,No,FOB
PO-2024-1051,Shenzhen Precision Works,UPS Supply Chain,Parcel,Express,China,Reno,USA,Steel bracket set,Housings,2024-01-09,2024-01-29,2024-02-19,2378,2378,4.08,USD,1545.70,11800,3176.02,570.76,No,No,EXW
PO-2024-1052,Ostrava Metalworks,DHL Global Forwarding,Air,Express,Czechia,Memphis,USA,USB-C connector module,Electronics,2024-01-09,2024-01-30,2024-01-30,627,627,2.03,USD,6.27,7400,268.86,26.93,No,No,DDP
PO-2024-1053,Hanoi Components Co,UPS Supply Chain,Parcel,Express,Vietnam,Memphis,USA,Lithium cell pack 5000mAh,Power,2024-01-10,2024-01-25,2024-02-03,2600,2600,17.89,USD,1092.00,13200,2361.48,1386.02,No,No,DDP
PO-2024-1054,Shenzhen Precision Works,DHL Global Forwarding,Air,Express,China,Rotterdam,Netherlands,PCB assembly rev-C,Electronics,2024-01-10,2024-02-03,2024-02-04,3034,3034,43.48,USD,242.72,11800,1041.95,5315.73,No,No,EXW
PO-2024-1055,Hanoi Components Co,Maersk Line,Ocean,Standard,Vietnam,Fort Worth,USA,Cooling fan 40mm,Thermal,2024-01-10,2024-01-21,2024-02-01,1096,1096,3.84,USD,43.84,13200,100.36,219.59,No,No,EXW
PO-2024-1056,Hanoi Components Co,DHL Global Forwarding,Air,Express,Vietnam,Columbus,USA,"Wiring harness, 12-pin",Electrical,2024-01-10,2024-01-19,2024-01-19,523,523,9.66,USD,62.76,13200,615.49,298.36,No,No,FOB
PO-2024-1057,Shenzhen Precision Works,Schenker Road,Road,Standard,China,Memphis,USA,"Wiring harness, 12-pin",Electrical,2024-01-10,2024-01-23,2024-02-15,443,443,9.63,USD,53.16,11800,174.99,246.94,Yes,Yes,DDP
PO-2024-1058,Hanoi Components Co,DHL Global Forwarding,Air,Express,Vietnam,Fort Worth,USA,Lithium cell pack 5000mAh,Power,2024-01-10,2024-02-04,2024-02-02,640,640,19.52,USD,268.80,13200,1158.41,645.49,No,No,EXW
PO-2024-1059,Taipei Micro Systems,UPS Supply Chain,Parcel,Express,Taiwan,Memphis,USA,Lithium cell pack 5000mAh,Power,2024-01-10,2024-02-07,2024-02-07,2042,2042,18.81,USD,857.64,12100,1896.61,892.04,No,No,EXW
PO-2024-1060,Ostrava Metalworks,Maersk Line,Ocean,Standard,Czechia,Fort Worth,USA,"Aluminium enclosure, matte",Housings,2024-01-11,2024-01-21,2024-01-21,4724,4724,6.70,USD,1464.44,7400,729.40,1764.09,No,No,FOB
PO-2024-1061,Chennai Industrial Ltd,UPS Supply Chain,Parcel,Express,India,Fort Worth,USA,"Wiring harness, 12-pin",Electrical,2024-01-11,2024-02-03,2024-02-22,1574,1574,9.93,USD,188.88,13500,679.91,757.96,No,No,DDP
PO-2024-1062,Shenzhen Precision Works,DHL Global Forwarding,Air,Express,China,Memphis,USA,Lithium cell pack 5000mAh,Power,2024-01-11,2024-01-21,2024-02-13,2969,2969,19.97,USD,1246.98,11800,3688.17,2798.74,No,No,FOB
PO-2024-1063,Ostrava Metalworks,Schenker Road,Road,Standard,Czechia,Rotterdam,Netherlands,Lithium cell pack 5000mAh,Power,2024-01-11,2024-01-24,2024-01-23,4322,4322,17.37,USD,1815.24,7400,1624.35,2409.24,No,No,DDP
PO-2024-1064,Chennai Industrial Ltd,DHL Global Forwarding,Air,Express,India,Reno,USA,Lithium cell pack 5000mAh,Power,2024-01-11,2024-02-04,2024-02-04,498,498,17.29,USD,209.16,13500,1011.49,340.24,No,No,EXW
PO-2024-1065,Hanoi Components Co,UPS Supply Chain,Parcel,Express,Vietnam,Fort Worth,USA,Steel bracket set,Housings,2024-01-11,2024-02-14,2024-02-14,1421,1421,3.99,USD,923.65,13200,2046.67,323.90,No,No,FOB
PO-2024-1066,Hanoi Components Co,UPS Supply Chain,Parcel,Express,Vietnam,Columbus,USA,"Wiring harness, 12-pin",Electrical,2024-01-12,2024-01-27,2024-01-27,2709,2709,9.56,USD,325.08,13200,927.34,1651.64,No,No,CIF
PO-2024-1067,Taipei Micro Systems,Maersk Line,Ocean,Standard,Taiwan,Rotterdam,Netherlands,Steel bracket set,Housings,2024-01-12,2024-02-14,2024-02-22,2897,2897,4.01,USD,1883.05,12100,953.53,384.55,No,No,EXW
PO-2024-1068,Hanoi Components Co,Maersk Line,Ocean,Standard,Vietnam,Columbus,USA,Display panel 7in IPS,Electronics,2024-01-12,2024-01-22,2024-01-20,1758,1631,54.61,USD,334.02,13200,236.01,4763.31,Yes,Yes,DDP
PO-2024-1069,Shenzhen Precision Works,Maersk Line,Ocean,Standard,China,Rotterdam,Netherlands,Lithium cell pack 5000mAh,Power,2024-01-12,2024-01-23,2024-02-14,2300,2300,17.59,USD,966.00,11800,523.00,2155.71,No,No,FOB
PO-2024-1070,Guadalajara Assembly,UPS Supply Chain,Parcel,Express,Mexico,Memphis,USA,USB-C connector module,Electronics,2024-01-12,2024-02-05,2024-02-05,3406,3406,2.17,USD,34.06,2100,114.51,177.38,No,No,CIF
PO-2024-1071,Taipei Micro Systems,UPS Supply Chain,Parcel,Express,Taiwan,Rotterdam,Netherlands,PCB assembly rev-C,Electronics,2024-01-12,2024-01-21,2024-02-04,1451,1451,45.50,USD,116.08,12100,509.89,2011.48,No,No,FOB
PO-2024-1072,Chennai Industrial Ltd,Maersk Line,Ocean,Standard,India,Rotterdam,Netherlands,Lithium cell pack 5000mAh,Power,2024-01-12,2024-02-04,2024-02-03,3456,3456,18.16,USD,1451.52,13500,760.26,2625.33,No,No,DDP
PO-2024-1073,Shenzhen Precision Works,DHL Global Forwarding,Air,Express,China,Fort Worth,USA,Cooling fan 40mm,Thermal,2024-01-13,2024-02-10,2024-02-10,3817,3817,3.99,USD,152.68,11800,804.69,587.21,No,No,EXW
PO-2024-1074,Shenzhen Precision Works,DHL Global Forwarding,Air,Express,China,Memphis,USA,Cooling fan 40mm,Thermal,2024-01-13,2024-01-24,2024-01-24,3272,3272,3.96,USD,130.88,11800,747.25,440.08,No,No,CIF
PO-2024-1075,Guadalajara Assembly,UPS Supply Chain,Parcel,Express,Mexico,Fort Worth,USA,"Aluminium enclosure, matte",Housings,2024-01-13,2024-02-01,2024-02-01,796,796,6.11,USD,246.76,2100,512.26,170.07,No,No,EXW
PO-2024-1076,Chennai Industrial Ltd,UPS Supply Chain,Parcel,Express,India,Reno,USA,"Wiring harness, 12-pin",Electrical,2024-01-13,2024-01-26,2024-01-25,2908,2908,9.68,USD,348.96,13500,979.26,1509.51,No,No,EXW
PO-2024-1077,Shenzhen Precision Works,DHL Global Forwarding,Air,Express,China,Memphis,USA,PCB assembly rev-C,Electronics,2024-01-13,2024-02-01,2024-02-20,1913,1913,44.34,USD,153.04,11800,805.64,4089.35,No,No,CIF
PO-2024-1078,Shenzhen Precision Works,Maersk Line,Ocean,Standard,China,Rotterdam,Netherlands,"Wiring harness, 12-pin",Electrical,2024-01-13,2024-02-02,2024-03-02,336,336,9.55,USD,40.32,11800,90.24,164.69,No,No,FOB
PO-2024-1079,Shenzhen Precision Works,DHL Global Forwarding,Air,Express,China,Reno,USA,Lithium cell pack 5000mAh,Power,2024-01-13,2024-02-13,2024-02-25,2429,2429,18.98,USD,1020.18,11800,3090.55,1585.93,No,No,DDP
PO-2024-1080,Chennai Industrial Ltd,Maersk Line,Ocean,Standard,India,Columbus,USA,"Aluminium enclosure, matte",Housings,2024-01-14,2024-01-25,2024-02-17,2765,2765,5.86,USD,857.15,13500,482.39,643.90,No,No,EXW
PO-2024-1081,Shenzhen Precision Works,UPS Supply Chain,Parcel,Express,China,Reno,USA,"Aluminium enclosure, matte",Housings,2024-01-14,2024-02-11,2024-02-11,2792,2792,6.45,USD,865.52,11800,1904.08,380.20,No,No,FOB
PO-2024-1082,Shenzhen Precision Works,UPS Supply Chain,Parcel,Express,China,Columbus,USA,Lithium cell pack 5000mAh,Power,2024-01-14,2024-01-26,2024-01-26,692,692,17.30,USD,290.64,11800,829.06,607.35,No,No,FOB
PO-2024-1083,Guadalajara Assembly,Maersk Line,Ocean,Standard,Mexico,Columbus,USA,"Aluminium enclosure, matte",Housings,2024-01-14,2024-02-10,2024-02-13,4235,4235,5.91,USD,1312.85,2100,626.46,1072.42,No,No,FOB
PO-2024-1084,Shenzhen Precision Works,DHL Global Forwarding,Air,Express,China,Memphis,USA,Cooling fan 40mm,Thermal,2024-01-14,2024-02-01,2024-02-11,3123,3123,3.50,USD,124.92,11800,731.54,258.97,No,No,EXW
PO-2024-1085,Chennai Industrial Ltd,DHL Global Forwarding,Air,Express,India,Reno,USA,Steel bracket set,Housings,2024-01-14,2024-02-13,2024-02-29,3870,3870,4.02,USD,2515.50,13500,7088.69,780.31,No,No,FOB
PO-2024-1086,Ostrava Metalworks,Maersk Line,Ocean,Standard,Czechia,Memphis,USA,"Wiring harness, 12-pin",Electrical,2024-01-15,2024-02-07,2024-02-05,4692,4692,10.81,USD,563.04,7400,307.99,2389.46,No,No,DDP
PO-2024-1087,Shenzhen Precision Works,Maersk Line,Ocean,Standard,China,Fort Worth,USA,Steel bracket set,Housings,2024-01-15,2024-02-14,2024-02-12,1064,1064,4.53,USD,691.60,11800,394.71,195.83,No,No,CIF
PO-2024-1088,Taipei Micro Systems,Maersk Line,Ocean,Standard,Taiwan,Rotterdam,Netherlands,USB-C connector module,Electronics,2024-01-15,2024-02-03,2024-02-03,1613,1613,2.21,USD,16.13,12100,80.75,130.96,No,No,FOB
PO-2024-1089,Shenzhen Precision Works,Maersk Line,Ocean,Standard,China,Reno,USA,Display panel 7in IPS,Electronics,2024-01-15,2024-02-05,2024-02-05,1243,1243,59.26,USD,236.17,11800,181.80,4003.43,No,No,CIF
PO-2024-1090,Guadalajara Assembly,UPS Supply Chain,Parcel,Express,Mexico,Columbus,USA,"Aluminium enclosure, matte",Housings,2024-01-15,2024-02-13,2024-02-13,440,440,6.56,USD,136.40,2100,305.89,106.92,No,No,FOB
PO-2024-1091,Guadalajara Assembly,Schenker Road,Road,Standard,Mexico,Fort Worth,USA,Display panel 7in IPS,Electronics,2024-01-15,2024-02-01,2024-02-07,1951,1951,51.86,USD,370.69,2100,338.19,2963.16,No,No,EXW
PO-2024-1092,Chennai Industrial Ltd,Schenker Road,Road,Standard,India,Fort Worth,USA,"Aluminium enclosure, matte",Housings,2024-01-15,2024-02-13,2024-02-13,4636,4636,5.86,USD,1437.16,13500,1370.09,1662.88,No,No,EXW
PO-2024-1093,Taipei Micro Systems,Maersk Line,Ocean,Standard,Taiwan,Columbus,USA,PCB assembly rev-C,Electronics,2024-01-16,2024-01-28,2024-01-28,2388,2388,40.00,USD,191.04,12100,162.52,5627.92,No,No,DDP
PO-2024-1094,Hanoi Components Co,UPS Supply Chain,Parcel,Express,Vietnam,Reno,USA,Lithium cell pack 5000mAh,Power,2024-01-16,2024-01-29,2024-02-05,1929,1849,20.31,USD,810.18,13200,1834.48,1658.24,No,No,EXW
PO-2024-1095,Shenzhen Precision Works,UPS Supply Chain,Parcel,Express,China,Fort Worth,USA,PCB assembly rev-C,Electronics,2024-01-16,2024-01-31,2024-01-31,214,214,45.71,USD,17.12,11800,317.57,565.67,Yes,No,DDP
PO-2024-1096,Taipei Micro Systems,Schenker Road,Road,Standard,Taiwan,Columbus,USA,Display panel 7in IPS,Electronics,2024-01-16,2024-01-25,2024-01-25,4190,4190,57.72,USD,796.10,12100,809.78,10694.31,No,No,FOB
PO-2024-1097,Hanoi Components Co,UPS Supply Chain,Parcel,Express,Vietnam,Rotterdam,Netherlands,Display panel 7in IPS,Electronics,2024-01-16,2024-01-28,2024-01-26,1531,1531,50.84,USD,290.89,13200,863.40,4962.05,No,No,CIF
PO-2024-1098,Guadalajara Assembly,Maersk Line,Ocean,Standard,Mexico,Reno,USA,PCB assembly rev-C,Electronics,2024-01-16,2024-02-12,2024-02-14,4387,4387,40.41,USD,350.96,2100,176.78,10868.32,Yes,Yes,CIF
PO-2024-1099,Shenzhen Precision Works,DHL Global Forwarding,Air,Express,China,Memphis,USA,Steel bracket set,Housings,2024-01-17,2024-02-06,2024-03-04,1371,1371,4.11,USD,891.15,11800,2750.56,150.56,No,No,FOB
PO-2024-1100,Chennai Industrial Ltd,UPS Supply Chain,Parcel,Express,India,Rotterdam,Netherlands,Cooling fan 40mm,Thermal,2024-01-17,2024-02-09,2024-02-28,3101,3101,3.37,USD,124.04,13500,558.65,636.72,No,No,FOB
PO-2024-1101,Shenzhen Precision Works,Schenker Road,Road,Standard,China,Memphis,USA,Lithium cell pack 5000mAh,Power,2024-01-17,2024-02-18,2024-02-24,1727,1727,19.15,USD,725.34,11800,746.34,2030.19,No,No,FOB
PO-2024-1102,Guadalajara Assembly,Maersk Line,Ocean,Standard,Mexico,Memphis,USA,Cooling fan 40mm,Thermal,2024-01-17,2024-02-11,2024-02-11,2337,2337,3.61,USD,93.48,2100,56.41,393.47,No,No,FOB
PO-2024-1103,Taipei Micro Systems,DHL Global Forwarding,Air,Express,Taiwan,Reno,USA,"Wiring harness, 12-pin",Electrical,2024-01-17,2024-02-13,2024-02-12,627,627,9.37,USD,75.24,12100,610.87,289.75,No,No,CIF
PO-2024-1104,Shenzhen Precision Works,DHL Global Forwarding,Air,Express,China,Columbus,USA,Lithium cell pack 5000mAh,Power,2024-01-17,2024-02-20,2024-02-20,2807,2807,19.49,USD,1178.94,11800,3508.89,1535.10,No,No,FOB
PO-2024-1105,Hanoi Components Co,Schenker Road,Road,Standard,Vietnam,Columbus,USA,USB-C connector module,Electronics,2024-01-17,2024-01-29,2024-01-27,3945,3945,2.27,USD,39.45,13200,178.73,409.31,No,No,FOB
PO-2024-1106,Taipei Micro Systems,UPS Supply Chain,Parcel,Express,Taiwan,Reno,USA,PCB assembly rev-C,Electronics,2024-01-18,2024-02-21,2024-02-21,3537,3537,43.24,USD,282.96,12100,821.96,7111.55,No,No,FOB
PO-2024-1107,Shenzhen Precision Works,UPS Supply Chain,Parcel,Express,China,Rotterdam,Netherlands,"Aluminium enclosure, matte",Housings,2024-01-18,2024-02-06,2024-02-16,234,234,6.55,USD,72.54,11800,421.21,35.97,No,No,FOB
PO-2024-1108,Guadalajara Assembly,UPS Supply Chain,Parcel,Express,Mexico,Reno,USA,Steel bracket set,Housings,2024-01-18,2024-02-09,2024-02-09,782,782,4.59,USD,508.30,2100,1001.34,102.56,No,No,FOB
PO-2024-1109,Shenzhen Precision Works,UPS Supply Chain,Parcel,Express,China,Rotterdam,Netherlands,Steel bracket set,Housings,2024-01-18,2024-01-28,2024-01-28,63,63,4.18,USD,40.95,11800,362.14,6.04,No,No,EXW
PO-2024-1110,Chennai Industrial Ltd,DHL Global Forwarding,Air,Express,India,Rotterdam,Netherlands,Cooling fan 40mm,Thermal,2024-01-18,2024-02-12,2024-02-21,998,998,3.86,USD,39.92,13500,565.54,94.17,No,No,CIF
PO-2024-1111,Shenzhen Precision Works,DHL Global Forwarding,Air,Express,China,Fort Worth,USA,PCB assembly rev-C,Electronics,2024-01-18,2024-02-19,2024-02-19,4270,4270,43.28,USD,341.60,11800,1302.50,3770.67,No,No,DDP
PO-2024-1112,Guadalajara Assembly,DHL Global Forwarding,Air,Express,Mexico,Memphis,USA,"Wiring harness, 12-pin",Electrical,2024-01-18,2024-02-19,2024-02-18,3993,3993,10.57,USD,479.16,2100,1334.20,2622.31,No,No,FOB
PO-2024-1113,Shenzhen Precision Works,Maersk Line,Ocean,Standard,China,Rotterdam,Netherlands,USB-C connector module,Electronics,2024-01-19,2024-02-07,2024-02-20,2993,2701,2.30,USD,29.93,11800,85.38,332.33,No,No,FOB
PO-2024-1114,Shenzhen Precision Works,Maersk Line,Ocean,Standard,China,Memphis,USA,"Aluminium enclosure, matte",Housings,2024-01-19,2024-02-08,2024-02-21,3990,3990,6.51,USD,1236.90,11800,649.64,1490.52,No,No,CIF
PO-2024-1115,Shenzhen Precision Works,DHL Global Forwarding,Air,Express,China,Memphis,USA,"Wiring harness, 12-pin",Electrical,2024-01-19,2024-02-14,2024-03-08,647,647,10.75,USD,77.64,11800,606.96,186.60,No,No,FOB
PO-2024-1116,Shenzhen Precision Works,Schenker Road,Road,Standard,China,Memphis,USA,Display panel 7in IPS,Electronics,2024-01-19,2024-02-04,2024-02-04,452,452,53.87,USD,85.88,11800,202.80,1266.82,No,No,EXW
PO-2024-1117,Chennai Industrial Ltd,UPS Supply Chain,Parcel,Express,India,Fort Worth,USA,USB-C connector module,Electronics,2024-01-19,2024-02-14,2024-02-13,1214,1214,2.00,USD,12.14,13500,349.40,117.03,No,No,EXW
PO-2024-1118,Hanoi Components Co,Maersk Line,Ocean,Standard,Vietnam,Rotterdam,Netherlands,Cooling fan 40mm,Thermal,2024-01-19,2024-02-10,2024-02-19,3335,3335,3.94,USD,133.40,13200,142.22,701.74,No,No,EXW
PO-2024-1119,Shenzhen Precision Works,Maersk Line,Ocean,Standard,China,Memphis,USA,Cooling fan 40mm,Thermal,2024-01-20,2024-01-30,2024-02-27,2856,2856,3.72,USD,114.24,11800,124.80,510.44,No,No,CIF
PO-2024-1120,Hanoi Components Co,UPS Supply Chain,Parcel,Express,Vietnam,Rotterdam,Netherlands,"Aluminium enclosure, matte",Housings,2024-01-20,2024-02-06,2024-02-06,4435,4435,6.67,USD,1374.85,13200,2890.41,1306.89,No,No,CIF
PO-2024-1121,Taipei Micro Systems,Maersk Line,Ocean,Standard,Taiwan,Fort Worth,USA,Steel bracket set,Housings,2024-01-20,2024-01-31,2024-01-31,3763,3763,4.68,USD,2445.95,12100,1216.69,591.07,No,No,FOB
PO-2024-1122,Ostrava Metalworks,Schenker Road,Road,Standard,Czechia,Fort Worth,USA,"Wiring harness, 12-pin",Electrical,2024-01-20,2024-02-19,2024-02-19,3791,3791,9.41,USD,454.92,7400,468.08,1586.33,No,No,CIF
PO-2024-1123,Shenzhen Precision Works,Schenker Road,Road,Standard,China,Columbus,USA,USB-C connector module,Electronics,2024-01-20,2024-02-20,2024-02-20,3839,3839,2.01,USD,38.39,11800,162.43,286.19,No,No,CIF
PO-2024-1124,Chennai Industrial Ltd,Schenker Road,Road,Standard,India,Fort Worth,USA,Cooling fan 40mm,Thermal,2024-01-20,2024-02-12,2024-02-11,109,109,3.70,USD,4.36,13500,152.21,15.37,No,No,DDP
PO-2024-1125,Taipei Micro Systems,UPS Supply Chain,Parcel,Express,Taiwan,Rotterdam,Netherlands,"Aluminium enclosure, matte",Housings,2024-01-20,2024-02-05,2024-02-05,3967,3967,6.71,USD,1229.77,12100,2592.49,1725.46,No,No,CIF
PO-2024-1126,Guadalajara Assembly,DHL Global Forwarding,Air,Express,Mexico,Rotterdam,Netherlands,"Aluminium enclosure, matte",Housings,2024-01-21,2024-02-20,2024-02-18,3641,3641,6.14,USD,1128.71,2100,3045.76,515.58,No,No,DDP
PO-2024-1127,Shenzhen Precision Works,Maersk Line,Ocean,Standard,China,Memphis,USA,"Wiring harness, 12-pin",Electrical,2024-01-21,2024-02-14,2024-02-29,1713,1713,9.67,USD,205.56,11800,167.49,584.58,No,No,CIF
PO-2024-1128,Shenzhen Precision Works,DHL Global Forwarding,Air,Express,China,Rotterdam,Netherlands,Display panel 7in IPS,Electronics,2024-01-21,2024-02-17,2024-02-29,958,958,53.63,USD,182.02,11800,882.00,2417.02,No,No,DDP
PO-2024-1129,Hanoi Components Co,DHL Global Forwarding,Air,Express,Vietnam,Rotterdam,Netherlands,Lithium cell pack 5000mAh,Power,2024-01-21,2024-02-10,2024-02-10,471,471,16.94,USD,197.82,13200,971.38,178.41,No,No,CIF
PO-2024-1130,Hanoi Components Co,UPS Supply Chain,Parcel,Express,Vietnam,Fort Worth,USA,USB-C connector module,Electronics,2024-01-21,2024-02-18,2024-02-16,1430,1430,2.08,USD,14.30,13200,346.18,183.24,No,No,DDP
PO-2024-1131,Hanoi Components Co,Maersk Line,Ocean,Standard,Vietnam,Memphis,USA,PCB assembly rev-C,Electronics,2024-01-21,2024-02-06,2024-02-12,242,242,42.81,USD,19.36,13200,88.91,379.66,No,No,EXW
PO-2024-1132,Chennai Industrial Ltd,Maersk Line,Ocean,Standard,India,Memphis,USA,Cooling fan 40mm,Thermal,2024-01-22,2024-02-07,2024-02-07,1233,1233,3.46,USD,49.32,13500,104.73,165.63,No,No,EXW
PO-2024-1133,Guadalajara Assembly,DHL Global Forwarding,Air,Express,Mexico,Columbus,USA,Cooling fan 40mm,Thermal,2024-01-22,2024-02-07,2024-02-07,1405,1405,3.65,USD,56.20,2100,219.70,209.85,No,No,CIF
PO-2024-1134,Ostrava Metalworks,Schenker Road,Road,Standard,Czechia,Rotterdam,Netherlands,USB-C connector module,Electronics,2024-01-22,2024-02-02,2024-02-03,3187,3187,2.07,USD,31.87,7400,108.49,207.66,No,No,DDP
PO-2024-1135,Ostrava Metalworks,Schenker Road,Road,Standard,Czechia,Fort Worth,USA,Cooling fan 40mm,Thermal,2024-01-22,2024-02-20,2024-02-18,3830,3830,3.92,USD,153.20,7400,211.62,619.91,No,No,CIF
PO-2024-1136,Chennai Industrial Ltd,Schenker Road,Road,Standard,India,Memphis,USA,USB-C connector module,Electronics,2024-01-22,2024-02-20,2024-02-20,4629,4629,2.14,USD,46.29,13500,187.85,593.28,No,No,EXW
PO-2024-1137,Shenzhen Precision Works,DHL Global Forwarding,Air,Express,China,Reno,USA,USB-C connector module,Electronics,2024-01-22,2024-02-01,2024-01-30,1260,1260,2.12,USD,12.60,11800,435.58,106.76,No,No,DDP
PO-2024-1138,Hanoi Components Co,UPS Supply Chain,Parcel,Express,Vietnam,Columbus,USA,Display panel 7in IPS,Electronics,2024-01-22,2024-02-10,2024-02-10,1261,1261,50.05,USD,239.59,13200,767.47,2592.25,No,No,DDP
PO-2024-1139,Hanoi Components Co,Maersk Line,Ocean,Standard,Vietnam,Memphis,USA,USB-C connector module,Electronics,2024-01-23,2024-02-07,2024-02-12,1715,1715,2.34,USD,17.15,13200,87.88,144.42,No,No,CIF
PO-2024-1140,Hanoi Components Co,DHL Global Forwarding,Air,Express,Vietnam,Columbus,USA,PCB assembly rev-C,Electronics,2024-01-23,2024-02-03,2024-02-02,2877,2877,43.68,USD,230.16,13200,1056.59,4775.57,No,No,CIF
PO-2024-1141,Chennai Industrial Ltd,UPS Supply Chain,Parcel,Express,India,Columbus,USA,"Wiring harness, 12-pin",Electrical,2024-01-23,2024-02-10,2024-02-29,2622,2622,10.48,USD,314.64,13500,915.08,1034.22,No,No,CIF
PO-2024-1142,Guadalajara Assembly,UPS Supply Chain,Parcel,Express,Mexico,Memphis,USA,PCB assembly rev-C,Electronics,2024-01-23,2024-02-17,2024-02-16,1050,1050,40.01,USD,84.00,2100,207.90,853.34,No,No,EXW
PO-2024-1143,Hanoi Components Co,Schenker Road,Road,Standard,Vietnam,Memphis,USA,USB-C connector module,Electronics,2024-01-23,2024-02-06,2024-02-06,682,682,2.25,USD,6.82,13200,151.00,45.85,No,No,CIF
PO-2024-1144,Shenzhen Precision Works,UPS Supply Chain,Parcel,Express,China,Columbus,USA,PCB assembly rev-C,Electronics,2024-01-23,2024-02-24,2024-03-05,1514,1514,45.92,USD,121.12,11800,512.05,4396.92,No,No,FOB
PO-2024-1145,Shenzhen Precision Works,UPS Supply Chain,Parcel,Express,China,Reno,USA,Lithium cell pack 5000mAh,Power,2024-01-23,2024-02-25,2024-03-10,1698,1698,19.89,USD,713.16,11800,1619.17,698.08,No,No,DDP
PO-2024-1146,Shenzhen Precision Works,Maersk Line,Ocean,Standard,China,Rotterdam,Netherlands,USB-C connector module,Electronics,2024-01-24,2024-02-23,2024-03-10,1770,1770,2.21,USD,17.70,11800,79.66,202.42,No,No,EXW
PO-2024-1147,Hanoi Components Co,UPS Supply Chain,Parcel,Express,Vietnam,Rotterdam,Netherlands,Steel bracket set,Housings,2024-01-24,2024-02-15,2024-02-15,4175,4175,3.98,USD,2713.75,13200,5394.15,845.05,No,No,DDP
PO-2024-1148,Taipei Micro Systems,DHL Global Forwarding,Air,Express,Taiwan,Columbus,USA,USB-C connector module,Electronics,2024-01-24,2024-02-08,2024-02-06,2905,2905,2.00,USD,29.05,12100,489.16,146.03,No,No,DDP
PO-2024-1149,Guadalajara Assembly,DHL Global Forwarding,Air,Express,Mexico,Columbus,USA,Display panel 7in IPS,Electronics,2024-01-24,2024-02-13,2024-02-11,1458,1458,50.85,USD,277.02,2100,801.56,3795.47,No,No,FOB
PO-2024-1150,Chennai Industrial Ltd,Maersk Line,Ocean,Standard,India,Memphis,USA,"Wiring harness, 12-pin",Electrical,2024-01-24,2024-02-19,2024-03-17,2225,2225,9.09,USD,267.00,13500,206.50,1045.18,No,No,DDP
PO-2024-1151,Ostrava Metalworks,Schenker Road,Road,Standard,Czechia,Memphis,USA,PCB assembly rev-C,Electronics,2024-01-24,2024-02-08,2024-02-08,1379,1379,41.88,USD,110.32,7400,175.17,1910.71,No,No,FOB
PO-2024-1152,Shenzhen Precision Works,DHL Global Forwarding,Air,Express,China,Fort Worth,USA,Steel bracket set,Housings,2024-01-25,2024-02-12,2024-02-12,3834,3834,4.40,USD,2492.10,11800,6969.06,1062.32,No,No,FOB
PO-2024-1153,Shenzhen Precision Works,UPS Supply Chain,Parcel,Express,China,Fort Worth,USA,Steel bracket set,Housings,2024-01-25,2024-02-22,2024-02-22,1444,1444,4.67,USD,938.60,11800,2040.74,187.95,No,No,FOB
PO-2024-1154,Shenzhen Precision Works,DHL Global Forwarding,Air,Express,China,Reno,USA,USB-C connector module,Electronics,2024-01-25,2024-02-05,2024-02-18,4536,4536,2.29,USD,45.36,11800,521.90,211.45,No,No,DDP
PO-2024-1155,Shenzhen Precision Works,Schenker Road,Road,Standard,China,Columbus,USA,PCB assembly rev-C,Electronics,2024-01-25,2024-02-18,2024-02-23,329,329,43.12,USD,26.32,11800,152.17,333.09,No,No,CIF
PO-2024-1156,Shenzhen Precision Works,UPS Supply Chain,Parcel,Express,China,Columbus,USA,Display panel 7in IPS,Electronics,2024-01-25,2024-02-28,2024-02-28,2871,2566,50.61,USD,545.49,11800,1305.63,7360.65,No,No,DDP
PO-2024-1157,Guadalajara Assembly,UPS Supply Chain,Parcel,Express,Mexico,Columbus,USA,"Aluminium enclosure, matte",Housings,2024-01-25,2024-02-11,2024-02-11,2228,2228,6.51,USD,690.68,2100,1342.39,751.75,No,No,EXW
PO-2024-1158,Shenzhen Precision Works,DHL Global Forwarding,Air,Express,China,Memphis,USA,USB-C connector module,Electronics,2024-01-25,2024-02-19,2024-02-19,2571,2571,2.36,USD,25.71,11800,470.13,159.37,No,No,DDP
PO-2024-1159,Shenzhen Precision Works,DHL Global Forwarding,Air,Express,China,Rotterdam,Netherlands,PCB assembly rev-C,Electronics,2024-01-26,2024-02-11,2024-02-11,1851,1851,45.49,USD,148.08,11800,792.57,4439.84,No,No,CIF
PO-2024-1160,Hanoi Components Co,Schenker Road,Road,Standard,Vietnam,Fort Worth,USA,"Wiring harness, 12-pin",Electrical,2024-01-26,2024-02-16,2024-02-23,1798,1798,9.54,USD,215.76,13200,328.60,894.19,No,No,EXW
PO-2024-1161,Shenzhen Precision Works,Maersk Line,Ocean,Standard,China,Reno,USA,Cooling fan 40mm,Thermal,2024-01-26,2024-02-22,2024-03-14,2684,2684,3.79,USD,107.36,11800,121.58,351.21,No,No,DDP
PO-2024-1162,Hanoi Components Co,DHL Global Forwarding,Air,Express,Vietnam,Memphis,USA,Display panel 7in IPS,Electronics,2024-01-26,2024-02-08,2024-02-08,1935,1935,55.45,USD,367.65,13200,1418.88,6186.18,No,No,EXW
PO-2024-1163,Guadalajara Assembly,DHL Global Forwarding,Air,Express,Mexico,Reno,USA,PCB assembly rev-C,Electronics,2024-01-26,2024-02-19,2024-02-19,2700,2700,41.29,USD,216.00,2100,640.77,6537.43,No,No,CIF
PO-2024-1164,Hanoi Components Co,UPS Supply Chain,Parcel,Express,Vietnam,Memphis,USA,Steel bracket set,Housings,2024-01-26,2024-02-05,2024-02-05,2049,2049,4.38,USD,1331.85,13200,2810.00,564.18,No,No,DDP
PO-2024-1165,Hanoi Components Co,DHL Global Forwarding,Air,Express,Vietnam,Columbus,USA,"Aluminium enclosure, matte",Housings,2024-01-27,2024-02-22,2024-03-14,878,878,6.85,USD,272.18,13200,1167.31,214.50,No,No,FOB
PO-2024-1166,Chennai Industrial Ltd,Maersk Line,Ocean,Standard,India,Fort Worth,USA,Display panel 7in IPS,Electronics,2024-01-27,2024-02-08,2024-02-08,2308,2308,52.49,USD,438.52,13500,286.68,4169.13,Yes,No,FOB
PO-2024-1167,Hanoi Components Co,Maersk Line,Ocean,Standard,Vietnam,Memphis,USA,PCB assembly rev-C,Electronics,2024-01-27,2024-02-20,2024-03-04,4460,4460,42.90,USD,356.80,13200,246.66,10210.97,No,No,EXW
PO-2024-1168,Taipei Micro Systems,Maersk Line,Ocean,Standard,Taiwan,Rotterdam,Netherlands,USB-C connector module,Electronics,2024-01-27,2024-02-24,2024-02-23,257,257,2.23,USD,2.57,12100,74.41,12.27,No,No,CIF
PO-2024-1169,Shenzhen Precision Works,DHL Global Forwarding,Air,Express,China,Memphis,USA,PCB assembly rev-C,Electronics,2024-01-27,2024-02-28,2024-03-15,3302,3302,46.04,USD,264.16,11800,1098.44,3637.22,No,No,EXW
PO-2024-1170,Hanoi Components Co,DHL Global Forwarding,Air,Express,Vietnam,Fort Worth,USA,PCB assembly rev-C,Electronics,2024-01-27,2024-02-09,2024-02-09,1930,1930,40.82,USD,154.40,13200,856.96,2052.82,No,No,FOB
PO-2024-1171,Shenzhen Precision Works,Schenker Road,Road,Standard,China,Rotterdam,Netherlands,Steel bracket set,Housings,2024-01-27,2024-02-20,2024-02-20,1702,1702,4.20,USD,1106.30,11800,1070.15,320.03,No,No,FOB
PO-2024-1172,Taipei Micro Systems,Maersk Line,Ocean,Standard,Taiwan,Memphis,USA,Steel bracket set,Housings,2024-01-28,2024-02-15,2024-02-15,1643,1643,4.54,USD,1067.95,12100,572.47,315.00,No,No,FOB
PO-2024-1173,Hanoi Components Co,Maersk Line,Ocean,Standard,Vietnam,Fort Worth,USA,Steel bracket set,Housings,2024-01-28,2024-02-26,2024-03-06,1050,1050,4.06,USD,682.50,13200,398.93,259.06,No,No,CIF
PO-2024-1174,Shenzhen Precision Works,DHL Global Forwarding,Air,Express,China,Reno,USA,Display panel 7in IPS,Electronics,2024-01-28,2024-02-16,2024-02-14,492,492,56.03,USD,93.48,11800,648.70,763.51,No,No,EXW
PO-2024-1175,Shenzhen Precision Works,DHL Global Forwarding,Air,Express,China,Rotterdam,Netherlands,PCB assembly rev-C,Electronics,2024-01-28,2024-03-02,2024-03-19,723,723,41.22,USD,57.84,11800,554.79,1812.90,No,No,CIF
PO-2024-1176,Shenzhen Precision Works,DHL Global Forwarding,Air,Express,China,Columbus,USA,Steel bracket set,Housings,2024-01-28,2024-02-06,2024-02-19,1308,1171,4.17,USD,850.20,11800,2642.66,173.64,Yes,No,DDP
PO-2024-1177,Hanoi Components Co,Maersk Line,Ocean,Standard,Vietnam,Fort Worth,USA,Steel bracket set,Housings,2024-01-28,2024-02-23,2024-02-22,2125,2125,4.23,USD,1381.25,13200,725.59,369.67,No,No,DDP
PO-2024-1178,Hanoi Components Co,Schenker Road,Road,Standard,Vietnam,Fort Worth,USA,Lithium cell pack 5000mAh,Power,2024-01-28,2024-02-29,2024-02-29,4283,4283,20.38,USD,1798.86,13200,1674.23,4260.00,No,No,EXW
PO-2024-1179,Hanoi Components Co,UPS Supply Chain,Parcel,Express,Vietnam,Memphis,USA,USB-C connector module,Electronics,2024-01-29,2024-02-17,2024-03-04,3309,3309,2.31,USD,33.09,13200,381.32,411.81,No,No,FOB
PO-2024-1180,Guadalajara Assembly,Maersk Line,Ocean,Standard,Mexico,Rotterdam,Netherlands,"Wiring harness, 12-pin",Electrical,2024-01-29,2024-02-19,2024-02-19,3952,3952,9.17,USD,474.24,2100,234.41,1403.39,No,No,CIF
PO-2024-1181,Guadalajara Assembly,Maersk Line,Ocean,Standard,Mexico,Columbus,USA,Cooling fan 40mm,Thermal,2024-01-29,2024-02-13,2024-02-13,1977,1977,3.80,USD,79.08,2100,49.67,243.06,No,No,EXW
PO-2024-1182,Ostrava Metalworks,UPS Supply Chain,Parcel,Express,Czechia,Columbus,USA,Display panel 7in IPS,Electronics,2024-01-29,2024-02-10,2024-02-10,2347,2347,54.70,USD,445.93,7400,1012.97,2964.97,No,No,FOB
PO-2024-1183,Ostrava Metalworks,DHL Global Forwarding,Air,Express,Czechia,Fort Worth,USA,Cooling fan 40mm,Thermal,2024-01-29,2024-02-25,2024-02-25,1885,1885,3.65,USD,75.40,7400,451.02,224.18,No,No,CIF
PO-2024-1184,Taipei Micro Systems,UPS Supply Chain,Parcel,Express,Taiwan,Rotterdam,Netherlands,Display panel 7in IPS,Electronics,2024-01-29,2024-02-25,2024-03-05,4261,4261,53.13,USD,809.59,12100,1806.75,13472.52,No,No,DDP
PO-2024-1185,Hanoi Components Co,DHL Global Forwarding,Air,Express,Vietnam,Fort Worth,USA,Steel bracket set,Housings,2024-01-30,2024-02-22,2024-02-21,4790,4790,4.06,USD,3113.50,13200,8654.19,1228.41,No,No,CIF
PO-2024-1186,Shenzhen Precision Works,UPS Supply Chain,Parcel,Express,China,Columbus,USA,Display panel 7in IPS,Electronics,2024-01-30,2024-02-22,2024-02-22,1770,1770,51.82,USD,336.30,11800,914.44,5423.94,No,No,CIF
PO-2024-1187,Hanoi Components Co,Maersk Line,Ocean,Standard,Vietnam,Reno,USA,Lithium cell pack 5000mAh,Power,2024-01-30,2024-02-18,2024-02-17,4770,4770,17.61,USD,2003.40,13200,1016.45,5401.51,No,No,EXW
PO-2024-1188,Ostrava Metalworks,UPS Supply Chain,Parcel,Express,Czechia,Rotterdam,Netherlands,Steel bracket set,Housings,2024-01-30,2024-03-04,2024-03-04,1719,1719,4.22,USD,1117.35,7400,2268.52,162.23,No,No,FOB
PO-2024-1189,Shenzhen Precision Works,DHL Global Forwarding,Air,Express,China,Memphis,USA,PCB assembly rev-C,Electronics,2024-01-30,2024-02-18,2024-02-18,1818,1818,45.23,USD,145.44,11800,785.61,3654.46,No,No,EXW
PO-2024-1190,Taipei Micro Systems,Maersk Line,Ocean,Standard,Taiwan,Fort Worth,USA,Cooling fan 40mm,Thermal,2024-01-30,2024-02-20,2024-03-10,4443,4443,3.40,USD,177.72,12100,156.29,682.33,No,No,EXW
PO-2024-1191,Shenzhen Precision Works,Maersk Line,Ocean,Standard,China,Fort Worth,USA,"Aluminium enclosure, matte",Housings,2024-01-30,2024-02-09,2024-02-09,1873,1873,6.74,USD,580.63,11800,342.83,296.53,No,No,FOB
PO-2024-1192,Hanoi Components Co,Schenker Road,Road,Standard,Vietnam,Rotterdam,Netherlands,Steel bracket set,Housings,2024-01-31,2024-02-26,2024-03-09,966,966,4.15,USD,627.90,13200,678.91,151.80,No,No,DDP
PO-2024-1193,Ostrava Metalworks,UPS Supply Chain,Parcel,Express,Czechia,Fort Worth,USA,USB-C connector module,Electronics,2024-01-31,2024-02-11,2024-02-09,2822,2822,2.37,USD,28.22,7400,231.85,397.33,No,No,EXW
PO-2024-1194,Shenzhen Precision Works,Schenker Road,Road,Standard,China,Fort Worth,USA,USB-C connector module,Electronics,2024-01-31,2024-02-19,2024-02-19,1582,1582,2.18,USD,15.82,11800,143.25,103.14,No,No,CIF
PO-2024-1195,Shenzhen Precision Works,Maersk Line,Ocean,Standard,China,Reno,USA,PCB assembly rev-C,Electronics,2024-01-31,2024-03-04,2024-03-13,275,275,46.08,USD,22.00,11800,81.67,797.77,No,No,EXW
PO-2024-1196,Shenzhen Precision Works,UPS Supply Chain,Parcel,Express,China,Reno,USA,PCB assembly rev-C,Electronics,2024-01-31,2024-03-04,2024-03-27,3356,3356,45.83,USD,268.48,11800,787.62,9096.18,No,No,EXW
PO-2024-1197,Taipei Micro Systems,Maersk Line,Ocean,Standard,Taiwan,Reno,USA,"Wiring harness, 12-pin",Electrical,2024-01-31,2024-02-10,2024-02-28,783,783,10.63,USD,93.96,12100,117.13,398.89,No,No,CIF
PO-2024-1198,Hanoi Components Co,Schenker Road,Road,Standard,Vietnam,Rotterdam,Netherlands,USB-C connector module,Electronics,2024-02-01,2024-02-14,2024-02-13,2990,2990,2.24,USD,29.90,13200,170.61,298.90,No,No,CIF
PO-2024-1199,Taipei Micro Systems,Schenker Road,Road,Standard,Taiwan,Fort Worth,USA,Cooling fan 40mm,Thermal,2024-02-01,2024-02-26,2024-02-26,1624,1624,3.84,USD,64.96,12100,188.32,252.11,No,No,DDP
PO-2024-1200,Shenzhen Precision Works,Maersk Line,Ocean,Standard,China,Rotterdam,Netherlands,Lithium cell pack 5000mAh,Power,2024-02-01,2024-02-24,2024-03-05,4396,4396,20.38,USD,1846.32,11800,934.54,4731.04,No,No,EXW
PO-2024-1201,Taipei Micro Systems,Maersk Line,Ocean,Standard,Taiwan,Columbus,USA,USB-C connector module,Electronics,2024-02-01,2024-03-04,2024-03-04,3012,3012,2.07,USD,30.12,12100,87.29,363.79,No,No,FOB
PO-2024-1202,Shenzhen Precision Works,Schenker Road,Road,Standard,China,Fort Worth,USA,"Aluminium enclosure, matte",Housings,2024-02-01,2024-03-06,2024-03-16,2028,2028,6.87,USD,628.68,11800,664.18,396.30,No,No,DDP
PO-2024-1203,Hanoi Components Co,DHL Global Forwarding,Air,Express,Vietnam,Columbus,USA,Display panel 7in IPS,Electronics,2024-02-01,2024-02-28,2024-02-27,359,359,59.77,USD,68.21,13200,629.85,1092.22,No,No,CIF
PO-2024-1204,Hanoi Components Co,Maersk Line,Ocean,Standard,Vietnam,Memphis,USA,"Wiring harness, 12-pin",Electrical,2024-02-01,2024-02-14,2024-02-12,3554,3554,9.02,USD,426.48,13200,279.24,1505.55,No,No,DDP
PO-2024-1205,Chennai Industrial Ltd,DHL Global Forwarding,Air,Express,India,Columbus,USA,Steel bracket set,Housings,2024-02-02,2024-02-18,2024-02-16,430,430,4.16,USD,279.50,13500,1196.83,59.46,No,No,DDP
PO-2024-1206,Shenzhen Precision Works,Maersk Line,Ocean,Standard,China,Rotterdam,Netherlands,Cooling fan 40mm,Thermal,2024-02-02,2024-02-25,2024-02-26,3899,3899,3.48,USD,155.96,11800,144.30,789.26,No,No,EXW
PO-2024-1207,Chennai Industrial Ltd,UPS Supply Chain,Parcel,Express,India,Reno,USA,Display panel 7in IPS,Electronics,2024-02-02,2024-03-01,2024-03-22,4485,4485,58.37,USD,852.15,13500,1920.22,7419.88,Yes,No,CIF
PO-2024-1208,Hanoi Components Co,DHL Global Forwarding,Air,Express,Vietnam,Columbus,USA,"Aluminium enclosure, matte",Housings,2024-02-02,2024-03-02,2024-03-01,4290,4290,6.40,USD,1329.90,13200,3954.41,693.99,No,No,CIF
PO-2024-1209,Shenzhen Precision Works,DHL Global Forwarding,Air,Express,China,Memphis,USA,"Wiring harness, 12-pin",Electrical,2024-02-02,2024-03-03,2024-03-13,4222,4222,10.14,USD,506.64,11800,1737.38,1949.66,No,No,FOB
PO-2024-1210,Guadalajara Assembly,Maersk Line,Ocean,Standard,Mexico,Rotterdam,Netherlands,Cooling fan 40mm,Thermal,2024-02-02,2024-02-26,2024-03-01,4351,4351,3.43,USD,174.04,2100,94.07,939.39,No,No,CIF
PO-2024-1211,Taipei Micro Systems,UPS Supply Chain,Parcel,Express,Taiwan,Columbus,USA,Display panel 7in IPS,Electronics,2024-02-03,2024-03-04,2024-03-03,1612,1441,53.86,USD,306.28,12100,865.56,4743.70,No,No,DDP
PO-2024-1212,Chennai Industrial Ltd,DHL Global Forwarding,Air,Express,India,Rotterdam,Netherlands,Steel bracket set,Housings,2024-02-03,2024-02-25,2024-03-22,2260,2260,4.52,USD,1469.00,13500,4331.16,544.73,No,No,CIF
PO-2024-1213,Shenzhen Precision Works,UPS Supply Chain,Parcel,Express,China,Columbus,USA,"Wiring harness, 12-pin",Electrical,2024-02-03,2024-03-04,2024-03-16,393,393,9.25,USD,47.16,11800,373.75,176.12,No,No,DDP
PO-2024-1214,Guadalajara Assembly,Schenker Road,Road,Standard,Mexico,Rotterdam,Netherlands,Steel bracket set,Housings,2024-02-03,2024-02-28,2024-02-28,1324,1324,4.17,USD,860.60,2100,754.61,111.83,Yes,No,CIF
PO-2024-1215,Guadalajara Assembly,UPS Supply Chain,Parcel,Express,Mexico,Rotterdam,Netherlands,"Wiring harness, 12-pin",Electrical,2024-02-03,2024-02-17,2024-02-18,3928,3928,9.25,USD,471.36,2100,932.26,904.55,No,No,EXW
PO-2024-1216,Shenzhen Precision Works,Maersk Line,Ocean,Standard,China,Memphis,USA,Steel bracket set,Housings,2024-02-03,2024-02-29,2024-02-29,1541,1541,4.51,USD,1001.65,11800,539.66,257.23,No,No,FOB
PO-2024-1217,Guadalajara Assembly,UPS Supply Chain,Parcel,Express,Mexico,Columbus,USA,"Aluminium enclosure, matte",Housings,2024-02-03,2024-02-17,2024-02-15,2280,2280,6.62,USD,706.80,2100,1372.54,433.05,No,No,FOB
PO-2024-1218,Taipei Micro Systems,Maersk Line,Ocean,Standard,Taiwan,Columbus,USA,"Aluminium enclosure, matte",Housings,2024-02-04,2024-02-17,2024-02-17,2478,2478,6.58,USD,768.18,12100,432.33,1011.53,No,No,CIF
PO-2024-1219,Shenzhen Precision Works,Maersk Line,Ocean,Standard,China,Fort Worth,USA,Steel bracket set,Housings,2024-02-04,2024-03-09,2024-03-25,86,86,4.61,USD,55.90,11800,97.52,25.71,No,No,EXW
PO-2024-1220,Shenzhen Precision Works,Schenker Road,Road,Standard,China,Memphis,USA,Lithium cell pack 5000mAh,Power,2024-02-04,2024-03-06,2024-03-16,868,868,18.10,USD,364.56,11800,439.68,415.26,No,No,EXW
PO-2024-1221,Taipei Micro Systems,Schenker Road,Road,Standard,Taiwan,Fort Worth,USA,USB-C connector module,Electronics,2024-02-04,2024-02-21,2024-02-25,661,661,1.99,USD,6.61,12100,138.72,60.84,No,No,DDP
PO-2024-1222,Guadalajara Assembly,Schenker Road,Road,Standard,Mexico,Memphis,USA,PCB assembly rev-C,Electronics,2024-02-04,2024-03-02,2024-03-05,4520,4520,44.87,USD,361.60,2100,330.46,4823.47,No,No,CIF
PO-2024-1223,Guadalajara Assembly,UPS Supply Chain,Parcel,Express,Mexico,Reno,USA,Lithium cell pack 5000mAh,Power,2024-02-04,2024-02-21,2024-02-21,175,175,18.55,USD,73.50,2100,188.27,115.29,No,No,CIF
PO-2024-1224,Hanoi Components Co,DHL Global Forwarding,Air,Express,Vietnam,Rotterdam,Netherlands,"Aluminium enclosure, matte",Housings,2024-02-04,2024-02-18,2024-02-17,4485,4485,5.89,USD,1390.35,13200,4113.69,825.09,No,No,FOB
PO-2024-1225,Taipei Micro Systems,DHL Global Forwarding,Air,Express,Taiwan,Fort Worth,USA,Steel bracket set,Housings,2024-02-05,2024-03-03,2024-03-03,4310,4310,4.28,USD,2801.50,12100,7794.56,1175.46,No,No,DDP
PO-2024-1226,Hanoi Components Co,Schenker Road,Road,Standard,Vietnam,Memphis,USA,Steel bracket set,Housings,2024-02-05,2024-02-17,2024-02-17,2104,2104,4.50,USD,1367.60,13200,1307.66,270.54,No,No,CIF
PO-2024-1227,Shenzhen Precision Works,Schenker Road,Road,Standard,China,Columbus,USA,USB-C connector module,Electronics,2024-02-05,2024-02-20,2024-02-20,1051,1051,2.11,USD,10.51,11800,138.73,85.99,No,No,FOB
PO-2024-1228,Chennai Industrial Ltd,DHL Global Forwarding,Air,Express,India,Rotterdam,Netherlands,Cooling fan 40mm,Thermal,2024-02-05,2024-02-28,2024-02-28,2401,2401,3.45,USD,96.04,13500,713.42,331.19,No,No,CIF
PO-2024-1229,Shenzhen Precision Works,UPS Supply Chain,Parcel,Express,China,Memphis,USA,USB-C connector module,Electronics,2024-02-05,2024-03-08,2024-03-23,506,492,2.20,USD,5.06,11800,295.02,57.27,No,No,CIF
PO-2024-1230,Taipei Micro Systems,UPS Supply Chain,Parcel,Express,Taiwan,Columbus,USA,PCB assembly rev-C,Electronics,2024-02-05,2024-02-27,2024-02-25,1606,1606,44.28,USD,128.48,12100,533.08,2799.41,No,No,EXW
PO-2024-1231,Hanoi Components Co,Schenker Road,Road,Standard,Vietnam,Columbus,USA,USB-C connector module,Electronics,2024-02-06,2024-02-27,2024-02-25,3185,3185,2.04,USD,31.85,13200,172.27,219.48,No,No,DDP
PO-2024-1232,Shenzhen Precision Works,Maersk Line,Ocean,Standard,China,Reno,USA,Cooling fan 40mm,Thermal,2024-02-06,2024-02-17,2024-03-05,1660,1660,3.48,USD,66.40,11800,102.43,327.00,No,No,EXW
PO-2024-1233,Shenzhen Precision Works,DHL Global Forwarding,Air,Express,China,Columbus,USA,Display panel 7in IPS,Electronics,2024-02-06,2024-02-19,2024-02-17,2029,2029,59.49,USD,385.51,11800,1418.20,4087.06,No,No,DDP
PO-2024-1234,Shenzhen Precision Works,Maersk Line,Ocean,Standard,China,Rotterdam,Netherlands,Lithium cell pack 5000mAh,Power,2024-02-06,2024-03-11,2024-03-30,2210,2210,18.34,USD,928.20,11800,505.32,1837.54,No,No,DDP
PO-2024-1235,Guadalajara Assembly,UPS Supply Chain,Parcel,Express,Mexico,Fort Worth,USA,"Aluminium enclosure, matte",Housings,2024-02-06,2024-02-18,2024-02-18,3010,3010,6.91,USD,933.10,2100,1795.72,873.22,No,No,EXW
PO-2024-1236,Shenzhen Precision Works,DHL Global Forwarding,Air,Express,China,Columbus,USA,"Wiring harness, 12-pin",Electrical,2024-02-06,2024-02-20,2024-02-20,1894,1894,10.40,USD,227.28,11800,1001.26,593.91,No,No,DDP
PO-2024-1237,Shenzhen Precision Works,DHL Global Forwarding,Air,Express,China,Memphis,USA,"Aluminium enclosure, matte",Housings,2024-02-06,2024-02-27,2024-03-19,1751,1751,6.89,USD,542.81,11800,1832.68,512.07,No,No,DDP
PO-2024-1238,Hanoi Components Co,Maersk Line,Ocean,Standard,Vietnam,Columbus,USA,Steel bracket set,Housings,2024-02-07,2024-03-06,2024-03-08,2531,2531,4.50,USD,1645.15,13200,848.97,588.38,No,No,EXW
PO-2024-1239,Hanoi Components Co,UPS Supply Chain,Parcel,Express,Vietnam,Memphis,USA,PCB assembly rev-C,Electronics,2024-02-07,2024-02-16,2024-02-16,1337,1337,45.73,USD,106.96,13200,519.46,3832.61,No,No,DDP
PO-2024-1240,Hanoi Components Co,Maersk Line,Ocean,Standard,Vietnam,Rotterdam,Netherlands,Display panel 7in IPS,Electronics,2024-02-07,2024-03-05,2024-03-15,4091,4091,54.92,USD,777.29,13200,443.24,14414.11,No,No,DDP
PO-2024-1241,Shenzhen Precision Works,DHL Global Forwarding,Air,Express,China,Reno,USA,PCB assembly rev-C,Electronics,2024-02-07,2024-02-29,2024-03-13,597,597,45.72,USD,47.76,11800,528.23,1391.67,No,No,FOB
PO-2024-1242,Hanoi Components Co,DHL Global Forwarding,Air,Express,Vietnam,Columbus,USA,USB-C connector module,Electronics,2024-02-07,2024-02-25,2024-02-25,4272,4272,2.21,USD,42.72,13200,562.69,216.21,No,No,EXW
PO-2024-1243,Shenzhen Precision Works,UPS Supply Chain,Parcel,Express,China,Fort Worth,USA,PCB assembly rev-C,Electronics,2024-02-07,2024-03-09,2024-04-14,1243,1243,39.67,USD,99.44,11800,471.51,1165.20,No,No,DDP
PO-2024-1244,Shenzhen Precision Works,UPS Supply Chain,Parcel,Express,China,Fort Worth,USA,Cooling fan 40mm,Thermal,2024-02-08,2024-03-01,2024-03-01,1635,1635,3.39,USD,65.40,11800,407.86,346.13,No,No,CIF
PO-2024-1245,Guadalajara Assembly,Schenker Road,Road,Standard,Mexico,Columbus,USA,PCB assembly rev-C,Electronics,2024-02-08,2024-03-13,2024-03-12,667,610,42.28,USD,53.36,2100,68.46,957.91,No,No,CIF
PO-2024-1246,Ostrava Metalworks,Schenker Road,Road,Standard,Czechia,Fort Worth,USA,Cooling fan 40mm,Thermal,2024-02-08,2024-02-24,2024-02-24,285,285,3.63,USD,11.40,7400,91.09,49.89,No,No,DDP
PO-2024-1247,Guadalajara Assembly,Maersk Line,Ocean,Standard,Mexico,Columbus,USA,Steel bracket set,Housings,2024-02-08,2024-02-21,2024-02-23,378,378,3.98,USD,245.70,2100,127.57,73.85,No,No,FOB
PO-2024-1248,Taipei Micro Systems,DHL Global Forwarding,Air,Express,Taiwan,Rotterdam,Netherlands,"Aluminium enclosure, matte",Housings,2024-02-08,2024-03-03,2024-03-02,4030,3926,6.32,USD,1249.30,12100,3704.52,1038.37,No,No,CIF
PO-2024-1249,Chennai Industrial Ltd,UPS Supply Chain,Parcel,Express,India,Reno,USA,PCB assembly rev-C,Electronics,2024-02-08,2024-03-03,2024-03-29,2232,2232,46.11,USD,178.56,13500,660.61,5015.65,No,No,EXW
PO-2024-1250,Shenzhen Precision Works,Maersk Line,Ocean,Standard,China,Reno,USA,Steel bracket set,Housings,2024-02-08,2024-02-24,2024-02-22,1829,1829,4.44,USD,1188.85,11800,627.18,315.07,No,No,DDP
PO-2024-1251,Guadalajara Assembly,UPS Supply Chain,Parcel,Express,Mexico,Rotterdam,Netherlands,Display panel 7in IPS,Electronics,2024-02-09,2024-03-13,2024-03-13,1410,1410,57.49,USD,267.90,2100,551.79,2221.34,No,No,FOB
PO-2024-1252,Guadalajara Assembly,Maersk Line,Ocean,Standard,Mexico,Columbus,USA,Lithium cell pack 5000mAh,Power,2024-02-09,2024-02-18,2024-02-18,4446,4446,19.62,USD,1867.32,2100,885.68,4316.36,No,No,CIF
PO-2024-1253,Taipei Micro Systems,DHL Global Forwarding,Air,Express,Taiwan,Rotterdam,Netherlands,Steel bracket set,Housings,2024-02-09,2024-02-19,2024-02-18,1664,1664,4.43,USD,1081.60,12100,3262.63,339.62,No,No,CIF
PO-2024-1254,Ostrava Metalworks,UPS Supply Chain,Parcel,Express,Czechia,Reno,USA,PCB assembly rev-C,Electronics,2024-02-09,2024-02-19,2024-02-19,2709,2709,41.71,USD,216.72,7400,584.35,4104.35,No,No,DDP
PO-2024-1255,Guadalajara Assembly,Schenker Road,Road,Standard,Mexico,Rotterdam,Netherlands,"Wiring harness, 12-pin",Electrical,2024-02-09,2024-03-08,2024-03-07,1787,1787,10.55,USD,214.44,2100,205.37,621.44,No,No,EXW
PO-2024-1256,Ostrava Metalworks,Maersk Line,Ocean,Standard,Czechia,Columbus,USA,USB-C connector module,Electronics,2024-02-09,2024-03-11,2024-03-11,4552,4552,2.32,USD,45.52,7400,66.05,483.89,No,No,DDP
PO-2024-1257,Hanoi Components Co,UPS Supply Chain,Parcel,Express,Vietnam,Columbus,USA,Cooling fan 40mm,Thermal,2024-02-09,2024-03-02,2024-03-01,1645,1645,3.65,USD,65.80,13200,442.49,287.93,No,No,DDP
PO-2024-1258,Taipei Micro Systems,UPS Supply Chain,Parcel,Express,Taiwan,Memphis,USA,"Aluminium enclosure, matte",Housings,2024-02-10,2024-02-29,2024-02-29,3734,3734,6.48,USD,1157.54,12100,2457.42,1450.23,No,No,EXW
PO-2024-1259,Hanoi Components Co,Maersk Line,Ocean,Standard,Vietnam,Rotterdam,Netherlands,Display panel 7in IPS,Electronics,2024-02-10,2024-02-22,2024-03-02,3190,2950,50.24,USD,606.10,13200,363.21,8813.41,No,No,DDP
PO-2024-1260,Hanoi Components Co,UPS Supply Chain,Parcel,Express,Vietnam,Memphis,USA,Lithium cell pack 5000mAh,Power,2024-02-10,2024-02-29,2024-02-29,836,836,18.07,USD,351.12,13200,976.03,838.60,No,No,CIF
PO-2024-1261,Taipei Micro Systems,UPS Supply Chain,Parcel,Express,Taiwan,Rotterdam,Netherlands,Cooling fan 40mm,Thermal,2024-02-10,2024-03-10,2024-03-10,617,617,3.72,USD,24.68,12100,338.97,97.39,No,No,DDP
PO-2024-1262,Hanoi Components Co,DHL Global Forwarding,Air,Express,Vietnam,Rotterdam,Netherlands,USB-C connector module,Electronics,2024-02-10,2024-03-15,2024-03-15,619,619,2.02,USD,6.19,13200,466.43,73.53,No,No,FOB
PO-2024-1263,Hanoi Components Co,DHL Global Forwarding,Air,Express,Vietnam,Fort Worth,USA,Cooling fan 40mm,Thermal,2024-02-10,2024-02-20,2024-02-20,4326,4326,3.74,USD,173.04,13200,906.08,510.97,No,No,FOB
PO-2024-1264,Shenzhen Precision Works,Schenker Road,Road,Standard,China,Columbus,USA,Cooling fan 40mm,Thermal,2024-02-11,2024-03-02,2024-03-02,3411,3411,3.86,USD,136.44,11800,245.77,577.85,No,No,FOB
PO-2024-1265,Taipei Micro Systems,UPS Supply Chain,Parcel,Express,Taiwan,Memphis,USA,"Aluminium enclosure, matte",Housings,2024-02-11,2024-03-04,2024-03-03,1173,1173,6.57,USD,363.63,12100,972.81,179.58,No,No,FOB
PO-2024-1266,Shenzhen Precision Works,DHL Global Forwarding,Air,Express,China,Reno,USA,"Wiring harness, 12-pin",Electrical,2024-02-11,2024-03-09,2024-03-07,2680,2680,10.67,USD,321.60,11800,1249.80,1615.34,No,No,FOB
PO-2024-1267,Shenzhen Precision Works,UPS Supply Chain,Parcel,Express,China,Memphis,USA,USB-C connector module,Electronics,2024-02-11,2024-02-23,2024-02-21,4619,4619,2.00,USD,46.19,11800,371.94,524.60,No,No,CIF
PO-2024-1268,Shenzhen Precision Works,Maersk Line,Ocean,Standard,China,Reno,USA,"Wiring harness, 12-pin",Electrical,2024-02-11,2024-02-21,2024-02-20,118,118,10.72,USD,14.16,11800,78.01,58.77,Yes,Yes,DDP
PO-2024-1269,Shenzhen Precision Works,Schenker Road,Road,Standard,China,Memphis,USA,Lithium cell pack 5000mAh,Power,2024-02-11,2024-03-01,2024-02-29,497,497,19.54,USD,208.74,11800,307.23,344.01,No,No,DDP
PO-2024-1270,Ostrava Metalworks,DHL Global Forwarding,Air,Express,Czechia,Rotterdam,Netherlands,Lithium cell pack 5000mAh,Power,2024-02-11,2024-02-20,2024-02-20,663,663,17.79,USD,278.46,7400,986.08,706.56,No,No,CIF
PO-2024-1271,Chennai Industrial Ltd,UPS Supply Chain,Parcel,Express,India,Reno,USA,Lithium cell pack 5000mAh,Power,2024-02-12,2024-03-14,2024-03-14,1158,1158,19.63,USD,486.36,13500,1236.19,1166.66,No,No,DDP
PO-2024-1272,Hanoi Components Co,Schenker Road,Road,Standard,Vietnam,Memphis,USA,USB-C connector module,Electronics,2024-02-12,2024-02-26,2024-02-26,3002,3002,2.09,USD,30.02,13200,170.72,196.28,No,No,EXW
PO-2024-1273,Chennai Industrial Ltd,Maersk Line,Ocean,Standard,India,Columbus,USA,USB-C connector module,Electronics,2024-02-12,2024-03-11,2024-03-26,2018,2018,2.35,USD,20.18,13500,91.11,178.94,No,No,CIF
PO-2024-1274,Ostrava Metalworks,DHL Global Forwarding,Air,Express,Czechia,Rotterdam,Netherlands,Cooling fan 40mm,Thermal,2024-02-12,2024-02-21,2024-02-21,2211,2211,3.39,USD,88.44,7400,485.38,404.38,No,No,FOB
PO-2024-1275,Shenzhen Precision Works,UPS Supply Chain,Parcel,Express,China,Columbus,USA,USB-C connector module,Electronics,2024-02-12,2024-03-02,2024-03-02,3510,3510,2.38,USD,35.10,11800,351.20,337.62,No,No,FOB
PO-2024-1276,Hanoi Components Co,UPS Supply Chain,Parcel,Express,Vietnam,Columbus,USA,"Wiring harness, 12-pin",Electrical,2024-02-12,2024-03-09,2024-03-07,2334,2334,9.15,USD,280.08,13200,843.19,543.93,No,No,EXW
PO-2024-1277,Hanoi Components Co,Schenker Road,Road,Standard,Vietnam,Reno,USA,Lithium cell pack 5000mAh,Power,2024-02-13,2024-03-04,2024-03-17,4243,4243,20.39,USD,1782.06,13200,1659.95,4271.74,No,No,FOB
PO-2024-1278,Hanoi Components Co,Maersk Line,Ocean,Standard,Vietnam,Columbus,USA,"Wiring harness, 12-pin",Electrical,2024-02-13,2024-03-14,2024-03-17,3868,3868,9.37,USD,464.16,13200,296.85,2091.34,No,No,FOB
PO-2024-1279,Chennai Industrial Ltd,Schenker Road,Road,Standard,India,Memphis,USA,Cooling fan 40mm,Thermal,2024-02-13,2024-02-23,2024-03-20,2990,2990,3.47,USD,119.60,13500,250.16,326.48,No,No,FOB
PO-2024-1280,Chennai Industrial Ltd,Maersk Line,Ocean,Standard,India,Rotterdam,Netherlands,Display panel 7in IPS,Electronics,2024-02-13,2024-02-23,2024-02-23,3897,3897,55.39,USD,740.43,13500,427.83,12835.23,No,No,FOB
PO-2024-1281,Taipei Micro Systems,DHL Global Forwarding,Air,Express,Taiwan,Reno,USA,PCB assembly rev-C,Electronics,2024-02-13,2024-03-07,2024-03-05,3143,3143,42.98,USD,251.44,12100,1075.15,7852.09,No,No,EXW
PO-2024-1282,Taipei Micro Systems,UPS Supply Chain,Parcel,Express,Taiwan,Rotterdam,Netherlands,Display panel 7in IPS,Electronics,2024-02-13,2024-03-15,2024-03-14,3447,3447,50.08,USD,654.93,12100,1517.54,10023.67,No,No,DDP
PO-2024-1283,Shenzhen Precision Works,Maersk Line,Ocean,Standard,China,Columbus,USA,"Wiring harness, 12-pin",Electrical,2024-02-13,2024-03-08,2024-03-19,2817,2817,10.26,USD,338.04,11800,229.42,1347.23,No,No,EXW
PO-2024-1284,Shenzhen Precision Works,Schenker Road,Road,Standard,China,Rotterdam,Netherlands,Cooling fan 40mm,Thermal,2024-02-14,2024-02-24,2024-02-23,3549,3549,3.50,USD,141.96,11800,250.47,584.26,No,No,EXW
PO-2024-1285,Chennai Industrial Ltd,Schenker Road,Road,Standard,India,Fort Worth,USA,USB-C connector module,Electronics,2024-02-14,2024-03-06,2024-04-09,3858,3858,2.23,USD,38.58,13500,181.29,272.14,No,No,FOB
PO-2024-1286,Taipei Micro Systems,DHL Global Forwarding,Air,Express,Taiwan,Rotterdam,Netherlands,"Aluminium enclosure, matte",Housings,2024-02-14,2024-03-06,2024-03-06,2928,2928,5.93,USD,907.68,12100,2804.35,368.09,No,No,FOB
PO-2024-1287,Guadalajara Assembly,Schenker Road,Road,Standard,Mexico,Memphis,USA,Lithium cell pack 5000mAh,Power,2024-02-14,2024-03-14,2024-03-14,3790,3790,17.63,USD,1591.80,2100,1376.13,3718.62,No,No,CIF
PO-2024-1288,Taipei Micro Systems,DHL Global Forwarding,Air,Express,Taiwan,Columbus,USA,"Aluminium enclosure, matte",Housings,2024-02-14,2024-02-26,2024-02-26,3739,3739,6.87,USD,1159.09,12100,3466.81,1045.84,No,No,FOB
PO-2024-1289,Taipei Micro Systems,DHL Global Forwarding,Air,Express,Taiwan,Memphis,USA,Steel bracket set,Housings,2024-02-14,2024-03-19,2024-04-03,247,247,4.54,USD,160.55,12100,835.66,23.36,No,No,CIF
PO-2024-1290,Hanoi Components Co,Maersk Line,Ocean,Standard,Vietnam,Reno,USA,Display panel 7in IPS,Electronics,2024-02-14,2024-03-16,2024-03-23,4758,4758,51.51,USD,904.02,13200,502.49,9926.82,No,No,DDP
PO-2024-1291,Hanoi Components Co,Schenker Road,Road,Standard,Vietnam,Reno,USA,"Aluminium enclosure, matte",Housings,2024-02-15,2024-02-29,2024-02-29,2854,2854,6.63,USD,884.74,13200,897.23,465.99,No,No,EXW
PO-2024-1292,Hanoi Components Co,DHL Global Forwarding,Air,Express,Vietnam,Reno,USA,Lithium cell pack 5000mAh,Power,2024-02-15,2024-03-08,2024-03-13,2759,2759,18.49,USD,1158.78,13200,3503.51,2107.69,No,No,EXW
PO-2024-1293,Shenzhen Precision Works,DHL Global Forwarding,Air,Express,China,Columbus,USA,Display panel 7in IPS,Electronics,2024-02-15,2024-02-28,2024-03-22,2472,2472,57.25,USD,469.68,11800,1639.99,3286.51,No,No,FOB
PO-2024-1294,Hanoi Components Co,Schenker Road,Road,Standard,Vietnam,Columbus,USA,Cooling fan 40mm,Thermal,2024-02-15,2024-02-28,2024-03-03,154,154,3.87,USD,6.16,13200,150.44,27.94,No,No,FOB
PO-2024-1295,Shenzhen Precision Works,UPS Supply Chain,Parcel,Express,China,Reno,USA,Steel bracket set,Housings,2024-02-15,2024-03-18,2024-03-18,3538,3538,4.14,USD,2299.70,11800,4586.00,931.02,No,No,EXW
PO-2024-1296,Shenzhen Precision Works,DHL Global Forwarding,Air,Express,China,Fort Worth,USA,USB-C connector module,Electronics,2024-02-15,2024-03-09,2024-03-13,1092,1092,2.01,USD,10.92,11800,431.15,100.76,No,No,FOB
PO-2024-1297,Guadalajara Assembly,DHL Global Forwarding,Air,Express,Mexico,Reno,USA,"Aluminium enclosure, matte",Housings,2024-02-16,2024-03-21,2024-03-21,1538,1538,6.76,USD,476.78,2100,1327.93,620.02,No,No,DDP
PO-2024-1298,Hanoi Components Co,Schenker Road,Road,Standard,Vietnam,Reno,USA,USB-C connector module,Electronics,2024-02-16,2024-03-18,2024-03-18,216,216,2.10,USD,2.16,13200,147.04,19.15,No,No,FOB
PO-2024-1299,Shenzhen Precision Works,UPS Supply Chain,Parcel,Express,China,Reno,USA,"Aluminium enclosure, matte",Housings,2024-02-16,2024-03-11,2024-03-09,346,346,6.53,USD,107.26,11800,486.14,70.26,No,No,FOB
PO-2024-1300,Guadalajara Assembly,Maersk Line,Ocean,Standard,Mexico,Fort Worth,USA,Display panel 7in IPS,Electronics,2024-02-16,2024-03-18,2024-03-17,1476,1476,53.08,USD,280.44,2100,143.81,4000.07,No,No,EXW
PO-2024-1301,Guadalajara Assembly,Maersk Line,Ocean,Standard,Mexico,Memphis,USA,Cooling fan 40mm,Thermal,2024-02-16,2024-03-20,2024-03-22,3038,3038,3.91,USD,121.52,2100,69.52,682.14,No,No,CIF
PO-2024-1302,Shenzhen Precision Works,Schenker Road,Road,Standard,China,Memphis,USA,Display panel 7in IPS,Electronics,2024-02-16,2024-02-25,2024-02-23,2502,2324,57.70,USD,475.38,11800,533.87,4680.63,No,No,EXW
PO-2024-1303,Hanoi Components Co,Maersk Line,Ocean,Standard,Vietnam,Memphis,USA,Steel bracket set,Housings,2024-02-16,2024-02-29,2024-03-21,1601,1601,4.49,USD,1040.65,13200,566.36,355.12,No,No,CIF
PO-2024-1304,Hanoi Components Co,DHL Global Forwarding,Air,Express,Vietnam,Reno,USA,"Aluminium enclosure, matte",Housings,2024-02-17,2024-03-14,2024-03-12,2987,2987,6.40,USD,925.97,13200,2890.05,665.86,No,No,DDP
PO-2024-1305,Chennai Industrial Ltd,Maersk Line,Ocean,Standard,India,Fort Worth,USA,Cooling fan 40mm,Thermal,2024-02-17,2024-02-28,2024-03-28,1873,1873,3.72,USD,74.92,13500,116.70,396.74,No,No,EXW
PO-2024-1306,Guadalajara Assembly,DHL Global Forwarding,Air,Express,Mexico,Rotterdam,Netherlands,"Aluminium enclosure, matte",Housings,2024-02-17,2024-03-21,2024-03-20,2751,2751,5.86,USD,852.81,2100,2318.76,807.87,No,No,EXW
PO-2024-1307,Hanoi Components Co,Maersk Line,Ocean,Standard,Vietnam,Memphis,USA,"Wiring harness, 12-pin",Electrical,2024-02-17,2024-03-09,2024-03-10,1981,1981,10.09,USD,237.72,13200,190.99,612.08,No,No,EXW
PO-2024-1308,Guadalajara Assembly,Maersk Line,Ocean,Standard,Mexico,Columbus,USA,PCB assembly rev-C,Electronics,2024-02-17,2024-03-01,2024-02-28,4539,4539,42.46,USD,363.12,2100,182.46,10179.07,No,No,CIF
PO-2024-1309,Chennai Industrial Ltd,DHL Global Forwarding,Air,Express,India,Fort Worth,USA,Cooling fan 40mm,Thermal,2024-02-17,2024-03-05,2024-03-05,3810,3810,3.42,USD,152.40,13500,861.92,470.04,No,No,EXW
PO-2024-1310,Chennai Industrial Ltd,DHL Global Forwarding,Air,Express,India,Fort Worth,USA,PCB assembly rev-C,Electronics,2024-02-18,2024-03-10,2024-03-10,3419,3419,43.08,USD,273.52,13500,1181.08,8505.47,No,No,CIF
PO-2024-1311,Shenzhen Precision Works,Maersk Line,Ocean,Standard,China,Memphis,USA,PCB assembly rev-C,Electronics,2024-02-18,2024-03-10,2024-04-09,1592,1592,44.50,USD,127.36,11800,130.93,2275.14,No,No,FOB
PO-2024-1312,Chennai Industrial Ltd,Schenker Road,Road,Standard,India,Memphis,USA,Steel bracket set,Housings,2024-02-18,2024-03-12,2024-03-11,1782,1782,4.22,USD,1158.30,13500,1133.05,438.79,No,No,FOB
PO-2024-1313,Shenzhen Precision Works,DHL Global Forwarding,Air,Express,China,Rotterdam,Netherlands,"Wiring harness, 12-pin",Electrical,2024-02-18,2024-03-03,2024-03-03,4723,4723,9.04,USD,566.76,11800,1895.79,2021.85,No,No,DDP
PO-2024-1314,Hanoi Components Co,Schenker Road,Road,Standard,Vietnam,Columbus,USA,Lithium cell pack 5000mAh,Power,2024-02-18,2024-03-16,2024-03-28,3084,3084,17.70,USD,1295.28,13200,1246.19,2637.58,No,No,EXW
PO-2024-1315,Shenzhen Precision Works,Maersk Line,Ocean,Standard,China,Columbus,USA,PCB assembly rev-C,Electronics,2024-02-18,2024-03-04,2024-03-02,4311,4311,40.70,USD,344.88,11800,232.62,9865.70,No,No,FOB
PO-2024-1316,Guadalajara Assembly,Maersk Line,Ocean,Standard,Mexico,Fort Worth,USA,PCB assembly rev-C,Electronics,2024-02-18,2024-03-14,2024-03-14,2312,2312,42.55,USD,184.96,2100,99.17,5232.59,No,No,EXW
PO-2024-1317,Shenzhen Precision Works,UPS Supply Chain,Parcel,Express,China,Columbus,USA,"Wiring harness, 12-pin",Electrical,2024-02-19,2024-03-18,2024-03-18,1546,1546,9.21,USD,185.52,11800,632.48,566.79,No,No,FOB
PO-2024-1318,Guadalajara Assembly,Maersk Line,Ocean,Standard,Mexico,Reno,USA,"Aluminium enclosure, matte",Housings,2024-02-19,2024-03-16,2024-03-15,3241,3241,5.77,USD,1004.71,2100,482.41,610.71,No,No,CIF
PO-2024-1319,Hanoi Components Co,DHL Global Forwarding,Air,Express,Vietnam,Memphis,USA,Lithium cell pack 5000mAh,Power,2024-02-19,2024-03-11,2024-03-11,1589,1501,17.92,USD,667.38,13200,2208.67,1664.74,No,No,DDP
PO-2024-1320,Shenzhen Precision Works,Maersk Line,Ocean,Standard,China,Reno,USA,Lithium cell pack 5000mAh,Power,2024-02-19,2024-03-04,2024-03-14,808,808,17.66,USD,339.36,11800,230.04,566.54,No,No,CIF
PO-2024-1321,Shenzhen Precision Works,Schenker Road,Road,Standard,China,Memphis,USA,Lithium cell pack 5000mAh,Power,2024-02-19,2024-02-28,2024-02-27,340,340,17.02,USD,142.80,11800,251.18,179.41,No,No,FOB
PO-2024-1322,Guadalajara Assembly,Maersk Line,Ocean,Standard,Mexico,Reno,USA,USB-C connector module,Electronics,2024-02-19,2024-03-06,2024-03-06,2817,2264,2.20,USD,28.17,2100,25.87,314.70,No,No,EXW
PO-2024-1323,Shenzhen Precision Works,DHL Global Forwarding,Air,Express,China,Fort Worth,USA,USB-C connector module,Electronics,2024-02-19,2024-02-28,2024-03-20,819,819,2.22,USD,8.19,11800,423.96,75.49,No,No,DDP
PO-2024-1324,Hanoi Components Co,Schenker Road,Road,Standard,Vietnam,Columbus,USA,Lithium cell pack 5000mAh,Power,2024-02-20,2024-03-03,2024-03-03,4459,4459,19.62,USD,1872.78,13200,1737.06,5511.02,No,No,EXW
PO-2024-1325,Guadalajara Assembly,Maersk Line,Ocean,Standard,Mexico,Columbus,USA,Display panel 7in IPS,Electronics,2024-02-20,2024-03-08,2024-03-12,902,902,57.55,USD,171.38,2100,92.83,1881.36,No,No,FOB
PO-2024-1326,Taipei Micro Systems,DHL Global Forwarding,Air,Express,Taiwan,Columbus,USA,Display panel 7in IPS,Electronics,2024-02-20,2024-03-08,2024-03-09,4081,4081,57.35,USD,775.39,12100,2455.76,8301.55,No,No,FOB
PO-2024-1327,Guadalajara Assembly,Schenker Road,Road,Standard,Mexico,Rotterdam,Netherlands,Steel bracket set,Housings,2024-02-20,2024-03-21,2024-03-21,4305,4305,4.66,USD,2798.25,2100,2401.61,625.18,No,No,EXW
PO-2024-1328,Shenzhen Precision Works,UPS Supply Chain,Parcel,Express,China,Memphis,USA,Lithium cell pack 5000mAh,Power,2024-02-20,2024-03-20,2024-03-20,3305,3305,17.70,USD,1388.10,11800,2881.31,2001.24,No,No,FOB
PO-2024-1329,Hanoi Components Co,UPS Supply Chain,Parcel,Express,Vietnam,Rotterdam,Netherlands,"Aluminium enclosure, matte",Housings,2024-02-20,2024-03-10,2024-03-24,3237,2629,5.76,USD,1003.47,13200,2195.93,1184.79,No,No,CIF
PO-2024-1330,Shenzhen Precision Works,Schenker Road,Road,Standard,China,Memphis,USA,Cooling fan 40mm,Thermal,2024-02-21,2024-03-07,2024-03-24,3525,3525,3.84,USD,141.00,11800,249.65,770.60,No,No,EXW
PO-2024-1331,Chennai Industrial Ltd,UPS Supply Chain,Parcel,Express,India,Reno,USA,USB-C connector module,Electronics,2024-02-21,2024-03-15,2024-03-14,3124,3124,2.38,USD,31.24,13500,385.12,237.97,No,No,FOB
PO-2024-1332,Hanoi Components Co,Schenker Road,Road,Standard,Vietnam,Memphis,USA,Lithium cell pack 5000mAh,Power,2024-02-21,2024-03-09,2024-03-18,4478,4478,19.32,USD,1880.76,13200,1743.85,4179.20,No,No,DDP
PO-2024-1333,Guadalajara Assembly,Maersk Line,Ocean,Standard,Mexico,Rotterdam,Netherlands,Display panel 7in IPS,Electronics,2024-02-21,2024-03-10,2024-03-17,3669,3669,56.87,USD,697.11,2100,338.60,10578.20,No,No,CIF
PO-2024-1334,Guadalajara Assembly,UPS Supply Chain,Parcel,Express,Mexico,Memphis,USA,"Aluminium enclosure, matte",Housings,2024-02-21,2024-03-06,2024-03-05,1924,1924,6.21,USD,596.44,2100,1166.16,491.99,No,No,FOB
PO-2024-1335,Shenzhen Precision Works,DHL Global Forwarding,Air,Express,China,Rotterdam,Netherlands,"Wiring harness, 12-pin",Electrical,2024-02-21,2024-03-11,2024-03-11,2731,2731,9.64,USD,327.72,11800,1265.92,1562.52,No,No,FOB
PO-2024-1336,Shenzhen Precision Works,DHL Global Forwarding,Air,Express,China,Columbus,USA,"Aluminium enclosure, matte",Housings,2024-02-21,2024-03-04,2024-03-03,1708,1708,6.13,USD,529.48,11800,1797.56,372.04,No,No,EXW
PO-2024-1337,Shenzhen Precision Works,UPS Supply Chain,Parcel,Express,China,Columbus,USA,"Aluminium enclosure, matte",Housings,2024-02-22,2024-03-08,2024-03-08,1450,1450,5.78,USD,449.50,11800,1126.12,260.69,Yes,No,DDP
PO-2024-1338,Shenzhen Precision Works,UPS Supply Chain,Parcel,Express,China,Reno,USA,Cooling fan 40mm,Thermal,2024-02-22,2024-03-02,2024-03-02,3984,3984,3.48,USD,159.36,11800,583.56,515.77,No,No,CIF
PO-2024-1339,Shenzhen Precision Works,DHL Global Forwarding,Air,Express,China,Memphis,USA,USB-C connector module,Electronics,2024-02-22,2024-03-11,2024-03-28,2265,2265,2.27,USD,22.65,11800,462.06,317.74,No,No,FOB
PO-2024-1340,Hanoi Components Co,UPS Supply Chain,Parcel,Express,Vietnam,Rotterdam,Netherlands,Display panel 7in IPS,Electronics,2024-02-22,2024-03-18,2024-03-17,4348,4348,57.98,USD,826.12,13200,1864.28,13651.85,No,No,DDP
PO-2024-1341,Shenzhen Precision Works,DHL Global Forwarding,Air,Express,China,Memphis,USA,Cooling fan 40mm,Thermal,2024-02-22,2024-03-13,2024-03-13,3123,3123,3.97,USD,124.92,11800,731.54,703.28,No,No,CIF
PO-2024-1342,Shenzhen Precision Works,Maersk Line,Ocean,Standard,China,Memphis,USA,Lithium cell pack 5000mAh,Power,2024-02-22,2024-03-27,2024-04-10,3825,3825,19.70,USD,1606.50,11800,822.43,4498.70,No,No,CIF
PO-2024-1343,Shenzhen Precision Works,UPS Supply Chain,Parcel,Express,China,Fort Worth,USA,Display panel 7in IPS,Electronics,2024-02-23,2024-03-19,2024-04-01,892,825,50.19,USD,169.48,11800,602.49,2037.20,No,No,DDP
PO-2024-1344,Hanoi Components Co,UPS Supply Chain,Parcel,Express,Vietnam,Reno,USA,Lithium cell pack 5000mAh,Power,2024-02-23,2024-03-14,2024-03-14,2305,2305,19.69,USD,968.10,13200,2129.79,2020.84,No,No,FOB
PO-2024-1345,Guadalajara Assembly,Maersk Line,Ocean,Standard,Mexico,Reno,USA,USB-C connector module,Electronics,2024-02-23,2024-03-03,2024-03-03,2900,2900,2.25,USD,29.00,2100,26.26,165.19,No,No,CIF
PO-2024-1346,Shenzhen Precision Works,Schenker Road,Road,Standard,China,Columbus,USA,Lithium cell pack 5000mAh,Power,2024-02-23,2024-03-19,2024-03-28,548,548,19.44,USD,230.16,11800,325.44,275.87,No,No,EXW
PO-2024-1347,Hanoi Components Co,Maersk Line,Ocean,Standard,Vietnam,Rotterdam,Netherlands,Cooling fan 40mm,Thermal,2024-02-23,2024-03-26,2024-03-26,275,275,3.81,USD,11.00,13200,85.00,31.95,No,No,DDP
PO-2024-1348,Shenzhen Precision Works,Schenker Road,Road,Standard,China,Reno,USA,"Wiring harness, 12-pin",Electrical,2024-02-23,2024-03-07,2024-03-27,2231,2231,10.41,USD,267.72,11800,357.36,1042.62,No,No,EXW
PO-2024-1349,Hanoi Components Co,UPS Supply Chain,Parcel,Express,Vietnam,Columbus,USA,PCB assembly rev-C,Electronics,2024-02-23,2024-03-03,2024-03-02,3509,3509,43.34,USD,280.72,13200,844.39,8260.47,No,No,EXW
PO-2024-1350,Shenzhen Precision Works,Schenker Road,Road,Standard,China,Columbus,USA,Steel bracket set,Housings,2024-02-24,2024-03-21,2024-04-03,2528,2528,3.98,USD,1643.20,11800,1526.52,548.56,No,No,EXW
PO-2024-1351,Shenzhen Precision Works,Maersk Line,Ocean,Standard,China,Columbus,USA,PCB assembly rev-C,Electronics,2024-02-24,2024-03-26,2024-03-24,3548,3548,43.36,USD,283.84,11800,204.09,8151.89,No,No,FOB
PO-2024-1352,Taipei Micro Systems,UPS Supply Chain,Parcel,Express,Taiwan,Reno,USA,PCB assembly rev-C,Electronics,2024-02-24,2024-03-29,2024-03-29,2251,2251,41.73,USD,180.08,12100,629.57,6057.19,No,No,EXW
PO-2024-1353,Hanoi Components Co,DHL Global Forwarding,Air,Express,Vietnam,Memphis,USA,Cooling fan 40mm,Thermal,2024-02-24,2024-03-14,2024-03-30,3417,3417,3.83,USD,136.68,13200,810.27,794.28,No,No,DDP
PO-2024-1354,Shenzhen Precision Works,DHL Global Forwarding,Air,Express,China,Rotterdam,Netherlands,Steel bracket set,Housings,2024-02-24,2024-03-21,2024-03-21,2369,2369,4.73,USD,1539.85,11800,4459.88,353.20,No,No,FOB
PO-2024-1355,Hanoi Components Co,UPS Supply Chain,Parcel,Express,Vietnam,Rotterdam,Netherlands,Lithium cell pack 5000mAh,Power,2024-02-24,2024-03-09,2024-03-07,4109,4109,18.04,USD,1725.78,13200,3546.65,3674.20,No,No,CIF
PO-2024-1356,Taipei Micro Systems,DHL Global Forwarding,Air,Express,Taiwan,Reno,USA,"Wiring harness, 12-pin",Electrical,2024-02-24,2024-03-24,2024-03-23,3499,3499,9.44,USD,419.88,12100,1518.99,717.18,No,No,DDP
PO-2024-1357,Taipei Micro Systems,UPS Supply Chain,Parcel,Express,Taiwan,Rotterdam,Netherlands,Lithium cell pack 5000mAh,Power,2024-02-25,2024-03-20,2024-04-04,3553,3553,19.75,USD,1492.26,12100,3083.35,4179.69,No,No,DDP
PO-2024-1358,Ostrava Metalworks,Schenker Road,Road,Standard,Czechia,Rotterdam,Netherlands,USB-C connector module,Electronics,2024-02-25,2024-03-20,2024-03-19,2138,2138,2.15,USD,21.38,7400,99.57,115.90,No,No,EXW
PO-2024-1359,Chennai Industrial Ltd,UPS Supply Chain,Parcel,Express,India,Fort Worth,USA,Display panel 7in IPS,Electronics,2024-02-25,2024-03-27,2024-04-22,1287,1287,59.25,USD,244.53,13500,783.97,2418.59,No,No,CIF
PO-2024-1360,Hanoi Components Co,Maersk Line,Ocean,Standard,Vietnam,Reno,USA,Steel bracket set,Housings,2024-02-25,2024-03-06,2024-03-06,590,590,4.70,USD,383.50,13200,259.15,161.44,No,No,DDP
PO-2024-1361,Shenzhen Precision Works,UPS Supply Chain,Parcel,Express,China,Rotterdam,Netherlands,Cooling fan 40mm,Thermal,2024-02-25,2024-03-12,2024-03-12,1785,1785,3.89,USD,71.40,11800,419.08,285.76,No,No,FOB
PO-2024-1362,Hanoi Components Co,DHL Global Forwarding,Air,Express,Vietnam,Reno,USA,USB-C connector module,Electronics,2024-02-25,2024-03-12,2024-03-24,2980,2980,2.36,USD,29.80,13200,528.64,342.54,No,No,EXW
PO-2024-1363,Guadalajara Assembly,Maersk Line,Ocean,Standard,Mexico,Columbus,USA,Cooling fan 40mm,Thermal,2024-02-26,2024-03-25,2024-03-25,2916,2916,3.55,USD,116.64,2100,67.23,263.18,No,No,FOB
PO-2024-1364,Guadalajara Assembly,DHL Global Forwarding,Air,Express,Mexico,Reno,USA,Steel bracket set,Housings,2024-02-26,2024-03-16,2024-03-15,2379,2379,4.55,USD,1546.35,2100,4146.24,469.23,No,No,EXW
PO-2024-1365,Chennai Industrial Ltd,DHL Global Forwarding,Air,Express,India,Fort Worth,USA,"Aluminium enclosure, matte",Housings,2024-02-26,2024-03-08,2024-03-06,4612,4612,6.54,USD,1429.72,13500,4227.66,1785.11,No,No,CIF
PO-2024-1366,Chennai Industrial Ltd,DHL Global Forwarding,Air,Express,India,Rotterdam,Netherlands,Lithium cell pack 5000mAh,Power,2024-02-26,2024-03-16,2024-03-30,2435,2435,16.95,USD,1022.70,13500,3155.16,2212.54,No,No,EXW
PO-2024-1367,Hanoi Components Co,UPS Supply Chain,Parcel,Express,Vietnam,Memphis,USA,Lithium cell pack 5000mAh,Power,2024-02-26,2024-03-07,2024-03-07,4112,4112,18.12,USD,1727.04,13200,3549.00,3101.05,No,No,DDP
PO-2024-1368,Shenzhen Precision Works,Schenker Road,Road,Standard,China,Reno,USA,Lithium cell pack 5000mAh,Power,2024-02-26,2024-03-16,2024-03-16,2766,2766,17.68,USD,1161.72,11800,1117.26,3060.65,No,No,FOB
PO-2024-1369,Taipei Micro Systems,Schenker Road,Road,Standard,Taiwan,Fort Worth,USA,Lithium cell pack 5000mAh,Power,2024-02-26,2024-03-20,2024-03-20,636,636,19.31,USD,267.12,12100,360.15,345.93,No,No,EXW
PO-2024-1370,Ostrava Metalworks,UPS Supply Chain,Parcel,Express,Czechia,Fort Worth,USA,Display panel 7in IPS,Electronics,2024-02-27,2024-03-08,2024-03-10,1896,1896,53.43,USD,360.24,7400,852.73,2472.77,No,No,CIF
PO-2024-1371,Hanoi Components Co,DHL Global Forwarding,Air,Express,Vietnam,Memphis,USA,"Aluminium enclosure, matte",Housings,2024-02-27,2024-03-07,2024-03-06,2421,2421,6.60,USD,750.51,13200,2427.71,805.90,No,No,DDP
PO-2024-1372,Ostrava Metalworks,Schenker Road,Road,Standard,Czechia,Rotterdam,Netherlands,Lithium cell pack 5000mAh,Power,2024-02-27,2024-03-30,2024-03-29,1904,1904,19.99,USD,799.68,7400,761.13,2229.74,No,No,EXW
PO-2024-1373,Guadalajara Assembly,DHL Global Forwarding,Air,Express,Mexico,Fort Worth,USA,"Wiring harness, 12-pin",Electrical,2024-02-27,2024-03-29,2024-03-29,2981,2981,9.44,USD,357.72,2100,1014.20,1237.77,No,No,EXW
PO-2024-1374,Guadalajara Assembly,DHL Global Forwarding,Air,Express,Mexico,Memphis,USA,"Aluminium enclosure, matte",Housings,2024-02-27,2024-03-17,2024-03-22,3892,3892,5.91,USD,1206.52,2100,3250.79,1109.07,No,No,DDP
PO-2024-1375,Shenzhen Precision Works,Maersk Line,Ocean,Standard,China,Rotterdam,Netherlands,PCB assembly rev-C,Electronics,2024-02-27,2024-03-13,2024-03-30,3953,3953,44.95,USD,316.24,11800,219.23,7056.56,No,No,FOB
PO-2024-1376,Shenzhen Precision Works,UPS Supply Chain,Parcel,Express,China,Reno,USA,Display panel 7in IPS,Electronics,2024-02-28,2024-03-15,2024-03-13,4502,4502,52.18,USD,855.38,11800,1885.12,11322.51,No,No,FOB
PO-2024-1377,Guadalajara Assembly,Schenker Road,Road,Standard,Mexico,Memphis,USA,"Wiring harness, 12-pin",Electrical,2024-02-28,2024-03-27,2024-04-03,2312,2312,10.44,USD,277.44,2100,258.92,1035.33,No,No,EXW
PO-2024-1378,Guadalajara Assembly,UPS Supply Chain,Parcel,Express,Mexico,Rotterdam,Netherlands,"Wiring harness, 12-pin",Electrical,2024-02-28,2024-03-24,2024-03-24,3620,3620,10.02,USD,434.40,2100,863.15,833.91,No,No,EXW
PO-2024-1379,Taipei Micro Systems,Maersk Line,Ocean,Standard,Taiwan,Memphis,USA,Display panel 7in IPS,Electronics,2024-02-28,2024-03-14,2024-03-14,551,551,53.87,USD,104.69,12100,122.15,1852.92,No,No,EXW
PO-2024-1380,Taipei Micro Systems,UPS Supply Chain,Parcel,Express,Taiwan,Fort Worth,USA,PCB assembly rev-C,Electronics,2024-02-28,2024-03-17,2024-03-16,3509,3509,44.43,USD,280.72,12100,817.77,8361.15,No,No,DDP
PO-2024-1381,Chennai Industrial Ltd,Schenker Road,Road,Standard,India,Reno,USA,Lithium cell pack 5000mAh,Power,2024-02-28,2024-03-27,2024-03-25,3685,3685,17.46,USD,1547.70,13500,1464.05,2369.88,No,No,CIF
PO-2024-1382,Shenzhen Precision Works,UPS Supply Chain,Parcel,Express,China,Fort Worth,USA,PCB assembly rev-C,Electronics,2024-02-28,2024-03-17,2024-03-17,1503,1414,40.79,USD,120.24,11800,510.41,3938.57,No,No,EXW
PO-2024-1383,Shenzhen Precision Works,Schenker Road,Road,Standard,China,Columbus,USA,Display panel 7in IPS,Electronics,2024-02-29,2024-03-22,2024-03-22,3510,3510,56.23,USD,666.90,11800,696.66,4929.20,No,No,FOB
PO-2024-1384,Guadalajara Assembly,DHL Global Forwarding,Air,Express,Mexico,Reno,USA,Cooling fan 40mm,Thermal,2024-02-29,2024-03-21,2024-03-20,2947,2947,3.61,USD,117.88,2100,382.22,563.04,No,No,FOB
PO-2024-1385,Ostrava Metalworks,Schenker Road,Road,Standard,Czechia,Reno,USA,Display panel 7in IPS,Electronics,2024-02-29,2024-03-15,2024-03-15,3797,3797,58.56,USD,721.43,7400,694.62,4560.09,No,No,DDP
PO-2024-1386,Chennai Industrial Ltd,DHL Global Forwarding,Air,Express,India,Columbus,USA,"Wiring harness, 12-pin",Electrical,2024-02-29,2024-03-30,2024-04-14,1493,1493,9.47,USD,179.16,13500,932.44,606.57,No,No,DDP
PO-2024-1387,Chennai Industrial Ltd,DHL Global Forwarding,Air,Express,India,Memphis,USA,"Aluminium enclosure, matte",Housings,2024-02-29,2024-03-27,2024-03-27,909,909,6.29,USD,281.79,13500,1202.87,273.21,No,No,CIF
PO-2024-1388,Hanoi Components Co,Schenker Road,Road,Standard,Vietnam,Rotterdam,Netherlands,"Aluminium enclosure, matte",Housings,2024-02-29,2024-04-02,2024-04-01,4466,4466,6.84,USD,1384.46,13200,1321.99,1280.39,No,No,CIF
PO-2024-1389,Shenzhen Precision Works,Schenker Road,Road,Standard,China,Fort Worth,USA,"Wiring harness, 12-pin",Electrical,2024-02-29,2024-03-26,2024-03-24,2211,2211,9.86,USD,265.32,11800,355.32,951.90,No,No,FOB
PO-2024-1390,Shenzhen Precision Works,DHL Global Forwarding,Air,Express,China,Rotterdam,Netherlands,Display panel 7in IPS,Electronics,2024-03-01,2024-03-29,2024-04-13,1626,1626,53.75,USD,308.94,11800,1216.44,3739.04,No,No,EXW
PO-2024-1391,Shenzhen Precision Works,UPS Supply Chain,Parcel,Express,China,Columbus,USA,PCB assembly rev-C,Electronics,2024-03-01,2024-03-13,2024-03-13,4042,4042,41.76,USD,323.36,11800,890.24,9247.64,No,No,CIF
PO-2024-1392,Ostrava Metalworks,Schenker Road,Road,Standard,Czechia,Fort Worth,USA,USB-C connector module,Electronics,2024-03-01,2024-04-02,2024-04-02,1549,1549,2.33,USD,15.49,7400,94.57,122.41,No,No,DDP
PO-2024-1393,Taipei Micro Systems,UPS Supply Chain,Parcel,Express,Taiwan,Columbus,USA,"Wiring harness, 12-pin",Electrical,2024-03-01,2024-03-21,2024-03-19,4122,3645,10.28,USD,494.64,12100,1217.80,1460.10,No,No,DDP
PO-2024-1394,Guadalajara Assembly,UPS Supply Chain,Parcel,Express,Mexico,Rotterdam,Netherlands,Display panel 7in IPS,Electronics,2024-03-01,2024-03-11,2024-03-10,4687,4286,55.29,USD,890.53,2100,1716.11,11681.62,No,No,DDP
PO-2024-1395,Guadalajara Assembly,UPS Supply Chain,Parcel,Express,Mexico,Columbus,USA,Steel bracket set,Housings,2024-03-01,2024-03-11,2024-03-09,4478,4478,4.46,USD,2910.70,2100,5493.83,1255.59,No,No,CIF
PO-2024-1396,Hanoi Components Co,Maersk Line,Ocean,Standard,Vietnam,Rotterdam,Netherlands,PCB assembly rev-C,Electronics,2024-03-02,2024-03-19,2024-03-19,1823,1823,40.96,USD,145.84,13200,148.04,2450.23,No,No,DDP
PO-2024-1397,Chennai Industrial Ltd,Maersk Line,Ocean,Standard,India,Memphis,USA,USB-C connector module,Electronics,2024-03-02,2024-03-24,2024-04-16,4502,4502,2.21,USD,45.02,13500,102.72,386.33,No,No,DDP
PO-2024-1398,Guadalajara Assembly,Schenker Road,Road,Standard,Mexico,Memphis,USA,"Wiring harness, 12-pin",Electrical,2024-03-02,2024-03-16,2024-03-14,2281,2281,9.91,USD,273.72,2100,255.76,1025.12,No,No,FOB
PO-2024-1399,Shenzhen Precision Works,Schenker Road,Road,Standard,China,Rotterdam,Netherlands,PCB assembly rev-C,Electronics,2024-03-02,2024-03-27,2024-03-28,4340,4340,40.43,USD,347.20,11800,424.92,8532.11,No,No,DDP
PO-2024-1400,Hanoi Components Co,DHL Global Forwarding,Air,Express,Vietnam,Memphis,USA,Lithium cell pack 5000mAh,Power,2024-03-02,2024-04-04,2024-04-14,598,598,16.98,USD,251.16,13200,1111.93,343.20,No,No,EXW
PO-2024-1401,Hanoi Components Co,Maersk Line,Ocean,Standard,Vietnam,Rotterdam,Netherlands,PCB assembly rev-C,Electronics,2024-03-02,2024-03-15,2024-03-15,2336,2336,40.92,USD,186.88,13200,167.23,5464.02,No,No,DDP
PO-2024-1402,Guadalajara Assembly,UPS Supply Chain,Parcel,Express,Mexico,Memphis,USA,Steel bracket set,Housings,2024-03-02,2024-03-15,2024-03-15,3512,3512,4.10,USD,2282.80,2100,4319.66,430.31,No,No,DDP
PO-2024-1403,Shenzhen Precision Works,Schenker Road,Road,Standard,China,Fort Worth,USA,USB-C connector module,Electronics,2024-03-03,2024-04-02,2024-05-01,147,147,2.27,USD,1.47,11800,131.05,16.81,No,No,DDP
PO-2024-1404,Guadalajara Assembly,Maersk Line,Ocean,Standard,Mexico,Memphis,USA,Steel bracket set,Housings,2024-03-03,2024-04-04,2024-04-03,2295,2295,3.96,USD,1491.75,2100,710.10,415.97,No,No,FOB
PO-2024-1405,Taipei Micro Systems,Schenker Road,Road,Standard,Taiwan,Fort Worth,USA,PCB assembly rev-C,Electronics,2024-03-03,2024-03-15,2024-03-13,3124,3124,40.70,USD,249.92,12100,345.53,7852.24,No,No,CIF
PO-2024-1406,Taipei Micro Systems,UPS Supply Chain,Parcel,Express,Taiwan,Memphis,USA,Cooling fan 40mm,Thermal,2024-03-03,2024-03-15,2024-03-13,1906,1906,3.84,USD,76.24,12100,435.39,377.11,No,No,EXW
PO-2024-1407,Ostrava Metalworks,Schenker Road,Road,Standard,Czechia,Columbus,USA,"Aluminium enclosure, matte",Housings,2024-03-03,2024-03-31,2024-04-03,4407,4407,6.80,USD,1366.17,7400,1242.64,1764.13,No,No,EXW
PO-2024-1408,Shenzhen Precision Works,Schenker Road,Road,Standard,China,Rotterdam,Netherlands,USB-C connector module,Electronics,2024-03-03,2024-03-25,2024-03-23,672,672,2.36,USD,6.72,11800,135.51,59.51,No,No,FOB
PO-2024-1409,Guadalajara Assembly,DHL Global Forwarding,Air,Express,Mexico,Fort Worth,USA,"Wiring harness, 12-pin",Electrical,2024-03-04,2024-03-19,2024-03-21,3758,3758,9.97,USD,450.96,2100,1259.89,1641.70,No,No,FOB
PO-2024-1410,Chennai Industrial Ltd,DHL Global Forwarding,Air,Express,India,Columbus,USA,PCB assembly rev-C,Electronics,2024-03-04,2024-04-03,2024-04-03,918,918,43.93,USD,73.44,13500,653.86,1215.05,No,No,FOB
PO-2024-1411,Taipei Micro Systems,Schenker Road,Road,Standard,Taiwan,Fort Worth,USA,PCB assembly rev-C,Electronics,2024-03-04,2024-03-13,2024-03-13,3659,3659,45.02,USD,292.72,12100,381.91,3464.43,No,No,FOB
PO-2024-1412,Guadalajara Assembly,Maersk Line,Ocean,Standard,Mexico,Columbus,USA,Display panel 7in IPS,Electronics,2024-03-04,2024-04-05,2024-04-04,1364,1364,53.60,USD,259.16,2100,133.86,3202.39,No,No,FOB
PO-2024-1413,Shenzhen Precision Works,Schenker Road,Road,Standard,China,Memphis,USA,"Aluminium enclosure, matte",Housings,2024-03-04,2024-03-14,2024-03-14,4115,4115,6.72,USD,1275.65,11800,1214.10,1586.68,Yes,No,EXW
PO-2024-1414,Ostrava Metalworks,DHL Global Forwarding,Air,Express,Czechia,Rotterdam,Netherlands,PCB assembly rev-C,Electronics,2024-03-04,2024-03-13,2024-03-13,2145,2145,44.88,USD,171.60,7400,704.51,5314.82,No,No,DDP
PO-2024-1415,Hanoi Components Co,DHL Global Forwarding,Air,Express,Vietnam,Reno,USA,Steel bracket set,Housings,2024-03-04,2024-03-21,2024-03-21,2567,2567,4.49,USD,1668.55,13200,4846.75,261.80,No,No,EXW
PO-2024-1416,Ostrava Metalworks,DHL Global Forwarding,Air,Express,Czechia,Reno,USA,"Aluminium enclosure, matte",Housings,2024-03-05,2024-03-25,2024-03-25,2256,2256,5.83,USD,699.36,7400,2095.15,587.06,No,No,DDP
PO-2024-1417,Taipei Micro Systems,Schenker Road,Road,Standard,Taiwan,Fort Worth,USA,"Aluminium enclosure, matte",Housings,2024-03-05,2024-03-28,2024-03-27,1740,1740,6.58,USD,539.40,12100,591.59,416.40,No,No,EXW
PO-2024-1418,Guadalajara Assembly,Maersk Line,Ocean,Standard,Mexico,Memphis,USA,Lithium cell pack 5000mAh,Power,2024-03-05,2024-03-30,2024-03-29,3474,3474,19.98,USD,1459.08,2100,694.82,1708.67,No,No,EXW
PO-2024-1419,Shenzhen Precision Works,UPS Supply Chain,Parcel,Express,China,Fort Worth,USA,Display panel 7in IPS,Electronics,2024-03-05,2024-04-05,2024-04-04,4251,4251,52.84,USD,807.69,11800,1795.94,13704.00,No,No,EXW
PO-2024-1420,Chennai Industrial Ltd,UPS Supply Chain,Parcel,Express,India,Reno,USA,"Wiring harness, 12-pin",Electrical,2024-03-05,2024-03-15,2024-03-15,3557,3557,10.00,USD,426.84,13500,1124.89,966.46,No,No,FOB
PO-2024-1421,Shenzhen Precision Works,Schenker Road,Road,Standard,China,Rotterdam,Netherlands,Steel bracket set,Housings,2024-03-05,2024-04-07,2024-04-05,2045,2045,4.29,USD,1329.25,11800,1259.66,419.65,No,No,CIF
PO-2024-1422,Shenzhen Precision Works,UPS Supply Chain,Parcel,Express,China,Fort Worth,USA,"Wiring harness, 12-pin",Electrical,2024-03-06,2024-03-24,2024-03-24,1715,1715,10.52,USD,205.80,11800,670.41,648.37,No,No,CIF
PO-2024-1423,Guadalajara Assembly,Schenker Road,Road,Standard,Mexico,Columbus,USA,Cooling fan 40mm,Thermal,2024-03-06,2024-04-05,2024-04-05,314,314,3.94,USD,12.56,2100,33.78,70.81,No,No,FOB
PO-2024-1424,Guadalajara Assembly,DHL Global Forwarding,Air,Express,Mexico,Columbus,USA,"Wiring harness, 12-pin",Electrical,2024-03-06,2024-03-16,2024-03-15,789,789,9.44,USD,94.68,2100,321.09,193.04,No,No,CIF
PO-2024-1425,Taipei Micro Systems,UPS Supply Chain,Parcel,Express,Taiwan,Fort Worth,USA,Cooling fan 40mm,Thermal,2024-03-06,2024-03-31,2024-03-30,4380,3693,3.98,USD,175.20,12100,620.44,411.64,No,No,CIF
PO-2024-1426,Hanoi Components Co,Maersk Line,Ocean,Standard,Vietnam,Reno,USA,"Wiring harness, 12-pin",Electrical,2024-03-06,2024-03-15,2024-03-21,4709,4709,10.71,USD,565.08,13200,344.03,2524.66,No,No,CIF
PO-2024-1427,Shenzhen Precision Works,UPS Supply Chain,Parcel,Express,China,Fort Worth,USA,"Aluminium enclosure, matte",Housings,2024-03-06,2024-03-19,2024-03-31,1902,1902,6.11,USD,589.62,11800,1388.15,669.50,No,No,CIF
PO-2024-1428,Hanoi Components Co,UPS Supply Chain,Parcel,Express,Vietnam,Reno,USA,"Aluminium enclosure, matte",Housings,2024-03-06,2024-03-22,2024-03-21,3763,3763,6.90,USD,1166.53,13200,2500.85,1589.33,No,No,FOB
PO-2024-1429,Ostrava Metalworks,Schenker Road,Road,Standard,Czechia,Memphis,USA,USB-C connector module,Electronics,2024-03-07,2024-03-26,2024-03-24,679,679,2.27,USD,6.79,7400,87.17,87.21,No,No,DDP
PO-2024-1430,Ostrava Metalworks,Schenker Road,Road,Standard,Czechia,Rotterdam,Netherlands,Display panel 7in IPS,Electronics,2024-03-07,2024-04-04,2024-04-03,3040,3040,52.25,USD,577.60,7400,572.36,10158.77,No,No,FOB
PO-2024-1431,Hanoi Components Co,UPS Supply Chain,Parcel,Express,Vietnam,Memphis,USA,Lithium cell pack 5000mAh,Power,2024-03-07,2024-04-01,2024-04-08,4465,4465,18.62,USD,1875.30,13200,3826.25,3266.01,No,No,EXW
PO-2024-1432,Hanoi Components Co,Maersk Line,Ocean,Standard,Vietnam,Fort Worth,USA,"Aluminium enclosure, matte",Housings,2024-03-07,2024-04-08,2024-04-23,2103,1918,6.63,USD,651.93,13200,384.64,681.73,No,No,EXW
PO-2024-1433,Hanoi Components Co,Schenker Road,Road,Standard,Vietnam,Rotterdam,Netherlands,USB-C connector module,Electronics,2024-03-07,2024-04-03,2024-04-15,4254,4254,2.38,USD,42.54,13200,181.36,464.55,No,No,DDP
PO-2024-1434,Shenzhen Precision Works,DHL Global Forwarding,Air,Express,China,Reno,USA,Steel bracket set,Housings,2024-03-07,2024-03-29,2024-04-04,2566,2566,4.75,USD,1667.90,11800,4797.30,319.53,No,No,EXW
PO-2024-1435,Chennai Industrial Ltd,UPS Supply Chain,Parcel,Express,India,Memphis,USA,Cooling fan 40mm,Thermal,2024-03-07,2024-04-01,2024-04-17,1179,1179,3.91,USD,47.16,13500,414.89,110.83,No,No,FOB
PO-2024-1436,Shenzhen Precision Works,Schenker Road,Road,Standard,China,Columbus,USA,PCB assembly rev-C,Electronics,2024-03-08,2024-04-09,2024-04-09,4538,4538,38.66,USD,363.04,11800,438.38,10571.45,No,No,CIF
PO-2024-1437,Hanoi Components Co,UPS Supply Chain,Parcel,Express,Vietnam,Columbus,USA,"Wiring harness, 12-pin",Electrical,2024-03-08,2024-04-10,2024-04-10,3857,3857,9.55,USD,462.84,13200,1184.95,1443.51,No,No,EXW
PO-2024-1438,Chennai Industrial Ltd,DHL Global Forwarding,Air,Express,India,Memphis,USA,"Wiring harness, 12-pin",Electrical,2024-03-08,2024-03-25,2024-04-19,4436,4436,10.64,USD,532.32,13500,1863.01,2290.02,No,No,EXW
PO-2024-1439,Shenzhen Precision Works,Schenker Road,Road,Standard,China,Reno,USA,PCB assembly rev-C,Electronics,2024-03-08,2024-03-25,2024-03-23,3060,3060,42.73,USD,244.80,11800,337.88,4684.39,No,No,EXW
PO-2024-1440,Hanoi Components Co,UPS Supply Chain,Parcel,Express,Vietnam,Columbus,USA,PCB assembly rev-C,Electronics,2024-03-08,2024-03-29,2024-04-07,1011,1011,44.57,USD,80.88,13200,470.69,1401.62,No,No,CIF
PO-2024-1441,Chennai Industrial Ltd,UPS Supply Chain,Parcel,Express,India,Rotterdam,Netherlands,Cooling fan 40mm,Thermal,2024-03-08,2024-03-31,2024-03-30,4799,4799,3.50,USD,191.96,13500,685.67,708.92,No,No,CIF
PO-2024-1442,Chennai Industrial Ltd,Maersk Line,Ocean,Standard,India,Rotterdam,Netherlands,USB-C connector module,Electronics,2024-03-09,2024-04-02,2024-04-18,2074,2074,2.34,USD,20.74,13500,91.37,115.21,No,No,FOB
PO-2024-1443,Taipei Micro Systems,Maersk Line,Ocean,Standard,Taiwan,Reno,USA,Lithium cell pack 5000mAh,Power,2024-03-09,2024-03-26,2024-03-26,4618,4618,19.89,USD,1939.56,12100,979.95,2753.05,No,No,EXW
PO-2024-1444,Hanoi Components Co,UPS Supply Chain,Parcel,Express,Vietnam,Fort Worth,USA,"Wiring harness, 12-pin",Electrical,2024-03-09,2024-04-02,2024-03-31,4529,4529,10.72,USD,543.48,13200,1335.75,2747.98,No,No,FOB
PO-2024-1445,Ostrava Metalworks,DHL Global Forwarding,Air,Express,Czechia,Columbus,USA,Steel bracket set,Housings,2024-03-09,2024-03-28,2024-03-27,3523,3523,4.15,USD,2289.95,7400,6286.36,527.03,No,No,FOB
PO-2024-1446,Ostrava Metalworks,DHL Global Forwarding,Air,Express,Czechia,Columbus,USA,PCB assembly rev-C,Electronics,2024-03-09,2024-03-28,2024-03-26,861,861,44.13,USD,68.88,7400,433.84,928.64,No,No,EXW
PO-2024-1447,Shenzhen Precision Works,Schenker Road,Road,Standard,China,Columbus,USA,"Aluminium enclosure, matte",Housings,2024-03-09,2024-03-29,2024-03-29,179,179,6.51,USD,55.49,11800,176.97,24.29,No,No,CIF
PO-2024-1448,Shenzhen Precision Works,DHL Global Forwarding,Air,Express,China,Memphis,USA,Cooling fan 40mm,Thermal,2024-03-09,2024-03-19,2024-04-02,1120,1120,3.68,USD,44.80,11800,520.43,103.24,No,No,DDP
PO-2024-1449,Chennai Industrial Ltd,UPS Supply Chain,Parcel,Express,India,Memphis,USA,PCB assembly rev-C,Electronics,2024-03-10,2024-03-20,2024-04-16,4421,4421,45.48,USD,353.68,13500,988.08,8953.88,No,No,FOB
PO-2024-1450,Taipei Micro Systems,DHL Global Forwarding,Air,Express,Taiwan,Memphis,USA,"Aluminium enclosure, matte",Housings,2024-03-10,2024-03-23,2024-03-22,391,391,6.12,USD,121.21,12100,732.00,126.28,No,No,EXW
PO-2024-1451,Chennai Industrial Ltd,Maersk Line,Ocean,Standard,India,Fort Worth,USA,"Wiring harness, 12-pin",Electrical,2024-03-10,2024-04-06,2024-04-07,1416,1416,10.71,USD,169.92,13500,161.11,627.39,Yes,Yes,EXW
PO-2024-1452,Shenzhen Precision Works,Maersk Line,Ocean,Standard,China,Memphis,USA,Lithium cell pack 5000mAh,Power,2024-03-10,2024-03-24,2024-03-25,871,871,17.64,USD,365.82,11800,242.41,398.45,No,No,CIF
PO-2024-1453,Shenzhen Precision Works,DHL Global Forwarding,Air,Express,China,Columbus,USA,Cooling fan 40mm,Thermal,2024-03-10,2024-04-06,2024-04-23,1708,1708,3.37,USD,68.32,11800,582.40,262.50,No,No,FOB
PO-2024-1454,Guadalajara Assembly,Schenker Road,Road,Standard,Mexico,Reno,USA,PCB assembly rev-C,Electronics,2024-03-10,2024-04-02,2024-04-05,2147,2147,46.27,USD,171.76,2100,169.10,5942.54,No,No,FOB
PO-2024-1455,Shenzhen Precision Works,Maersk Line,Ocean,Standard,China,Memphis,USA,USB-C connector module,Electronics,2024-03-11,2024-03-21,2024-03-20,1705,1705,2.32,USD,17.05,11800,79.36,181.45,No,No,CIF
PO-2024-1456,Shenzhen Precision Works,Maersk Line,Ocean,Standard,China,Columbus,USA,Display panel 7in IPS,Electronics,2024-03-11,2024-04-01,2024-04-20,1189,1189,57.28,USD,225.91,11800,177.00,4115.77,No,No,FOB
PO-2024-1457,Hanoi Components Co,Schenker Road,Road,Standard,Vietnam,Fort Worth,USA,"Wiring harness, 12-pin",Electrical,2024-03-11,2024-04-13,2024-04-30,1853,1853,10.64,USD,222.36,13200,334.21,564.56,No,No,FOB
PO-2024-1458,Shenzhen Precision Works,DHL Global Forwarding,Air,Express,China,Columbus,USA,Lithium cell pack 5000mAh,Power,2024-03-11,2024-04-07,2024-04-07,2187,2187,19.78,USD,918.54,11800,2822.73,1450.42,No,No,EXW
PO-2024-1459,Hanoi Components Co,UPS Supply Chain,Parcel,Express,Vietnam,Fort Worth,USA,Cooling fan 40mm,Thermal,2024-03-11,2024-04-05,2024-04-05,1482,1482,3.75,USD,59.28,13200,430.29,309.65,No,No,CIF
PO-2024-1460,Guadalajara Assembly,Maersk Line,Ocean,Standard,Mexico,Columbus,USA,Steel bracket set,Housings,2024-03-11,2024-04-10,2024-04-08,4038,4038,4.17,USD,2624.70,2100,1239.75,917.43,No,No,FOB
PO-2024-1461,Taipei Micro Systems,DHL Global Forwarding,Air,Express,Taiwan,Memphis,USA,USB-C connector module,Electronics,2024-03-11,2024-04-04,2024-04-04,2185,2185,2.20,USD,21.85,12100,470.18,140.40,No,No,EXW
PO-2024-1462,Hanoi Components Co,Maersk Line,Ocean,Standard,Vietnam,Fort Worth,USA,Cooling fan 40mm,Thermal,2024-03-12,2024-03-31,2024-04-12,3721,3721,3.41,USD,148.84,13200,149.44,259.71,No,No,CIF
PO-2024-1463,Chennai Industrial Ltd,DHL Global Forwarding,Air,Express,India,Columbus,USA,USB-C connector module,Electronics,2024-03-12,2024-03-27,2024-03-27,1364,1364,2.21,USD,13.64,13500,496.29,107.10,No,No,DDP
PO-2024-1464,Shenzhen Precision Works,UPS Supply Chain,Parcel,Express,China,Columbus,USA,"Aluminium enclosure, matte",Housings,2024-03-12,2024-03-29,2024-03-29,4329,4329,6.12,USD,1341.99,11800,2795.08,877.77,No,No,FOB
PO-2024-1465,Ostrava Metalworks,DHL Global Forwarding,Air,Express,Czechia,Memphis,USA,PCB assembly rev-C,Electronics,2024-03-12,2024-04-01,2024-04-01,611,611,45.36,USD,48.88,7400,381.14,800.14,No,No,DDP
PO-2024-1466,Guadalajara Assembly,DHL Global Forwarding,Air,Express,Mexico,Rotterdam,Netherlands,PCB assembly rev-C,Electronics,2024-03-12,2024-04-04,2024-04-07,976,976,46.39,USD,78.08,2100,277.35,1921.56,No,No,CIF
PO-2024-1467,Shenzhen Precision Works,DHL Global Forwarding,Air,Express,China,Rotterdam,Netherlands,Cooling fan 40mm,Thermal,2024-03-12,2024-03-27,2024-04-18,226,226,3.75,USD,9.04,11800,426.20,32.03,No,No,CIF
PO-2024-1468,Shenzhen Precision Works,Schenker Road,Road,Standard,China,Rotterdam,Netherlands,USB-C connector module,Electronics,2024-03-12,2024-03-22,2024-03-22,3595,3595,2.02,USD,35.95,11800,160.36,273.95,No,No,EXW
PO-2024-1469,Guadalajara Assembly,DHL Global Forwarding,Air,Express,Mexico,Reno,USA,USB-C connector module,Electronics,2024-03-13,2024-04-13,2024-04-13,1209,1209,2.33,USD,12.09,2100,103.47,59.83,Yes,No,FOB
PO-2024-1470,Taipei Micro Systems,Maersk Line,Ocean,Standard,Taiwan,Memphis,USA,Steel bracket set,Housings,2024-03-13,2024-04-15,2024-04-15,344,344,4.66,USD,223.60,12100,177.74,42.78,No,No,DDP
PO-2024-1471,Shenzhen Precision Works,Schenker Road,Road,Standard,China,Memphis,USA,PCB assembly rev-C,Electronics,2024-03-13,2024-04-11,2024-04-25,1766,1766,45.42,USD,141.28,11800,249.89,5056.72,No,No,EXW
PO-2024-1472,Chennai Industrial Ltd,DHL Global Forwarding,Air,Express,India,Memphis,USA,Display panel 7in IPS,Electronics,2024-03-13,2024-03-27,2024-03-27,1965,1965,51.58,USD,373.35,13500,1444.13,2172.89,No,No,CIF
PO-2024-1473,Shenzhen Precision Works,DHL Global Forwarding,Air,Express,China,Columbus,USA,"Aluminium enclosure, matte",Housings,2024-03-13,2024-04-16,2024-04-15,2012,2012,6.86,USD,623.72,11800,2045.88,330.97,No,No,EXW
PO-2024-1474,Chennai Industrial Ltd,Maersk Line,Ocean,Standard,India,Rotterdam,Netherlands,Display panel 7in IPS,Electronics,2024-03-13,2024-03-31,2024-04-27,983,983,56.47,USD,186.77,13500,168.99,3182.70,No,No,CIF
PO-2024-1475,Shenzhen Precision Works,UPS Supply Chain,Parcel,Express,China,Fort Worth,USA,"Aluminium enclosure, matte",Housings,2024-03-14,2024-04-06,2024-04-05,3000,3000,5.77,USD,930.00,11800,2024.66,857.20,No,No,FOB
PO-2024-1476,Guadalajara Assembly,UPS Supply Chain,Parcel,Express,Mexico,Fort Worth,USA,Steel bracket set,Housings,2024-03-14,2024-04-08,2024-04-08,41,41,4.74,USD,26.65,2100,100.66,4.61,No,No,EXW
PO-2024-1477,Taipei Micro Systems,DHL Global Forwarding,Air,Express,Taiwan,Columbus,USA,USB-C connector module,Electronics,2024-03-14,2024-04-15,2024-04-14,3063,3063,2.18,USD,30.63,12100,493.32,427.01,No,No,CIF
PO-2024-1478,Shenzhen Precision Works,DHL Global Forwarding,Air,Express,China,Columbus,USA,Lithium cell pack 5000mAh,Power,2024-03-14,2024-04-06,2024-04-05,1607,1607,17.09,USD,674.94,11800,2180.85,555.39,No,No,DDP
PO-2024-1479,Shenzhen Precision Works,UPS Supply Chain,Parcel,Express,China,Reno,USA,"Aluminium enclosure, matte",Housings,2024-03-14,2024-03-24,2024-04-09,3730,3730,6.67,USD,1156.30,11800,2447.84,984.55,No,No,EXW
PO-2024-1480,Shenzhen Precision Works,Maersk Line,Ocean,Standard,China,Columbus,USA,"Aluminium enclosure, matte",Housings,2024-03-14,2024-04-15,2024-05-03,3766,3766,6.75,USD,1167.46,11800,617.18,674.61,No,No,DDP
PO-2024-1481,Taipei Micro Systems,Schenker Road,Road,Standard,Taiwan,Reno,USA,"Aluminium enclosure, matte",Housings,2024-03-14,2024-03-25,2024-03-25,2180,2180,6.88,USD,675.80,12100,707.53,752.80,No,No,CIF
PO-2024-1482,Shenzhen Precision Works,Schenker Road,Road,Standard,China,Fort Worth,USA,USB-C connector module,Electronics,2024-03-15,2024-04-04,2024-04-24,353,353,2.33,USD,3.53,11800,132.80,44.37,No,No,CIF
PO-2024-1483,Hanoi Components Co,Maersk Line,Ocean,Standard,Vietnam,Memphis,USA,"Aluminium enclosure, matte",Housings,2024-03-15,2024-03-27,2024-04-04,1943,1943,6.32,USD,602.33,13200,361.45,467.71,No,No,DDP
PO-2024-1484,Guadalajara Assembly,Maersk Line,Ocean,Standard,Mexico,Reno,USA,Steel bracket set,Housings,2024-03-15,2024-04-09,2024-04-07,2044,2044,4.41,USD,1328.60,2100,633.83,459.41,No,No,DDP
PO-2024-1485,Guadalajara Assembly,Maersk Line,Ocean,Standard,Mexico,Rotterdam,Netherlands,"Wiring harness, 12-pin",Electrical,2024-03-15,2024-04-16,2024-04-15,4093,4093,9.40,USD,491.16,2100,242.32,2447.36,No,No,CIF
PO-2024-1486,Chennai Industrial Ltd,Maersk Line,Ocean,Standard,India,Memphis,USA,USB-C connector module,Electronics,2024-03-15,2024-04-04,2024-04-15,1646,1428,2.11,USD,16.46,13500,89.37,204.21,No,No,CIF
PO-2024-1487,Shenzhen Precision Works,Maersk Line,Ocean,Standard,China,Memphis,USA,"Wiring harness, 12-pin",Electrical,2024-03-15,2024-04-12,2024-04-28,470,470,10.34,USD,56.40,11800,97.76,108.76,No,No,CIF
PO-2024-1488,Shenzhen Precision Works,UPS Supply Chain,Parcel,Express,China,Rotterdam,Netherlands,PCB assembly rev-C,Electronics,2024-03-16,2024-03-25,2024-03-25,3592,3592,42.82,USD,287.36,11800,822.92,7926.99,No,No,DDP
PO-2024-1489,Hanoi Components Co,UPS Supply Chain,Parcel,Express,Vietnam,Reno,USA,Cooling fan 40mm,Thermal,2024-03-16,2024-04-10,2024-04-10,2964,2964,3.77,USD,118.56,13200,541.15,379.69,No,No,DDP
PO-2024-1490,Taipei Micro Systems,UPS Supply Chain,Parcel,Express,Taiwan,Reno,USA,USB-C connector module,Electronics,2024-03-16,2024-04-11,2024-04-11,4631,4631,2.11,USD,46.31,12100,379.42,218.64,No,No,EXW
PO-2024-1491,Hanoi Components Co,Schenker Road,Road,Standard,Vietnam,Reno,USA,"Wiring harness, 12-pin",Electrical,2024-03-16,2024-03-25,2024-04-08,531,531,9.46,USD,63.72,13200,199.36,243.66,No,No,CIF
PO-2024-1492,Shenzhen Precision Works,Maersk Line,Ocean,Standard,China,Fort Worth,USA,"Aluminium enclosure, matte",Housings,2024-03-16,2024-04-13,2024-04-13,4406,4406,6.25,USD,1365.86,11800,709.93,681.23,No,No,DDP
PO-2024-1493,Hanoi Components Co,UPS Supply Chain,Parcel,Express,Vietnam,Columbus,USA,Cooling fan 40mm,Thermal,2024-03-16,2024-04-11,2024-04-10,3488,3488,3.46,USD,139.52,13200,580.34,582.08,No,No,CIF
PO-2024-1494,Guadalajara Assembly,UPS Supply Chain,Parcel,Express,Mexico,Fort Worth,USA,"Aluminium enclosure, matte",Housings,2024-03-16,2024-04-08,2024-04-08,4369,4369,6.93,USD,1354.39,2100,2583.53,952.35,No,No,DDP
PO-2024-1495,Shenzhen Precision Works,UPS Supply Chain,Parcel,Express,China,Rotterdam,Netherlands,Display panel 7in IPS,Electronics,2024-03-17,2024-04-01,2024-04-09,1114,1114,55.68,USD,211.66,11800,681.36,1922.97,No,No,EXW
PO-2024-1496,Shenzhen Precision Works,Schenker Road,Road,Standard,China,Reno,USA,Lithium cell pack 5000mAh,Power,2024-03-17,2024-03-28,2024-04-10,2933,2933,20.22,USD,1231.86,11800,1176.88,1330.92,No,No,EXW
PO-2024-1497,Chennai Industrial Ltd,Schenker Road,Road,Standard,India,Fort Worth,USA,"Wiring harness, 12-pin",Electrical,2024-03-17,2024-04-19,2024-04-18,1147,1147,10.14,USD,137.64,13500,265.49,610.31,No,No,FOB
PO-2024-1498,Guadalajara Assembly,UPS Supply Chain,Parcel,Express,Mexico,Memphis,USA,Cooling fan 40mm,Thermal,2024-03-17,2024-04-12,2024-04-12,3474,3474,3.41,USD,138.96,2100,310.68,415.86,No,No,FOB
PO-2024-1499,Shenzhen Precision Works,DHL Global Forwarding,Air,Express,China,Rotterdam,Netherlands,USB-C connector module,Electronics,2024-03-17,2024-04-07,2024-04-28,3035,3035,1.99,USD,30.35,11800,482.35,242.10,No,No,FOB
PO-2024-1500,Chennai Industrial Ltd,Schenker Road,Road,Standard,India,Rotterdam,Netherlands,PCB assembly rev-C,Electronics,2024-03-17,2024-04-17,2024-05-05,3317,3317,39.77,USD,265.36,13500,374.06,8162.63,No,No,CIF
PO-2024-1501,Chennai Industrial Ltd,Schenker Road,Road,Standard,India,Memphis,USA,Steel bracket set,Housings,2024-03-17,2024-04-06,2024-04-20,2965,2965,4.37,USD,1927.25,13500,1786.66,511.39,No,No,FOB
PO-2024-1502,Chennai Industrial Ltd,UPS Supply Chain,Parcel,Express,India,Reno,USA,Steel bracket set,Housings,2024-03-18,2024-04-07,2024-04-07,2987,2987,4.10,USD,1941.55,13500,3957.40,453.95,No,No,CIF
PO-2024-1503,Shenzhen Precision Works,Schenker Road,Road,Standard,China,Rotterdam,Netherlands,Cooling fan 40mm,Thermal,2024-03-18,2024-04-09,2024-04-23,4171,4171,3.52,USD,166.84,11800,271.61,520.07,No,No,DDP
PO-2024-1504,Chennai Industrial Ltd,Maersk Line,Ocean,Standard,India,Fort Worth,USA,PCB assembly rev-C,Electronics,2024-03-18,2024-04-09,2024-04-09,2507,2507,43.37,USD,200.56,13500,175.44,2571.44,No,No,CIF
PO-2024-1505,Ostrava Metalworks,Maersk Line,Ocean,Standard,Czechia,Columbus,USA,"Wiring harness, 12-pin",Electrical,2024-03-18,2024-04-17,2024-04-16,1322,1322,9.90,USD,158.64,7400,118.93,283.98,No,No,EXW
PO-2024-1506,Guadalajara Assembly,DHL Global Forwarding,Air,Express,Mexico,Columbus,USA,"Aluminium enclosure, matte",Housings,2024-03-18,2024-03-31,2024-03-31,3159,3159,6.63,USD,979.29,2100,2652.04,1257.83,No,No,FOB
PO-2024-1507,Ostrava Metalworks,Maersk Line,Ocean,Standard,Czechia,Reno,USA,Display panel 7in IPS,Electronics,2024-03-18,2024-04-09,2024-04-07,3220,3220,50.50,USD,611.80,7400,330.79,7936.91,No,No,EXW
PO-2024-1508,Shenzhen Precision Works,Schenker Road,Road,Standard,China,Fort Worth,USA,Steel bracket set,Housings,2024-03-19,2024-04-20,2024-05-06,1321,1321,4.05,USD,858.65,11800,859.65,141.47,No,No,DDP
PO-2024-1509,Chennai Industrial Ltd,Maersk Line,Ocean,Standard,India,Columbus,USA,Cooling fan 40mm,Thermal,2024-03-19,2024-04-16,2024-04-16,3431,3431,3.67,USD,137.24,13500,145.83,346.84,No,No,DDP
PO-2024-1510,Shenzhen Precision Works,Schenker Road,Road,Standard,China,Rotterdam,Netherlands,Steel bracket set,Housings,2024-03-19,2024-04-10,2024-04-10,322,322,4.12,USD,209.30,11800,307.70,44.85,No,No,CIF
PO-2024-1511,Shenzhen Precision Works,Schenker Road,Road,Standard,China,Fort Worth,USA,Lithium cell pack 5000mAh,Power,2024-03-19,2024-04-22,2024-04-21,4151,4151,20.11,USD,1743.42,11800,1611.71,4027.09,No,No,DDP
PO-2024-1512,Ostrava Metalworks,UPS Supply Chain,Parcel,Express,Czechia,Memphis,USA,Display panel 7in IPS,Electronics,2024-03-19,2024-04-12,2024-04-11,1488,1488,54.77,USD,282.72,7400,707.77,2493.47,Yes,Yes,FOB
PO-2024-1513,Shenzhen Precision Works,Maersk Line,Ocean,Standard,China,Columbus,USA,PCB assembly rev-C,Electronics,2024-03-19,2024-04-18,2024-04-30,2801,2801,41.84,USD,224.08,11800,176.15,2544.20,No,No,CIF
PO-2024-1514,Shenzhen Precision Works,Maersk Line,Ocean,Standard,China,Fort Worth,USA,PCB assembly rev-C,Electronics,2024-03-19,2024-04-02,2024-04-01,4109,4109,40.10,USD,328.72,11800,225.07,6026.67,No,No,CIF
PO-2024-1515,Shenzhen Precision Works,UPS Supply Chain,Parcel,Express,China,Reno,USA,Cooling fan 40mm,Thermal,2024-03-20,2024-04-03,2024-04-02,2280,2280,3.96,USD,91.20,11800,456.10,227.86,No,No,EXW
PO-2024-1516,Ostrava Metalworks,Maersk Line,Ocean,Standard,Czechia,Memphis,USA,"Aluminium enclosure, matte",Housings,2024-03-20,2024-04-23,2024-04-22,2835,2835,6.90,USD,878.85,7400,455.63,649.73,No,No,EXW
PO-2024-1517,Guadalajara Assembly,Schenker Road,Road,Standard,Mexico,Columbus,USA,Lithium cell pack 5000mAh,Power,2024-03-20,2024-04-19,2024-04-19,1248,1248,18.48,USD,524.16,2100,468.64,1074.77,No,No,DDP
PO-2024-1518,Chennai Industrial Ltd,Schenker Road,Road,Standard,India,Memphis,USA,Display panel 7in IPS,Electronics,2024-03-20,2024-04-14,2024-04-13,1884,1884,54.82,USD,357.96,13500,452.77,2928.11,No,No,EXW
PO-2024-1519,Ostrava Metalworks,Maersk Line,Ocean,Standard,Czechia,Rotterdam,Netherlands,"Aluminium enclosure, matte",Housings,2024-03-20,2024-04-09,2024-04-12,4076,4076,5.96,USD,1263.56,7400,635.48,495.15,No,No,EXW
PO-2024-1520,Guadalajara Assembly,Schenker Road,Road,Standard,Mexico,Fort Worth,USA,Steel bracket set,Housings,2024-03-20,2024-04-02,2024-04-02,4294,4294,4.33,USD,2791.10,2100,2395.53,1133.64,No,No,DDP
PO-2024-1521,Taipei Micro Systems,DHL Global Forwarding,Air,Express,Taiwan,Rotterdam,Netherlands,Cooling fan 40mm,Thermal,2024-03-21,2024-04-24,2024-04-22,3922,3922,3.65,USD,156.88,12100,825.99,610.49,No,No,DDP
PO-2024-1522,Hanoi Components Co,UPS Supply Chain,Parcel,Express,Vietnam,Reno,USA,"Aluminium enclosure, matte",Housings,2024-03-21,2024-04-15,2024-04-15,86,86,6.63,USD,26.66,13200,369.29,34.68,No,No,FOB
PO-2024-1523,Hanoi Components Co,Maersk Line,Ocean,Standard,Vietnam,Rotterdam,Netherlands,"Aluminium enclosure, matte",Housings,2024-03-21,2024-04-19,2024-05-02,4601,4601,6.89,USD,1426.31,13200,746.66,663.38,No,No,DDP
PO-2024-1524,Hanoi Components Co,DHL Global Forwarding,Air,Express,Vietnam,Rotterdam,Netherlands,USB-C connector module,Electronics,2024-03-21,2024-04-07,2024-04-07,766,766,2.26,USD,7.66,13200,470.30,109.85,No,No,DDP
PO-2024-1525,Taipei Micro Systems,Schenker Road,Road,Standard,Taiwan,Columbus,USA,Cooling fan 40mm,Thermal,2024-03-21,2024-04-03,2024-04-03,777,777,3.74,USD,31.08,12100,159.52,74.82,No,No,FOB
PO-2024-1526,Taipei Micro Systems,Maersk Line,Ocean,Standard,Taiwan,Columbus,USA,PCB assembly rev-C,Electronics,2024-03-21,2024-04-04,2024-04-04,2833,2833,45.52,USD,226.64,12100,179.16,8311.67,No,No,DDP
PO-2024-1527,Shenzhen Precision Works,Maersk Line,Ocean,Standard,China,Rotterdam,Netherlands,PCB assembly rev-C,Electronics,2024-03-21,2024-04-10,2024-04-28,3679,3679,43.36,USD,294.32,11800,208.98,3580.60,No,No,DDP
PO-2024-1528,Shenzhen Precision Works,DHL Global Forwarding,Air,Express,China,Columbus,USA,PCB assembly rev-C,Electronics,2024-03-22,2024-04-23,2024-04-22,3473,3473,39.70,USD,277.84,11800,1134.49,2951.83,No,No,CIF
PO-2024-1529,Hanoi Components Co,UPS Supply Chain,Parcel,Express,Vietnam,Columbus,USA,"Aluminium enclosure, matte",Housings,2024-03-22,2024-04-09,2024-04-09,1247,1247,6.84,USD,386.57,13200,1042.33,277.04,No,No,FOB
PO-2024-1530,Shenzhen Precision Works,Maersk Line,Ocean,Standard,China,Columbus,USA,"Aluminium enclosure, matte",Housings,2024-03-22,2024-04-18,2024-05-07,995,995,6.43,USD,308.45,11800,215.59,213.16,Yes,Yes,EXW
PO-2024-1531,Shenzhen Precision Works,DHL Global Forwarding,Air,Express,China,Columbus,USA,"Aluminium enclosure, matte",Housings,2024-03-22,2024-04-22,2024-04-21,206,206,6.18,USD,63.86,11800,570.65,74.19,No,No,FOB
PO-2024-1532,Guadalajara Assembly,Maersk Line,Ocean,Standard,Mexico,Fort Worth,USA,PCB assembly rev-C,Electronics,2024-03-22,2024-04-05,2024-04-09,2545,2545,40.76,USD,203.60,2100,107.89,6464.70,No,No,DDP
PO-2024-1533,Shenzhen Precision Works,UPS Supply Chain,Parcel,Express,China,Memphis,USA,Steel bracket set,Housings,2024-03-22,2024-03-31,2024-03-31,4697,4697,3.99,USD,3053.05,11800,5994.76,1062.66,No,No,DDP
PO-2024-1534,Shenzhen Precision Works,Schenker Road,Road,Standard,China,Fort Worth,USA,Display panel 7in IPS,Electronics,2024-03-22,2024-04-06,2024-04-06,4343,4343,51.32,USD,825.17,11800,831.19,13872.47,No,No,DDP
PO-2024-1535,Guadalajara Assembly,UPS Supply Chain,Parcel,Express,Mexico,Memphis,USA,Display panel 7in IPS,Electronics,2024-03-23,2024-04-07,2024-04-05,3462,3462,51.82,USD,657.78,2100,1280.87,7053.62,No,No,DDP
PO-2024-1536,Shenzhen Precision Works,Schenker Road,Road,Standard,China,Rotterdam,Netherlands,USB-C connector module,Electronics,2024-03-23,2024-04-25,2024-04-24,2464,2464,2.20,USD,24.64,11800,150.74,283.55,No,No,FOB
PO-2024-1537,Ostrava Metalworks,Maersk Line,Ocean,Standard,Czechia,Reno,USA,USB-C connector module,Electronics,2024-03-23,2024-04-10,2024-04-10,2485,2485,2.20,USD,24.85,7400,56.39,165.25,No,No,CIF
PO-2024-1538,Shenzhen Precision Works,Maersk Line,Ocean,Standard,China,Columbus,USA,Steel bracket set,Housings,2024-03-23,2024-04-18,2024-05-02,2662,2662,4.70,USD,1730.30,11800,880.31,690.45,No,No,EXW
PO-2024-1539,Hanoi Components Co,Schenker Road,Road,Standard,Vietnam,Columbus,USA,USB-C connector module,Electronics,2024-03-23,2024-04-09,2024-04-16,1903,1903,2.25,USD,19.03,13200,161.38,204.66,No,No,DDP
PO-2024-1540,Hanoi Components Co,UPS Supply Chain,Parcel,Express,Vietnam,Rotterdam,Netherlands,Lithium cell pack 5000mAh,Power,2024-03-23,2024-04-22,2024-04-20,357,357,20.39,USD,149.94,13200,599.83,273.66,No,No,CIF
PO-2024-1541,Shenzhen Precision Works,Schenker Road,Road,Standard,China,Rotterdam,Netherlands,Display panel 7in IPS,Electronics,2024-03-24,2024-04-19,2024-04-18,469,469,51.62,USD,89.11,11800,205.54,721.12,Yes,No,CIF
PO-2024-1542,Guadalajara Assembly,DHL Global Forwarding,Air,Express,Mexico,Memphis,USA,Display panel 7in IPS,Electronics,2024-03-24,2024-04-11,2024-04-11,2360,2360,57.74,USD,448.40,2100,1253.14,6408.61,No,No,FOB
PO-2024-1543,Ostrava Metalworks,Maersk Line,Ocean,Standard,Czechia,Reno,USA,"Aluminium enclosure, matte",Housings,2024-03-24,2024-04-19,2024-04-18,1014,1014,5.85,USD,314.34,7400,191.72,371.87,No,No,DDP
PO-2024-1544,Taipei Micro Systems,UPS Supply Chain,Parcel,Express,Taiwan,Columbus,USA,"Wiring harness, 12-pin",Electrical,2024-03-24,2024-04-17,2024-04-18,1878,1878,9.99,USD,225.36,12100,714.24,1079.52,No,No,FOB
PO-2024-1545,Taipei Micro Systems,Maersk Line,Ocean,Standard,Taiwan,Columbus,USA,Display panel 7in IPS,Electronics,2024-03-24,2024-04-16,2024-04-16,3769,3099,54.11,USD,716.11,12100,407.99,10864.77,No,No,EXW
PO-2024-1546,Guadalajara Assembly,Schenker Road,Road,Standard,Mexico,Reno,USA,PCB assembly rev-C,Electronics,2024-03-24,2024-04-25,2024-04-25,719,719,44.72,USD,57.52,2100,71.99,1620.37,Yes,No,EXW
PO-2024-1547,Hanoi Components Co,DHL Global Forwarding,Air,Express,Vietnam,Fort Worth,USA,Lithium cell pack 5000mAh,Power,2024-03-24,2024-04-04,2024-04-03,4386,4386,17.12,USD,1842.12,13200,5304.11,3113.29,No,No,EXW
PO-2024-1548,Ostrava Metalworks,Maersk Line,Ocean,Standard,Czechia,Columbus,USA,Cooling fan 40mm,Thermal,2024-03-25,2024-04-20,2024-04-18,1426,1426,3.32,USD,57.04,7400,71.44,113.48,No,No,FOB
PO-2024-1549,Taipei Micro Systems,DHL Global Forwarding,Air,Express,Taiwan,Rotterdam,Netherlands,Cooling fan 40mm,Thermal,2024-03-25,2024-04-22,2024-04-22,4549,4549,3.86,USD,181.96,12100,892.07,1054.60,No,No,CIF
PO-2024-1550,Guadalajara Assembly,Schenker Road,Road,Standard,Mexico,Columbus,USA,Lithium cell pack 5000mAh,Power,2024-03-25,2024-04-14,2024-04-14,449,449,20.12,USD,188.58,2100,183.39,540.25,No,No,CIF
PO-2024-1551,Taipei Micro Systems,UPS Supply Chain,Parcel,Express,Taiwan,Memphis,USA,Cooling fan 40mm,Thermal,2024-03-25,2024-04-09,2024-04-08,1638,1638,3.62,USD,65.52,12100,415.34,381.27,No,No,CIF
PO-2024-1552,Hanoi Components Co,UPS Supply Chain,Parcel,Express,Vietnam,Rotterdam,Netherlands,Cooling fan 40mm,Thermal,2024-03-25,2024-04-04,2024-04-08,2953,2953,3.72,USD,118.12,13200,540.32,339.00,No,No,EXW
PO-2024-1553,Hanoi Components Co,Maersk Line,Ocean,Standard,Vietnam,Reno,USA,Cooling fan 40mm,Thermal,2024-03-25,2024-04-14,2024-04-14,3947,3947,3.87,USD,157.88,13200,153.67,458.18,No,No,CIF
PO-2024-1554,Shenzhen Precision Works,Schenker Road,Road,Standard,China,Memphis,USA,Lithium cell pack 5000mAh,Power,2024-03-26,2024-04-14,2024-05-12,4385,4385,17.10,USD,1841.70,11800,1695.24,1727.50,No,No,DDP
PO-2024-1555,Shenzhen Precision Works,Maersk Line,Ocean,Standard,China,Fort Worth,USA,"Aluminium enclosure, matte",Housings,2024-03-26,2024-04-06,2024-04-27,1396,1396,6.58,USD,432.76,11800,273.71,229.58,No,No,CIF
PO-2024-1556,Guadalajara Assembly,Maersk Line,Ocean,Standard,Mexico,Reno,USA,Display panel 7in IPS,Electronics,2024-03-26,2024-04-13,2024-04-12,1888,1888,52.73,USD,358.72,2100,180.41,3294.80,No,No,FOB
PO-2024-1557,Shenzhen Precision Works,UPS Supply Chain,Parcel,Express,China,Fort Worth,USA,USB-C connector module,Electronics,2024-03-26,2024-04-20,2024-04-19,923,923,2.22,USD,9.23,11800,302.82,62.88,No,No,FOB
PO-2024-1558,Shenzhen Precision Works,UPS Supply Chain,Parcel,Express,China,Columbus,USA,"Wiring harness, 12-pin",Electrical,2024-03-26,2024-04-12,2024-05-02,1360,1360,9.98,USD,163.20,11800,590.74,529.23,No,No,CIF
PO-2024-1559,Hanoi Components Co,DHL Global Forwarding,Air,Express,Vietnam,Columbus,USA,Cooling fan 40mm,Thermal,2024-03-26,2024-04-21,2024-04-20,3014,3014,3.46,USD,120.56,13200,767.80,520.81,No,No,EXW
PO-2024-1560,Ostrava Metalworks,UPS Supply Chain,Parcel,Express,Czechia,Reno,USA,Cooling fan 40mm,Thermal,2024-03-26,2024-04-19,2024-04-18,1214,1214,3.54,USD,48.56,7400,269.89,222.40,No,No,EXW
PO-2024-1561,Guadalajara Assembly,Schenker Road,Road,Standard,Mexico,Columbus,USA,Cooling fan 40mm,Thermal,2024-03-27,2024-04-05,2024-04-05,3108,3108,3.54,USD,124.32,2100,128.77,263.98,No,No,EXW
PO-2024-1562,Chennai Industrial Ltd,DHL Global Forwarding,Air,Express,India,Columbus,USA,Steel bracket set,Housings,2024-03-27,2024-04-18,2024-05-08,1794,1794,4.68,USD,1166.10,13500,3533.02,412.47,No,No,CIF
PO-2024-1563,Hanoi Components Co,DHL Global Forwarding,Air,Express,Vietnam,Reno,USA,Lithium cell pack 5000mAh,Power,2024-03-27,2024-04-24,2024-05-11,3590,3590,18.13,USD,1507.80,13200,4423.17,3358.64,No,No,EXW
PO-2024-1564,Guadalajara Assembly,DHL Global Forwarding,Air,Express,Mexico,Memphis,USA,"Aluminium enclosure, matte",Housings,2024-03-27,2024-04-14,2024-04-13,2410,2410,6.66,USD,747.10,2100,2040.22,786.31,No,No,DDP
PO-2024-1565,Guadalajara Assembly,Maersk Line,Ocean,Standard,Mexico,Memphis,USA,USB-C connector module,Electronics,2024-03-27,2024-04-13,2024-04-13,2496,2496,2.12,USD,24.96,2100,24.37,194.87,No,No,DDP
PO-2024-1566,Hanoi Components Co,DHL Global Forwarding,Air,Express,Vietnam,Memphis,USA,Lithium cell pack 5000mAh,Power,2024-03-27,2024-04-08,2024-04-07,1993,1993,19.32,USD,837.06,13200,2655.77,2267.89,No,No,FOB
PO-2024-1567,Taipei Micro Systems,Schenker Road,Road,Standard,Taiwan,Memphis,USA,Cooling fan 40mm,Thermal,2024-03-27,2024-04-15,2024-04-28,3293,3293,3.75,USD,131.72,12100,245.06,565.96,No,No,EXW
PO-2024-1568,Taipei Micro Systems,Maersk Line,Ocean,Standard,Taiwan,Memphis,USA,Display panel 7in IPS,Electronics,2024-03-28,2024-04-20,2024-05-10,4446,4446,50.34,USD,844.74,12100,468.12,4654.11,No,No,EXW
PO-2024-1569,Shenzhen Precision Works,UPS Supply Chain,Parcel,Express,China,Memphis,USA,PCB assembly rev-C,Electronics,2024-03-28,2024-04-20,2024-05-24,2695,2695,44.43,USD,215.60,11800,688.73,6523.46,No,No,CIF
PO-2024-1570,Hanoi Components Co,Schenker Road,Road,Standard,Vietnam,Memphis,USA,PCB assembly rev-C,Electronics,2024-03-28,2024-04-13,2024-04-13,2534,2093,40.92,USD,202.72,13200,317.51,2950.91,No,No,DDP
PO-2024-1571,Shenzhen Precision Works,UPS Supply Chain,Parcel,Express,China,Reno,USA,USB-C connector module,Electronics,2024-03-28,2024-04-19,2024-05-12,1724,1724,2.31,USD,17.24,11800,317.80,133.10,No,No,DDP
PO-2024-1572,Ostrava Metalworks,Schenker Road,Road,Standard,Czechia,Memphis,USA,Cooling fan 40mm,Thermal,2024-03-28,2024-04-19,2024-04-19,1717,1717,3.93,USD,68.68,7400,139.78,328.29,No,No,EXW
PO-2024-1573,Taipei Micro Systems,DHL Global Forwarding,Air,Express,Taiwan,Columbus,USA,Lithium cell pack 5000mAh,Power,2024-03-28,2024-04-15,2024-04-15,1044,1044,18.90,USD,438.48,12100,1568.00,1054.39,No,No,FOB
PO-2024-1574,Hanoi Components Co,UPS Supply Chain,Parcel,Express,Vietnam,Memphis,USA,PCB assembly rev-C,Electronics,2024-03-29,2024-04-12,2024-04-11,1141,1141,40.85,USD,91.28,13200,490.13,2278.12,No,No,EXW
PO-2024-1575,Chennai Industrial Ltd,DHL Global Forwarding,Air,Express,India,Fort Worth,USA,Lithium cell pack 5000mAh,Power,2024-03-29,2024-04-24,2024-06-02,558,558,17.26,USD,234.36,13500,1077.89,277.88,No,No,DDP
PO-2024-1576,Shenzhen Precision Works,DHL Global Forwarding,Air,Express,China,Reno,USA,Lithium cell pack 5000mAh,Power,2024-03-29,2024-04-29,2024-04-29,1296,1296,18.51,USD,544.32,11800,1836.66,1096.03,No,No,FOB
PO-2024-1577,Shenzhen Precision Works,Maersk Line,Ocean,Standard,China,Rotterdam,Netherlands,PCB assembly rev-C,Electronics,2024-03-29,2024-04-14,2024-05-06,3071,3071,42.82,USD,245.68,11800,186.25,7967.20,No,No,EXW
PO-2024-1578,Shenzhen Precision Works,DHL Global Forwarding,Air,Express,China,Fort Worth,USA,Display panel 7in IPS,Electronics,2024-03-29,2024-04-19,2024-04-19,2115,2115,53.16,USD,401.85,11800,1461.25,3333.80,No,No,DDP
PO-2024-1579,Guadalajara Assembly,Maersk Line,Ocean,Standard,Mexico,Reno,USA,"Wiring harness, 12-pin",Electrical,2024-03-29,2024-04-27,2024-04-25,87,87,9.12,USD,10.44,2100,17.59,25.24,No,No,CIF
PO-2024-1580,Taipei Micro Systems,Schenker Road,Road,Standard,Taiwan,Fort Worth,USA,Cooling fan 40mm,Thermal,2024-03-29,2024-04-09,2024-04-15,837,753,3.59,USD,33.48,12100,161.56,67.62,No,No,EXW
PO-2024-1581,Ostrava Metalworks,DHL Global Forwarding,Air,Express,Czechia,Memphis,USA,"Wiring harness, 12-pin",Electrical,2024-03-30,2024-04-25,2024-04-24,1743,1743,10.20,USD,209.16,7400,803.48,468.20,No,No,EXW
PO-2024-1582,Hanoi Components Co,Maersk Line,Ocean,Standard,Vietnam,Reno,USA,"Aluminium enclosure, matte",Housings,2024-03-30,2024-04-21,2024-05-07,1575,1575,6.34,USD,488.25,13200,308.12,513.20,No,No,FOB
PO-2024-1583,Chennai Industrial Ltd,UPS Supply Chain,Parcel,Express,India,Fort Worth,USA,"Aluminium enclosure, matte",Housings,2024-03-30,2024-04-09,2024-04-07,3233,3233,5.94,USD,1002.23,13500,2200.87,643.22,No,No,EXW
PO-2024-1584,Shenzhen Precision Works,Maersk Line,Ocean,Standard,China,Fort Worth,USA,Cooling fan 40mm,Thermal,2024-03-30,2024-04-14,2024-04-14,3503,3503,3.34,USD,140.12,11800,136.90,272.38,No,No,DDP
PO-2024-1585,Hanoi Components Co,Schenker Road,Road,Standard,Vietnam,Fort Worth,USA,"Wiring harness, 12-pin",Electrical,2024-03-30,2024-04-17,2024-04-16,672,672,10.60,USD,80.64,13200,213.74,256.51,No,No,CIF
PO-2024-1586,Chennai Industrial Ltd,Maersk Line,Ocean,Standard,India,Columbus,USA,"Wiring harness, 12-pin",Electrical,2024-03-30,2024-04-17,2024-04-17,1409,1409,10.11,USD,169.08,13500,160.72,373.66,No,No,FOB
PO-2024-1587,Taipei Micro Systems,Schenker Road,Road,Standard,Taiwan,Columbus,USA,Lithium cell pack 5000mAh,Power,2024-03-31,2024-04-24,2024-04-24,513,513,18.26,USD,215.46,12100,316.24,222.43,No,No,EXW
PO-2024-1588,Chennai Industrial Ltd,UPS Supply Chain,Parcel,Express,India,Reno,USA,Display panel 7in IPS,Electronics,2024-03-31,2024-04-18,2024-05-06,4796,4796,50.39,USD,911.24,13500,2030.72,5946.64,No,No,CIF
PO-2024-1589,Hanoi Components Co,UPS Supply Chain,Parcel,Express,Vietnam,Rotterdam,Netherlands,USB-C connector module,Electronics,2024-03-31,2024-05-03,2024-05-02,1254,1254,2.24,USD,12.54,13200,342.89,163.19,No,No,DDP
PO-2024-1590,Shenzhen Precision Works,Maersk Line,Ocean,Standard,China,Fort Worth,USA,"Wiring harness, 12-pin",Electrical,2024-03-31,2024-04-30,2024-05-21,1127,1127,10.40,USD,135.24,11800,134.61,429.30,No,No,EXW
PO-2024-1591,Hanoi Components Co,DHL Global Forwarding,Air,Express,Vietnam,Fort Worth,USA,Steel bracket set,Housings,2024-03-31,2024-04-11,2024-04-11,4788,4788,4.50,USD,3112.20,13200,8650.77,497.49,No,No,FOB
PO-2024-1592,Hanoi Components Co,UPS Supply Chain,Parcel,Express,Vietnam,Rotterdam,Netherlands,Cooling fan 40mm,Thermal,2024-03-31,2024-04-20,2024-05-05,621,621,3.63,USD,24.84,13200,365.89,80.01,No,No,EXW
PO-2024-1593,Shenzhen Precision Works,DHL Global Forwarding,Air,Express,China,Columbus,USA,Steel bracket set,Housings,2024-03-31,2024-04-11,2024-05-11,4324,4324,4.26,USD,2810.60,11800,7808.31,529.37,No,No,EXW
PO-2024-1594,Ostrava Metalworks,DHL Global Forwarding,Air,Express,Czechia,Columbus,USA,Cooling fan 40mm,Thermal,2024-04-01,2024-04-30,2024-04-30,4137,4137,3.97,USD,165.48,7400,688.38,521.94,No,No,DDP
PO-2024-1595,Hanoi Components Co,Schenker Road,Road,Standard,Vietnam,Memphis,USA,"Wiring harness, 12-pin",Electrical,2024-04-01,2024-04-20,2024-04-20,470,411,9.31,USD,56.40,13200,193.14,205.50,No,No,FOB
PO-2024-1596,Guadalajara Assembly,UPS Supply Chain,Parcel,Express,Mexico,Fort Worth,USA,"Aluminium enclosure, matte",Housings,2024-04-01,2024-04-26,2024-04-30,4112,4112,6.09,USD,1274.72,2100,2434.55,768.16,No,No,DDP
PO-2024-1597,Hanoi Components Co,DHL Global Forwarding,Air,Express,Vietnam,Memphis,USA,Lithium cell pack 5000mAh,Power,2024-04-01,2024-04-14,2024-04-14,1655,1655,17.87,USD,695.10,13200,2281.71,1916.60,No,No,FOB
PO-2024-1598,Ostrava Metalworks,DHL Global Forwarding,Air,Express,Czechia,Memphis,USA,"Wiring harness, 12-pin",Electrical,2024-04-01,2024-05-03,2024-05-04,1336,1336,9.55,USD,160.32,7400,674.78,755.12,No,No,FOB
PO-2024-1599,Guadalajara Assembly,Schenker Road,Road,Standard,Mexico,Reno,USA,Steel bracket set,Housings,2024-04-01,2024-04-21,2024-04-21,1708,1708,4.58,USD,1110.20,2100,966.77,300.27,No,No,FOB
PO-2024-1600,Chennai Industrial Ltd,Schenker Road,Road,Standard,India,Fort Worth,USA,Cooling fan 40mm,Thermal,2024-04-02,2024-05-04,2024-05-31,4770,4770,3.61,USD,190.80,13500,310.68,757.53,No,No,EXW
PO-2024-1601,Shenzhen Precision Works,UPS Supply Chain,Parcel,Express,China,Rotterdam,Netherlands,Lithium cell pack 5000mAh,Power,2024-04-02,2024-05-05,2024-05-13,1287,1287,19.41,USD,540.54,11800,1296.37,1602.56,No,No,DDP
PO-2024-1602,Ostrava Metalworks,UPS Supply Chain,Parcel,Express,Czechia,Rotterdam,Netherlands,Lithium cell pack 5000mAh,Power,2024-04-02,2024-04-23,2024-04-21,1048,1048,17.52,USD,440.16,7400,1002.18,709.91,No,No,CIF
PO-2024-1603,Shenzhen Precision Works,Schenker Road,Road,Standard,China,Memphis,USA,"Aluminium enclosure, matte",Housings,2024-04-02,2024-04-11,2024-04-19,116,116,5.77,USD,35.96,11800,160.37,38.81,No,No,CIF
PO-2024-1604,Shenzhen Precision Works,DHL Global Forwarding,Air,Express,China,Reno,USA,USB-C connector module,Electronics,2024-04-02,2024-04-24,2024-04-24,979,979,2.04,USD,9.79,11800,428.18,125.34,No,No,FOB
PO-2024-1605,Shenzhen Precision Works,UPS Supply Chain,Parcel,Express,China,Fort Worth,USA,Steel bracket set,Housings,2024-04-02,2024-05-03,2024-05-05,703,703,4.01,USD,456.95,11800,1140.06,85.38,No,No,CIF
PO-2024-1606,Hanoi Components Co,Maersk Line,Ocean,Standard,Vietnam,Reno,USA,"Aluminium enclosure, matte",Housings,2024-04-02,2024-04-29,2024-05-03,471,471,6.19,USD,146.01,13200,148.12,123.09,No,No,DDP
PO-2024-1607,Shenzhen Precision Works,Schenker Road,Road,Standard,China,Columbus,USA,Display panel 7in IPS,Electronics,2024-04-03,2024-04-19,2024-05-14,1330,1330,59.17,USD,252.70,11800,344.59,3437.36,No,No,CIF
PO-2024-1608,Shenzhen Precision Works,UPS Supply Chain,Parcel,Express,China,Columbus,USA,Cooling fan 40mm,Thermal,2024-04-03,2024-04-13,2024-04-13,1300,1300,3.94,USD,52.00,11800,382.80,132.70,No,No,EXW
PO-2024-1609,Guadalajara Assembly,UPS Supply Chain,Parcel,Express,Mexico,Rotterdam,Netherlands,"Wiring harness, 12-pin",Electrical,2024-04-03,2024-04-18,2024-04-16,3323,3323,10.41,USD,398.76,2100,796.50,1590.16,No,No,DDP
PO-2024-1610,Chennai Industrial Ltd,UPS Supply Chain,Parcel,Express,India,Reno,USA,Steel bracket set,Housings,2024-04-03,2024-04-24,2024-05-27,978,978,4.38,USD,635.70,13500,1515.46,173.82,No,No,FOB
PO-2024-1611,Shenzhen Precision Works,Maersk Line,Ocean,Standard,China,Columbus,USA,USB-C connector module,Electronics,2024-04-03,2024-05-02,2024-05-23,424,424,2.16,USD,4.24,11800,73.37,50.80,No,No,CIF
PO-2024-1612,Hanoi Components Co,DHL Global Forwarding,Air,Express,Vietnam,Memphis,USA,Steel bracket set,Housings,2024-04-03,2024-04-24,2024-04-22,4780,4780,4.02,USD,3107.00,13200,8637.07,497.77,No,No,DDP
PO-2024-1613,Guadalajara Assembly,UPS Supply Chain,Parcel,Express,Mexico,Memphis,USA,Steel bracket set,Housings,2024-04-03,2024-04-28,2024-04-27,2415,2415,4.34,USD,1569.75,2100,2986.25,253.16,No,No,DDP
PO-2024-1614,Chennai Industrial Ltd,DHL Global Forwarding,Air,Express,India,Memphis,USA,Display panel 7in IPS,Electronics,2024-04-04,2024-04-24,2024-04-22,3119,3119,59.17,USD,592.61,13500,2021.88,7092.98,No,No,EXW
PO-2024-1615,Shenzhen Precision Works,UPS Supply Chain,Parcel,Express,China,Columbus,USA,Steel bracket set,Housings,2024-04-04,2024-05-03,2024-05-03,2102,2102,4.77,USD,1366.30,11800,2840.54,229.18,No,No,EXW
PO-2024-1616,Hanoi Components Co,Maersk Line,Ocean,Standard,Vietnam,Rotterdam,Netherlands,PCB assembly rev-C,Electronics,2024-04-04,2024-04-13,2024-04-13,2257,2257,46.11,USD,180.56,13200,164.27,5209.14,No,No,FOB
PO-2024-1617,Shenzhen Precision Works,Maersk Line,Ocean,Standard,China,Fort Worth,USA,"Aluminium enclosure, matte",Housings,2024-04-04,2024-04-19,2024-04-19,3229,3229,5.96,USD,1000.99,11800,539.35,1147.02,No,No,DDP
PO-2024-1618,Shenzhen Precision Works,Schenker Road,Road,Standard,China,Memphis,USA,"Wiring harness, 12-pin",Electrical,2024-04-04,2024-05-01,2024-05-17,840,840,10.28,USD,100.80,11800,215.48,347.76,No,No,DDP
PO-2024-1619,Hanoi Components Co,Schenker Road,Road,Standard,Vietnam,Fort Worth,USA,USB-C connector module,Electronics,2024-04-04,2024-04-21,2024-04-21,4740,4740,2.23,USD,47.40,13200,185.49,616.85,No,No,CIF
PO-2024-1620,Ostrava Metalworks,UPS Supply Chain,Parcel,Express,Czechia,Memphis,USA,"Aluminium enclosure, matte",Housings,2024-04-05,2024-04-19,2024-04-19,915,816,6.78,USD,283.65,7400,709.51,269.08,No,No,DDP
PO-2024-1621,Guadalajara Assembly,DHL Global Forwarding,Air,Express,Mexico,Memphis,USA,"Wiring harness, 12-pin",Electrical,2024-04-05,2024-04-15,2024-04-15,2157,2157,10.35,USD,258.84,2100,753.65,940.00,No,No,DDP
PO-2024-1622,Chennai Industrial Ltd,Maersk Line,Ocean,Standard,India,Memphis,USA,PCB assembly rev-C,Electronics,2024-04-05,2024-04-22,2024-04-20,4179,4179,40.16,USD,334.32,13500,237.97,4306.12,No,No,FOB
PO-2024-1623,Shenzhen Precision Works,Schenker Road,Road,Standard,China,Fort Worth,USA,PCB assembly rev-C,Electronics,2024-04-05,2024-04-14,2024-04-12,3131,3131,38.93,USD,250.48,11800,342.71,7780.30,No,No,EXW
PO-2024-1624,Taipei Micro Systems,UPS Supply Chain,Parcel,Express,Taiwan,Memphis,USA,Cooling fan 40mm,Thermal,2024-04-05,2024-05-08,2024-05-08,3730,2986,3.56,USD,149.20,12100,571.82,301.57,No,No,EXW
PO-2024-1625,Taipei Micro Systems,UPS Supply Chain,Parcel,Express,Taiwan,Memphis,USA,USB-C connector module,Electronics,2024-04-05,2024-04-25,2024-05-03,4530,4530,2.20,USD,45.30,12100,377.53,278.80,No,No,FOB
PO-2024-1626,Chennai Industrial Ltd,Maersk Line,Ocean,Standard,India,Columbus,USA,"Wiring harness, 12-pin",Electrical,2024-04-05,2024-04-19,2024-05-04,4364,4364,9.79,USD,523.68,13500,326.50,2721.01,No,No,EXW
PO-2024-1627,Shenzhen Precision Works,Schenker Road,Road,Standard,China,Fort Worth,USA,Steel bracket set,Housings,2024-04-06,2024-04-30,2024-05-13,4646,4646,4.01,USD,3019.90,11800,2696.72,552.13,No,No,EXW
PO-2024-1628,Shenzhen Precision Works,UPS Supply Chain,Parcel,Express,China,Reno,USA,Cooling fan 40mm,Thermal,2024-04-06,2024-04-30,2024-05-13,3607,3607,3.48,USD,144.28,11800,555.36,447.65,No,No,CIF
PO-2024-1629,Ostrava Metalworks,UPS Supply Chain,Parcel,Express,Czechia,Reno,USA,Display panel 7in IPS,Electronics,2024-04-06,2024-04-22,2024-04-26,1782,1782,56.26,USD,338.58,7400,812.22,5789.25,No,No,CIF
PO-2024-1630,Taipei Micro Systems,Maersk Line,Ocean,Standard,Taiwan,Columbus,USA,Display panel 7in IPS,Electronics,2024-04-06,2024-04-27,2024-04-27,3146,3146,54.78,USD,597.74,12100,352.65,5000.80,No,No,DDP
PO-2024-1631,Guadalajara Assembly,DHL Global Forwarding,Air,Express,Mexico,Reno,USA,PCB assembly rev-C,Electronics,2024-04-06,2024-05-03,2024-05-03,3690,3690,41.07,USD,295.20,2100,849.46,9836.48,No,No,FOB
PO-2024-1632,Chennai Industrial Ltd,Schenker Road,Road,Standard,India,Memphis,USA,Lithium cell pack 5000mAh,Power,2024-04-06,2024-04-26,2024-05-07,4211,4211,18.37,USD,1768.62,13500,1651.83,3111.99,No,No,EXW
PO-2024-1633,Shenzhen Precision Works,Maersk Line,Ocean,Standard,China,Fort Worth,USA,PCB assembly rev-C,Electronics,2024-04-07,2024-05-10,2024-05-22,2271,2122,40.52,USD,181.68,11800,156.33,4137.55,No,No,EXW
PO-2024-1634,Hanoi Components Co,DHL Global Forwarding,Air,Express,Vietnam,Fort Worth,USA,"Aluminium enclosure, matte",Housings,2024-04-07,2024-04-24,2024-04-22,1457,1457,6.38,USD,451.67,13200,1640.27,240.11,No,No,FOB
PO-2024-1635,Shenzhen Precision Works,Maersk Line,Ocean,Standard,China,Fort Worth,USA,"Wiring harness, 12-pin",Electrical,2024-04-07,2024-05-10,2024-06-07,1122,1122,10.75,USD,134.64,11800,134.33,530.17,No,No,EXW
PO-2024-1636,Shenzhen Precision Works,Schenker Road,Road,Standard,China,Reno,USA,Display panel 7in IPS,Electronics,2024-04-07,2024-05-04,2024-06-02,311,311,53.05,USD,59.09,11800,180.03,396.19,No,No,CIF
PO-2024-1637,Taipei Micro Systems,DHL Global Forwarding,Air,Express,Taiwan,Rotterdam,Netherlands,USB-C connector module,Electronics,2024-04-07,2024-04-28,2024-04-27,2904,2904,2.03,USD,29.04,12100,489.13,162.69,No,No,CIF
PO-2024-1638,Ostrava Metalworks,DHL Global Forwarding,Air,Express,Czechia,Columbus,USA,"Wiring harness, 12-pin",Electrical,2024-04-07,2024-05-09,2024-05-08,2112,2112,9.45,USD,253.44,7400,920.15,1135.10,No,No,DDP
PO-2024-1639,Shenzhen Precision Works,DHL Global Forwarding,Air,Express,China,Fort Worth,USA,Lithium cell pack 5000mAh,Power,2024-04-07,2024-04-27,2024-05-05,2932,2932,18.98,USD,1231.44,11800,3647.22,1260.15,No,No,DDP
PO-2024-1640,Taipei Micro Systems,Maersk Line,Ocean,Standard,Taiwan,Memphis,USA,Steel bracket set,Housings,2024-04-08,2024-04-21,2024-04-28,3114,3114,4.26,USD,2024.10,12100,1019.47,654.45,No,No,EXW
PO-2024-1641,Chennai Industrial Ltd,UPS Supply Chain,Parcel,Express,India,Reno,USA,PCB assembly rev-C,Electronics,2024-04-08,2024-04-18,2024-05-04,983,983,44.82,USD,78.64,13500,473.76,882.91,No,No,DDP
PO-2024-1642,Shenzhen Precision Works,Schenker Road,Road,Standard,China,Reno,USA,Display panel 7in IPS,Electronics,2024-04-08,2024-04-27,2024-05-04,814,814,58.37,USD,154.66,11800,261.26,3043.70,No,No,DDP
PO-2024-1643,Shenzhen Precision Works,Schenker Road,Road,Standard,China,Columbus,USA,Display panel 7in IPS,Electronics,2024-04-08,2024-04-28,2024-05-10,4279,4279,58.25,USD,813.01,11800,820.86,10183.15,No,No,EXW
PO-2024-1644,Ostrava Metalworks,DHL Global Forwarding,Air,Express,Czechia,Fort Worth,USA,PCB assembly rev-C,Electronics,2024-04-08,2024-05-11,2024-05-11,2756,2756,42.23,USD,220.48,7400,833.30,4446.01,No,No,FOB
PO-2024-1645,Hanoi Components Co,Schenker Road,Road,Standard,Vietnam,Memphis,USA,Display panel 7in IPS,Electronics,2024-04-08,2024-05-05,2024-05-05,2517,2517,59.13,USD,478.23,13200,551.70,6661.35,No,No,FOB
PO-2024-1646,Hanoi Components Co,UPS Supply Chain,Parcel,Express,Vietnam,Columbus,USA,Steel bracket set,Housings,2024-04-08,2024-05-11,2024-05-11,942,942,4.19,USD,612.30,13200,1464.44,105.72,No,No,FOB
PO-2024-1647,Chennai Industrial Ltd,Schenker Road,Road,Standard,India,Memphis,USA,Steel bracket set,Housings,2024-04-09,2024-05-03,2024-05-21,4713,4713,4.66,USD,3063.45,13500,2752.43,621.44,No,No,CIF
PO-2024-1648,Taipei Micro Systems,Schenker Road,Road,Standard,Taiwan,Reno,USA,Steel bracket set,Housings,2024-04-09,2024-04-21,2024-05-07,3494,3494,4.46,USD,2271.10,12100,2063.53,994.67,No,No,EXW
PO-2024-1649,Hanoi Components Co,DHL Global Forwarding,Air,Express,Vietnam,Fort Worth,USA,"Aluminium enclosure, matte",Housings,2024-04-09,2024-04-24,2024-04-24,794,794,6.38,USD,246.14,13200,1098.70,214.03,No,No,EXW
PO-2024-1650,Taipei Micro Systems,Maersk Line,Ocean,Standard,Taiwan,Columbus,USA,USB-C connector module,Electronics,2024-04-09,2024-04-19,2024-04-18,87,87,2.25,USD,0.87,12100,73.61,5.00,No,No,DDP
PO-2024-1651,Chennai Industrial Ltd,Maersk Line,Ocean,Standard,India,Memphis,USA,"Wiring harness, 12-pin",Electrical,2024-04-09,2024-05-10,2024-05-20,229,229,10.00,USD,27.48,13500,94.52,64.44,No,No,FOB
PO-2024-1652,Hanoi Components Co,Maersk Line,Ocean,Standard,Vietnam,Columbus,USA,"Wiring harness, 12-pin",Electrical,2024-04-09,2024-05-05,2024-05-16,3832,3832,9.60,USD,459.84,13200,294.84,1961.66,No,No,EXW
PO-2024-1653,Taipei Micro Systems,Maersk Line,Ocean,Standard,Taiwan,Reno,USA,Display panel 7in IPS,Electronics,2024-04-10,2024-04-30,2024-04-30,3068,3068,57.46,USD,582.92,12100,345.72,6432.69,No,No,CIF
PO-2024-1654,Guadalajara Assembly,Maersk Line,Ocean,Standard,Mexico,Rotterdam,Netherlands,"Aluminium enclosure, matte",Housings,2024-04-10,2024-05-02,2024-05-02,2783,2783,6.07,USD,862.73,2100,416.03,1039.29,No,No,DDP
PO-2024-1655,Guadalajara Assembly,Maersk Line,Ocean,Standard,Mexico,Fort Worth,USA,PCB assembly rev-C,Electronics,2024-04-10,2024-05-11,2024-05-13,2874,2874,43.15,USD,229.92,2100,120.19,4720.77,No,No,CIF
PO-2024-1656,Guadalajara Assembly,UPS Supply Chain,Parcel,Express,Mexico,Reno,USA,PCB assembly rev-C,Electronics,2024-04-10,2024-05-11,2024-05-15,4752,4752,39.21,USD,380.16,2100,761.72,9149.68,No,No,FOB
PO-2024-1657,Shenzhen Precision Works,Schenker Road,Road,Standard,China,Memphis,USA,PCB assembly rev-C,Electronics,2024-04-10,2024-05-13,2024-06-06,4084,4084,42.06,USD,326.72,11800,407.51,5198.07,No,No,DDP
PO-2024-1658,Hanoi Components Co,DHL Global Forwarding,Air,Express,Vietnam,Reno,USA,Cooling fan 40mm,Thermal,2024-04-10,2024-04-26,2024-04-26,1611,1611,3.47,USD,64.44,13200,619.92,190.11,No,No,CIF
PO-2024-1659,Hanoi Components Co,Maersk Line,Ocean,Standard,Vietnam,Memphis,USA,Cooling fan 40mm,Thermal,2024-04-10,2024-05-10,2024-05-24,1205,1205,3.36,USD,48.20,13200,102.39,246.00,Yes,No,EXW
PO-2024-1660,Guadalajara Assembly,UPS Supply Chain,Parcel,Express,Mexico,Memphis,USA,Display panel 7in IPS,Electronics,2024-04-11,2024-04-24,2024-04-30,4541,4541,59.62,USD,862.79,2100,1664.24,16817.68,No,No,DDP
PO-2024-1661,Shenzhen Precision Works,UPS Supply Chain,Parcel,Express,China,Rotterdam,Netherlands,USB-C connector module,Electronics,2024-04-11,2024-05-07,2024-05-07,3711,3711,2.06,USD,37.11,11800,354.96,457.83,No,No,EXW
PO-2024-1662,Hanoi Components Co,DHL Global Forwarding,Air,Express,Vietnam,Memphis,USA,Lithium cell pack 5000mAh,Power,2024-04-11,2024-04-29,2024-04-27,3821,3821,18.43,USD,1604.82,13200,4678.82,4219.33,No,No,CIF
PO-2024-1663,Shenzhen Precision Works,UPS Supply Chain,Parcel,Express,China,Reno,USA,"Aluminium enclosure, matte",Housings,2024-04-11,2024-05-15,2024-05-30,3238,3238,5.88,USD,1003.78,11800,2162.63,726.44,No,No,CIF
PO-2024-1664,Shenzhen Precision Works,Schenker Road,Road,Standard,China,Columbus,USA,USB-C connector module,Electronics,2024-04-11,2024-05-14,2024-05-14,942,942,2.01,USD,9.42,11800,137.81,45.10,No,No,FOB
PO-2024-1665,Hanoi Components Co,DHL Global Forwarding,Air,Express,Vietnam,Rotterdam,Netherlands,Display panel 7in IPS,Electronics,2024-04-11,2024-04-22,2024-04-29,2258,2258,54.09,USD,429.02,13200,1580.59,6203.97,No,No,FOB
PO-2024-1666,Hanoi Components Co,DHL Global Forwarding,Air,Express,Vietnam,Fort Worth,USA,Cooling fan 40mm,Thermal,2024-04-12,2024-05-03,2024-05-18,2686,2686,3.38,USD,107.44,13200,733.22,207.99,Yes,Yes,FOB
PO-2024-1667,Chennai Industrial Ltd,Maersk Line,Ocean,Standard,India,Columbus,USA,Steel bracket set,Housings,2024-04-12,2024-05-04,2024-05-20,1934,1934,4.65,USD,1257.10,13500,669.37,432.91,No,No,FOB
PO-2024-1668,Ostrava Metalworks,DHL Global Forwarding,Air,Express,Czechia,Rotterdam,Netherlands,"Wiring harness, 12-pin",Electrical,2024-04-12,2024-04-27,2024-04-27,3001,3001,9.15,USD,360.12,7400,1201.26,1106.03,No,No,EXW
PO-2024-1669,Guadalajara Assembly,DHL Global Forwarding,Air,Express,Mexico,Columbus,USA,Cooling fan 40mm,Thermal,2024-04-12,2024-04-25,2024-04-23,3132,3132,3.41,USD,125.28,2100,401.72,466.02,No,No,EXW
PO-2024-1670,Shenzhen Precision Works,DHL Global Forwarding,Air,Express,China,Memphis,USA,Cooling fan 40mm,Thermal,2024-04-12,2024-04-24,2024-05-18,3073,3073,3.61,USD,122.92,11800,726.27,231.28,No,No,DDP
PO-2024-1671,Shenzhen Precision Works,Maersk Line,Ocean,Standard,China,Reno,USA,Display panel 7in IPS,Electronics,2024-04-12,2024-05-03,2024-05-03,2362,2362,59.46,USD,448.78,11800,281.19,4565.05,No,No,EXW
PO-2024-1672,Guadalajara Assembly,Maersk Line,Ocean,Standard,Mexico,Rotterdam,Netherlands,"Wiring harness, 12-pin",Electrical,2024-04-12,2024-04-29,2024-04-29,1040,1040,10.75,USD,124.80,2100,71.05,510.05,No,No,DDP
PO-2024-1673,Hanoi Components Co,UPS Supply Chain,Parcel,Express,Vietnam,Columbus,USA,Cooling fan 40mm,Thermal,2024-04-13,2024-04-25,2024-04-25,1909,1909,3.72,USD,76.36,13200,462.23,385.54,No,No,EXW
PO-2024-1674,Shenzhen Precision Works,Maersk Line,Ocean,Standard,China,Rotterdam,Netherlands,USB-C connector module,Electronics,2024-04-13,2024-05-17,2024-06-01,472,401,2.28,USD,4.72,11800,73.60,54.22,No,No,CIF
PO-2024-1675,Hanoi Components Co,Schenker Road,Road,Standard,Vietnam,Rotterdam,Netherlands,Steel bracket set,Housings,2024-04-13,2024-04-25,2024-05-01,2242,2242,4.25,USD,1457.30,13200,1383.90,536.67,No,No,FOB
PO-2024-1676,Chennai Industrial Ltd,DHL Global Forwarding,Air,Express,India,Memphis,USA,Display panel 7in IPS,Electronics,2024-04-13,2024-04-29,2024-04-27,2782,2782,58.21,USD,528.58,13500,1853.16,7630.61,No,No,FOB
PO-2024-1677,Shenzhen Precision Works,Maersk Line,Ocean,Standard,China,Reno,USA,"Aluminium enclosure, matte",Housings,2024-04-13,2024-04-23,2024-04-29,4693,4693,6.12,USD,1454.83,11800,751.52,737.67,No,No,DDP
PO-2024-1678,Guadalajara Assembly,UPS Supply Chain,Parcel,Express,Mexico,Fort Worth,USA,"Wiring harness, 12-pin",Electrical,2024-04-13,2024-05-01,2024-05-01,898,898,9.25,USD,107.76,2100,252.33,448.03,No,No,CIF
PO-2024-1679,Hanoi Components Co,UPS Supply Chain,Parcel,Express,Vietnam,Fort Worth,USA,PCB assembly rev-C,Electronics,2024-04-13,2024-05-17,2024-05-15,3951,3951,40.71,USD,316.08,13200,910.51,7804.72,No,No,EXW
PO-2024-1680,Taipei Micro Systems,DHL Global Forwarding,Air,Express,Taiwan,Reno,USA,Display panel 7in IPS,Electronics,2024-04-14,2024-05-04,2024-05-03,134,134,51.26,USD,25.46,12100,479.70,361.14,No,No,FOB
PO-2024-1681,Ostrava Metalworks,UPS Supply Chain,Parcel,Express,Czechia,Fort Worth,USA,USB-C connector module,Electronics,2024-04-14,2024-05-18,2024-05-16,129,129,2.11,USD,1.29,7400,181.49,17.29,No,No,CIF
PO-2024-1682,Guadalajara Assembly,UPS Supply Chain,Parcel,Express,Mexico,Columbus,USA,PCB assembly rev-C,Electronics,2024-04-14,2024-05-06,2024-05-06,3894,3894,40.50,USD,311.52,2100,633.36,3512.72,No,No,EXW
PO-2024-1683,Ostrava Metalworks,Schenker Road,Road,Standard,Czechia,Reno,USA,USB-C connector module,Electronics,2024-04-14,2024-05-15,2024-05-15,1279,1279,2.24,USD,12.79,7400,92.27,171.50,No,No,EXW
PO-2024-1684,Guadalajara Assembly,UPS Supply Chain,Parcel,Express,Mexico,Reno,USA,PCB assembly rev-C,Electronics,2024-04-14,2024-04-29,2024-04-27,1861,1861,40.80,USD,148.88,2100,329.23,4025.22,Yes,Yes,FOB
PO-2024-1685,Chennai Industrial Ltd,UPS Supply Chain,Parcel,Express,India,Rotterdam,Netherlands,Display panel 7in IPS,Electronics,2024-04-14,2024-05-04,2024-05-03,4590,4590,50.93,USD,872.10,13500,1957.53,12497.82,No,No,EXW
PO-2024-1686,Guadalajara Assembly,UPS Supply Chain,Parcel,Express,Mexico,Fort Worth,USA,"Aluminium enclosure, matte",Housings,2024-04-15,2024-05-19,2024-05-19,2017,2017,5.91,USD,625.27,2100,1220.07,496.89,No,No,FOB
PO-2024-1687,Taipei Micro Systems,DHL Global Forwarding,Air,Express,Taiwan,Columbus,USA,Display panel 7in IPS,Electronics,2024-04-15,2024-05-11,2024-05-10,4772,4772,50.10,USD,906.68,12100,2801.71,13113.90,No,No,EXW
PO-2024-1688,Chennai Industrial Ltd,DHL Global Forwarding,Air,Express,India,Reno,USA,Display panel 7in IPS,Electronics,2024-04-15,2024-05-17,2024-05-17,1086,1086,54.94,USD,206.34,13500,1004.06,1595.26,No,No,EXW
PO-2024-1689,Guadalajara Assembly,DHL Global Forwarding,Air,Express,Mexico,Fort Worth,USA,Display panel 7in IPS,Electronics,2024-04-15,2024-04-26,2024-04-24,1556,1556,56.08,USD,295.64,2100,850.62,2660.21,No,No,FOB
PO-2024-1690,Shenzhen Precision Works,DHL Global Forwarding,Air,Express,China,Reno,USA,"Aluminium enclosure, matte",Housings,2024-04-15,2024-04-29,2024-04-29,1425,1425,6.34,USD,441.75,11800,1566.39,428.62,No,No,EXW
PO-2024-1691,Guadalajara Assembly,UPS Supply Chain,Parcel,Express,Mexico,Rotterdam,Netherlands,USB-C connector module,Electronics,2024-04-15,2024-05-13,2024-05-20,2401,2401,2.30,USD,24.01,2100,95.72,142.37,No,No,EXW
PO-2024-1692,Hanoi Components Co,DHL Global Forwarding,Air,Express,Vietnam,Reno,USA,Steel bracket set,Housings,2024-04-15,2024-04-27,2024-04-26,943,943,4.63,USD,612.95,13200,2065.24,212.68,No,No,EXW
PO-2024-1693,Shenzhen Precision Works,DHL Global Forwarding,Air,Express,China,Fort Worth,USA,Lithium cell pack 5000mAh,Power,2024-04-16,2024-04-30,2024-05-04,3816,3816,19.26,USD,1602.72,11800,4625.55,3163.95,No,No,CIF
PO-2024-1694,Shenzhen Precision Works,Maersk Line,Ocean,Standard,China,Memphis,USA,Display panel 7in IPS,Electronics,2024-04-16,2024-05-01,2024-04-30,184,184,59.67,USD,34.96,11800,87.73,353.63,No,No,EXW
PO-2024-1695,Guadalajara Assembly,UPS Supply Chain,Parcel,Express,Mexico,Fort Worth,USA,Cooling fan 40mm,Thermal,2024-04-16,2024-05-07,2024-05-07,1391,1391,3.95,USD,55.64,2100,154.87,260.34,No,No,DDP
PO-2024-1696,Chennai Industrial Ltd,DHL Global Forwarding,Air,Express,India,Memphis,USA,Lithium cell pack 5000mAh,Power,2024-04-16,2024-05-05,2024-05-04,1315,1315,19.29,USD,552.30,13500,1915.66,1077.58,No,No,FOB
PO-2024-1697,Shenzhen Precision Works,Schenker Road,Road,Standard,China,Reno,USA,"Aluminium enclosure, matte",Housings,2024-04-16,2024-05-18,2024-05-18,129,129,6.80,USD,39.99,11800,163.79,17.78,No,No,CIF
PO-2024-1698,Shenzhen Precision Works,UPS Supply Chain,Parcel,Express,China,Reno,USA,"Wiring harness, 12-pin",Electrical,2024-04-16,2024-05-02,2024-04-30,2065,1959,10.00,USD,247.80,11800,748.95,871.93,No,No,CIF
PO-2024-1699,Hanoi Components Co,DHL Global Forwarding,Air,Express,Vietnam,Fort Worth,USA,Cooling fan 40mm,Thermal,2024-04-17,2024-05-05,2024-05-05,3768,3768,3.35,USD,150.72,13200,847.27,333.85,No,No,CIF
PO-2024-1700,Hanoi Components Co,UPS Supply Chain,Parcel,Express,Vietnam,Columbus,USA,Cooling fan 40mm,Thermal,2024-04-17,2024-05-18,2024-05-17,697,697,3.51,USD,27.88,13200,371.58,53.91,No,No,EXW
PO-2024-1701,Chennai Industrial Ltd,Schenker Road,Road,Standard,India,Rotterdam,Netherlands,Display panel 7in IPS,Electronics,2024-04-17,2024-05-17,2024-06-01,3380,3380,55.61,USD,642.20,13500,694.37,6902.39,No,No,CIF
PO-2024-1702,Hanoi Components Co,DHL Global Forwarding,Air,Express,Vietnam,Rotterdam,Netherlands,Display panel 7in IPS,Electronics,2024-04-17,2024-05-04,2024-05-03,4690,4690,54.30,USD,891.10,13200,2798.17,8298.50,No,No,FOB
PO-2024-1703,Ostrava Metalworks,DHL Global Forwarding,Air,Express,Czechia,Reno,USA,USB-C connector module,Electronics,2024-04-17,2024-04-28,2024-04-27,4429,4429,2.28,USD,44.29,7400,369.04,228.50,No,No,DDP
PO-2024-1704,Ostrava Metalworks,Schenker Road,Road,Standard,Czechia,Reno,USA,Lithium cell pack 5000mAh,Power,2024-04-17,2024-05-06,2024-05-08,3461,3461,18.80,USD,1453.62,7400,1316.98,4187.51,No,No,CIF
PO-2024-1705,Taipei Micro Systems,Maersk Line,Ocean,Standard,Taiwan,Reno,USA,USB-C connector module,Electronics,2024-04-17,2024-05-21,2024-05-19,2806,2806,2.04,USD,28.06,12100,86.32,116.25,No,No,EXW
PO-2024-1706,Guadalajara Assembly,Schenker Road,Road,Standard,Mexico,Columbus,USA,USB-C connector module,Electronics,2024-04-18,2024-04-30,2024-04-30,3581,3581,2.01,USD,35.81,2100,53.54,314.97,No,No,CIF
PO-2024-1707,Hanoi Components Co,UPS Supply Chain,Parcel,Express,Vietnam,Rotterdam,Netherlands,Lithium cell pack 5000mAh,Power,2024-04-18,2024-05-20,2024-05-19,2400,2400,18.34,USD,1008.00,13200,2204.40,1015.64,No,No,EXW
PO-2024-1708,Shenzhen Precision Works,Schenker Road,Road,Standard,China,Columbus,USA,PCB assembly rev-C,Electronics,2024-04-18,2024-05-20,2024-06-10,953,953,46.14,USD,76.24,11800,194.60,879.61,No,No,EXW
PO-2024-1709,Guadalajara Assembly,Schenker Road,Road,Standard,Mexico,Memphis,USA,"Wiring harness, 12-pin",Electrical,2024-04-18,2024-05-21,2024-05-21,3547,3547,10.15,USD,425.64,2100,384.89,1497.71,No,No,DDP
PO-2024-1710,Shenzhen Precision Works,UPS Supply Chain,Parcel,Express,China,Fort Worth,USA,"Wiring harness, 12-pin",Electrical,2024-04-18,2024-05-06,2024-05-04,3398,3398,9.73,USD,407.76,11800,1048.07,888.80,No,No,EXW
PO-2024-1711,Shenzhen Precision Works,Maersk Line,Ocean,Standard,China,Columbus,USA,PCB assembly rev-C,Electronics,2024-04-18,2024-05-14,2024-05-14,3303,3303,42.02,USD,264.24,11800,194.92,5930.83,No,No,CIF
PO-2024-1712,Hanoi Components Co,Schenker Road,Road,Standard,Vietnam,Reno,USA,Cooling fan 40mm,Thermal,2024-04-18,2024-05-08,2024-05-11,967,967,3.71,USD,38.68,13200,178.08,96.60,No,No,CIF
PO-2024-1713,Hanoi Components Co,Schenker Road,Road,Standard,Vietnam,Rotterdam,Netherlands,"Aluminium enclosure, matte",Housings,2024-04-19,2024-05-05,2024-05-03,3073,3073,6.93,USD,952.63,13200,954.94,1002.28,No,No,FOB
PO-2024-1714,Shenzhen Precision Works,Maersk Line,Ocean,Standard,China,Reno,USA,Display panel 7in IPS,Electronics,2024-04-19,2024-05-16,2024-05-25,1810,1810,58.41,USD,343.90,11800,232.16,2996.04,No,No,CIF
PO-2024-1715,Taipei Micro Systems,UPS Supply Chain,Parcel,Express,Taiwan,Columbus,USA,Cooling fan 40mm,Thermal,2024-04-19,2024-05-05,2024-05-05,2972,2409,3.36,USD,118.88,12100,515.13,241.98,No,No,EXW
PO-2024-1716,Guadalajara Assembly,Maersk Line,Ocean,Standard,Mexico,Reno,USA,Steel bracket set,Housings,2024-04-19,2024-04-30,2024-05-04,4487,4487,4.73,USD,2916.55,2100,1376.19,1076.75,No,No,CIF
PO-2024-1717,Guadalajara Assembly,DHL Global Forwarding,Air,Express,Mexico,Reno,USA,Cooling fan 40mm,Thermal,2024-04-19,2024-05-16,2024-05-16,3743,3395,3.39,USD,149.72,2100,466.12,473.32,No,No,CIF
PO-2024-1718,Hanoi Components Co,UPS Supply Chain,Parcel,Express,Vietnam,Memphis,USA,USB-C connector module,Electronics,2024-04-19,2024-05-06,2024-05-04,1218,1218,2.06,USD,12.18,13200,342.22,88.26,No,No,CIF
PO-2024-1719,Guadalajara Assembly,Schenker Road,Road,Standard,Mexico,Reno,USA,USB-C connector module,Electronics,2024-04-20,2024-05-09,2024-05-09,2788,2788,2.21,USD,27.88,2100,46.80,176.77,No,No,EXW
PO-2024-1720,Guadalajara Assembly,UPS Supply Chain,Parcel,Express,Mexico,Columbus,USA,USB-C connector module,Electronics,2024-04-20,2024-05-21,2024-05-21,2681,2681,2.09,USD,26.81,2100,100.95,128.92,No,No,CIF
PO-2024-1721,Shenzhen Precision Works,UPS Supply Chain,Parcel,Express,China,Rotterdam,Netherlands,"Aluminium enclosure, matte",Housings,2024-04-20,2024-05-09,2024-05-28,218,218,6.35,USD,67.58,11800,411.93,39.21,No,No,DDP
PO-2024-1722,Guadalajara Assembly,Schenker Road,Road,Standard,Mexico,Memphis,USA,PCB assembly rev-C,Electronics,2024-04-20,2024-05-03,2024-05-01,2974,2974,40.90,USD,237.92,2100,225.33,2632.35,No,No,EXW
PO-2024-1723,Guadalajara Assembly,Schenker Road,Road,Standard,Mexico,Rotterdam,Netherlands,USB-C connector module,Electronics,2024-04-20,2024-05-03,2024-05-03,1293,1293,2.02,USD,12.93,2100,34.09,105.78,No,No,EXW
PO-2024-1724,Chennai Industrial Ltd,DHL Global Forwarding,Air,Express,India,Reno,USA,"Wiring harness, 12-pin",Electrical,2024-04-20,2024-05-12,2024-05-11,523,523,10.33,USD,62.76,13500,625.72,145.62,No,No,DDP
PO-2024-1725,Chennai Industrial Ltd,DHL Global Forwarding,Air,Express,India,Rotterdam,Netherlands,Cooling fan 40mm,Thermal,2024-04-20,2024-04-29,2024-04-27,2024,2024,3.69,USD,80.96,13500,673.68,350.14,No,No,EXW
PO-2024-1726,Shenzhen Precision Works,DHL Global Forwarding,Air,Express,China,Columbus,USA,USB-C connector module,Electronics,2024-04-21,2024-05-02,2024-05-01,2027,2027,2.05,USD,20.27,11800,455.79,204.50,No,No,EXW
PO-2024-1727,Hanoi Components Co,DHL Global Forwarding,Air,Express,Vietnam,Memphis,USA,"Wiring harness, 12-pin",Electrical,2024-04-21,2024-05-09,2024-05-19,2237,2237,10.68,USD,268.44,13200,1157.46,1493.75,No,No,EXW
PO-2024-1728,Guadalajara Assembly,Schenker Road,Road,Standard,Mexico,Rotterdam,Netherlands,Cooling fan 40mm,Thermal,2024-04-21,2024-05-02,2024-05-02,2096,2096,3.79,USD,83.84,2100,94.36,265.87,No,No,CIF
PO-2024-1729,Taipei Micro Systems,DHL Global Forwarding,Air,Express,Taiwan,Reno,USA,PCB assembly rev-C,Electronics,2024-04-21,2024-05-11,2024-05-15,274,274,39.40,USD,21.92,12100,470.37,453.55,No,No,FOB
PO-2024-1730,Shenzhen Precision Works,Maersk Line,Ocean,Standard,China,Columbus,USA,Display panel 7in IPS,Electronics,2024-04-21,2024-05-21,2024-06-15,74,74,57.47,USD,14.06,11800,77.96,195.32,No,No,FOB
PO-2024-1731,Shenzhen Precision Works,Maersk Line,Ocean,Standard,China,Reno,USA,Steel bracket set,Housings,2024-04-21,2024-05-10,2024-05-25,250,250,4.55,USD,162.50,11800,147.36,31.66,No,No,FOB
PO-2024-1732,Guadalajara Assembly,UPS Supply Chain,Parcel,Express,Mexico,Fort Worth,USA,USB-C connector module,Electronics,2024-04-22,2024-05-26,2024-05-26,897,897,2.06,USD,8.97,2100,67.59,105.00,No,No,DDP
PO-2024-1733,Chennai Industrial Ltd,Schenker Road,Road,Standard,India,Rotterdam,Netherlands,PCB assembly rev-C,Electronics,2024-04-22,2024-05-06,2024-05-06,329,329,41.21,USD,26.32,13500,170.87,675.01,No,No,FOB
PO-2024-1734,Ostrava Metalworks,UPS Supply Chain,Parcel,Express,Czechia,Columbus,USA,"Aluminium enclosure, matte",Housings,2024-04-22,2024-05-02,2024-05-02,2665,2665,6.73,USD,826.15,7400,1723.98,1152.23,No,No,CIF
PO-2024-1735,Shenzhen Precision Works,Maersk Line,Ocean,Standard,China,Rotterdam,Netherlands,Steel bracket set,Housings,2024-04-22,2024-05-19,2024-06-14,2386,2386,4.16,USD,1550.90,11800,796.44,366.46,No,No,CIF
PO-2024-1736,Chennai Industrial Ltd,DHL Global Forwarding,Air,Express,India,Memphis,USA,Steel bracket set,Housings,2024-04-22,2024-05-22,2024-05-22,2411,2411,4.15,USD,1567.15,13500,4589.79,332.37,No,No,FOB
PO-2024-1737,Hanoi Components Co,Schenker Road,Road,Standard,Vietnam,Columbus,USA,Cooling fan 40mm,Thermal,2024-04-22,2024-05-06,2024-05-06,3768,3768,3.57,USD,150.72,13200,273.31,654.95,No,No,FOB
PO-2024-1738,Hanoi Components Co,Schenker Road,Road,Standard,Vietnam,Reno,USA,"Wiring harness, 12-pin",Electrical,2024-04-22,2024-05-13,2024-05-13,1240,1240,10.50,USD,148.80,13200,271.68,629.41,Yes,No,EXW
PO-2024-1739,Ostrava Metalworks,Schenker Road,Road,Standard,Czechia,Reno,USA,USB-C connector module,Electronics,2024-04-23,2024-05-07,2024-05-07,136,112,2.13,USD,1.36,7400,82.56,18.40,No,No,EXW
PO-2024-1740,Guadalajara Assembly,Schenker Road,Road,Standard,Mexico,Reno,USA,"Wiring harness, 12-pin",Electrical,2024-04-23,2024-05-13,2024-05-13,1576,1576,10.57,USD,189.12,2100,183.85,385.76,No,No,DDP
PO-2024-1741,Guadalajara Assembly,DHL Global Forwarding,Air,Express,Mexico,Memphis,USA,USB-C connector module,Electronics,2024-04-23,2024-05-16,2024-05-16,2920,2920,2.25,USD,29.20,2100,148.55,147.71,No,No,CIF
PO-2024-1742,Guadalajara Assembly,DHL Global Forwarding,Air,Express,Mexico,Memphis,USA,Lithium cell pack 5000mAh,Power,2024-04-23,2024-05-27,2024-05-27,587,587,18.34,USD,246.54,2100,721.24,613.62,No,No,DDP
PO-2024-1743,Shenzhen Precision Works,DHL Global Forwarding,Air,Express,China,Columbus,USA,"Wiring harness, 12-pin",Electrical,2024-04-23,2024-05-18,2024-05-17,2508,2508,10.05,USD,300.96,11800,1195.41,1093.06,No,No,DDP
PO-2024-1744,Chennai Industrial Ltd,DHL Global Forwarding,Air,Express,India,Columbus,USA,Lithium cell pack 5000mAh,Power,2024-04-23,2024-05-21,2024-05-20,1026,1026,19.42,USD,430.92,13500,1595.82,688.74,No,No,DDP
PO-2024-1745,Guadalajara Assembly,Schenker Road,Road,Standard,Mexico,Memphis,USA,Display panel 7in IPS,Electronics,2024-04-23,2024-05-10,2024-05-09,2492,2492,52.19,USD,473.48,2100,425.56,6070.75,No,No,FOB
PO-2024-1746,Taipei Micro Systems,Maersk Line,Ocean,Standard,Taiwan,Memphis,USA,Cooling fan 40mm,Thermal,2024-04-24,2024-05-13,2024-05-13,4354,4354,3.93,USD,174.16,12100,154.62,759.17,No,No,DDP
PO-2024-1747,Ostrava Metalworks,Schenker Road,Road,Standard,Czechia,Rotterdam,Netherlands,Lithium cell pack 5000mAh,Power,2024-04-24,2024-05-15,2024-05-15,2710,2710,19.86,USD,1138.20,7400,1048.87,3447.62,No,No,EXW
PO-2024-1748,Guadalajara Assembly,DHL Global Forwarding,Air,Express,Mexico,Rotterdam,Netherlands,USB-C connector module,Electronics,2024-04-24,2024-05-11,2024-05-11,4703,4703,2.14,USD,47.03,2100,195.53,621.93,No,No,CIF
PO-2024-1749,Hanoi Components Co,UPS Supply Chain,Parcel,Express,Vietnam,Fort Worth,USA,Steel bracket set,Housings,2024-04-24,2024-05-10,2024-05-09,3030,3030,4.19,USD,1969.50,13200,4002.41,290.66,No,No,EXW
PO-2024-1750,Ostrava Metalworks,UPS Supply Chain,Parcel,Express,Czechia,Rotterdam,Netherlands,USB-C connector module,Electronics,2024-04-24,2024-05-17,2024-05-15,3638,3638,2.07,USD,36.38,7400,247.11,241.76,No,No,EXW
PO-2024-1751,Guadalajara Assembly,Maersk Line,Ocean,Standard,Mexico,Reno,USA,USB-C connector module,Electronics,2024-04-24,2024-05-27,2024-05-25,319,267,2.14,USD,3.19,2100,14.20,26.96,No,No,EXW
PO-2024-1752,Guadalajara Assembly,Maersk Line,Ocean,Standard,Mexico,Memphis,USA,"Aluminium enclosure, matte",Housings,2024-04-25,2024-05-20,2024-05-20,1279,1279,5.96,USD,396.49,2100,198.06,402.56,No,No,DDP
PO-2024-1753,Taipei Micro Systems,Maersk Line,Ocean,Standard,Taiwan,Fort Worth,USA,PCB assembly rev-C,Electronics,2024-04-25,2024-05-06,2024-05-06,1466,1466,44.88,USD,117.28,12100,128.03,1907.39,No,No,FOB
PO-2024-1754,Shenzhen Precision Works,Schenker Road,Road,Standard,China,Reno,USA,Steel bracket set,Housings,2024-04-25,2024-05-15,2024-06-13,2164,2164,4.12,USD,1406.60,11800,1325.41,545.13,No,No,DDP
PO-2024-1755,Chennai Industrial Ltd,DHL Global Forwarding,Air,Express,India,Memphis,USA,"Aluminium enclosure, matte",Housings,2024-04-25,2024-05-20,2024-05-20,2382,2382,6.13,USD,738.42,13500,2406.09,820.64,No,No,CIF
PO-2024-1756,Guadalajara Assembly,Schenker Road,Road,Standard,Mexico,Rotterdam,Netherlands,PCB assembly rev-C,Electronics,2024-04-25,2024-05-10,2024-05-14,1913,1913,39.69,USD,153.04,2100,153.18,3000.15,No,No,DDP
PO-2024-1757,Chennai Industrial Ltd,DHL Global Forwarding,Air,Express,India,Rotterdam,Netherlands,Cooling fan 40mm,Thermal,2024-04-25,2024-05-20,2024-05-19,631,631,3.87,USD,25.24,13500,526.86,154.61,No,No,EXW
PO-2024-1758,Shenzhen Precision Works,UPS Supply Chain,Parcel,Express,China,Rotterdam,Netherlands,Cooling fan 40mm,Thermal,2024-04-25,2024-05-18,2024-06-19,3354,3354,3.39,USD,134.16,11800,536.44,470.34,No,No,EXW
PO-2024-1759,Chennai Industrial Ltd,UPS Supply Chain,Parcel,Express,India,Reno,USA,"Aluminium enclosure, matte",Housings,2024-04-26,2024-05-12,2024-05-10,4475,4475,6.25,USD,1387.25,13500,2920.86,1784.23,No,No,CIF
PO-2024-1760,Shenzhen Precision Works,DHL Global Forwarding,Air,Express,China,Reno,USA,Steel bracket set,Housings,2024-04-26,2024-05-13,2024-05-30,3669,3669,4.64,USD,2384.85,11800,6686.46,541.06,No,No,CIF
PO-2024-1761,Hanoi Components Co,DHL Global Forwarding,Air,Express,Vietnam,Reno,USA,PCB assembly rev-C,Electronics,2024-04-26,2024-05-17,2024-05-16,849,849,41.35,USD,67.92,13200,629.09,708.52,No,No,CIF
PO-2024-1762,Guadalajara Assembly,UPS Supply Chain,Parcel,Express,Mexico,Memphis,USA,"Wiring harness, 12-pin",Electrical,2024-04-26,2024-05-05,2024-05-03,3120,3120,10.30,USD,374.40,2100,750.95,1946.45,No,No,FOB
PO-2024-1763,Taipei Micro Systems,DHL Global Forwarding,Air,Express,Taiwan,Reno,USA,Lithium cell pack 5000mAh,Power,2024-04-26,2024-05-11,2024-05-23,833,710,20.29,USD,349.86,12100,1334.49,573.55,No,No,DDP
PO-2024-1764,Taipei Micro Systems,DHL Global Forwarding,Air,Express,Taiwan,Memphis,USA,Steel bracket set,Housings,2024-04-26,2024-05-28,2024-05-28,4009,4009,4.20,USD,2605.85,12100,7279.02,764.15,No,No,DDP
PO-2024-1765,Chennai Industrial Ltd,UPS Supply Chain,Parcel,Express,India,Memphis,USA,"Aluminium enclosure, matte",Housings,2024-04-27,2024-05-11,2024-05-30,3010,3010,5.85,USD,933.10,13500,2071.60,809.48,No,No,DDP
PO-2024-1766,Taipei Micro Systems,Schenker Road,Road,Standard,Taiwan,Memphis,USA,Display panel 7in IPS,Electronics,2024-04-27,2024-05-24,2024-05-24,1468,1376,50.13,USD,278.92,12100,370.18,2230.46,No,No,DDP
PO-2024-1767,Chennai Industrial Ltd,UPS Supply Chain,Parcel,Express,India,Fort Worth,USA,Display panel 7in IPS,Electronics,2024-04-27,2024-05-22,2024-05-22,944,944,52.68,USD,179.36,13500,662.10,1548.73,No,No,FOB
PO-2024-1768,Shenzhen Precision Works,DHL Global Forwarding,Air,Express,China,Reno,USA,"Aluminium enclosure, matte",Housings,2024-04-27,2024-05-15,2024-06-13,2900,2900,6.29,USD,899.00,11800,2771.24,1180.28,No,No,EXW
PO-2024-1769,Taipei Micro Systems,DHL Global Forwarding,Air,Express,Taiwan,Fort Worth,USA,USB-C connector module,Electronics,2024-04-27,2024-05-09,2024-05-09,1279,1279,2.36,USD,12.79,12100,446.31,105.77,No,No,EXW
PO-2024-1770,Hanoi Components Co,Schenker Road,Road,Standard,Vietnam,Reno,USA,PCB assembly rev-C,Electronics,2024-04-27,2024-05-09,2024-05-09,1793,1793,44.83,USD,143.44,13200,267.12,3446.76,No,No,CIF
PO-2024-1771,Hanoi Components Co,DHL Global Forwarding,Air,Express,Vietnam,Rotterdam,Netherlands,PCB assembly rev-C,Electronics,2024-04-27,2024-05-21,2024-05-21,4536,4536,45.23,USD,362.88,13200,1406.31,6571.81,No,No,DDP
PO-2024-1772,Hanoi Components Co,UPS Supply Chain,Parcel,Express,Vietnam,Memphis,USA,Cooling fan 40mm,Thermal,2024-04-28,2024-05-24,2024-05-24,1123,1123,3.54,USD,44.92,13200,403.44,206.14,No,No,FOB
PO-2024-1773,Guadalajara Assembly,Maersk Line,Ocean,Standard,Mexico,Memphis,USA,PCB assembly rev-C,Electronics,2024-04-28,2024-05-10,2024-05-14,3620,3620,42.37,USD,289.60,2100,148.09,9699.70,No,No,DDP
PO-2024-1774,Chennai Industrial Ltd,Schenker Road,Road,Standard,India,Memphis,USA,Cooling fan 40mm,Thermal,2024-04-28,2024-05-21,2024-06-16,1527,1527,3.68,USD,61.08,13500,200.42,205.62,No,No,EXW
PO-2024-1775,Shenzhen Precision Works,Schenker Road,Road,Standard,China,Columbus,USA,Display panel 7in IPS,Electronics,2024-04-28,2024-05-25,2024-06-20,271,271,52.78,USD,51.49,11800,173.57,828.74,No,No,FOB
PO-2024-1776,Guadalajara Assembly,UPS Supply Chain,Parcel,Express,Mexico,Columbus,USA,Steel bracket set,Housings,2024-04-28,2024-06-01,2024-06-01,2425,2425,4.19,USD,1576.25,2100,2998.41,657.39,No,No,FOB
PO-2024-1777,Ostrava Metalworks,UPS Supply Chain,Parcel,Express,Czechia,Reno,USA,Display panel 7in IPS,Electronics,2024-04-28,2024-05-27,2024-05-27,3391,3391,55.20,USD,644.29,7400,1383.90,3816.75,No,No,CIF
PO-2024-1778,Ostrava Metalworks,Maersk Line,Ocean,Standard,Czechia,Memphis,USA,Display panel 7in IPS,Electronics,2024-04-28,2024-05-22,2024-05-22,1143,1143,53.77,USD,217.17,7400,146.30,2575.69,Yes,Yes,CIF
PO-2024-1779,Guadalajara Assembly,Maersk Line,Ocean,Standard,Mexico,Fort Worth,USA,Display panel 7in IPS,Electronics,2024-04-29,2024-05-19,2024-05-18,184,184,54.99,USD,34.96,2100,29.05,562.48,No,No,FOB
PO-2024-1780,Shenzhen Precision Works,Maersk Line,Ocean,Standard,China,Reno,USA,PCB assembly rev-C,Electronics,2024-04-29,2024-05-14,2024-06-02,1345,1345,42.28,USD,107.60,11800,121.69,2423.71,No,No,CIF
PO-2024-1781,Shenzhen Precision Works,Schenker Road,Road,Standard,China,Reno,USA,"Aluminium enclosure, matte",Housings,2024-04-29,2024-05-24,2024-06-20,309,309,6.36,USD,95.79,11800,211.22,126.83,No,No,EXW
PO-2024-1782,Shenzhen Precision Works,Schenker Road,Road,Standard,China,Rotterdam,Netherlands,PCB assembly rev-C,Electronics,2024-04-29,2024-05-27,2024-06-06,4511,4511,38.71,USD,360.88,11800,436.55,4661.12,No,No,DDP
PO-2024-1783,Hanoi Components Co,UPS Supply Chain,Parcel,Express,Vietnam,Rotterdam,Netherlands,Steel bracket set,Housings,2024-04-29,2024-05-19,2024-05-17,2173,2173,3.97,USD,1412.45,13200,2960.72,326.62,No,No,FOB
PO-2024-1784,Guadalajara Assembly,Maersk Line,Ocean,Standard,Mexico,Rotterdam,Netherlands,"Wiring harness, 12-pin",Electrical,2024-04-29,2024-05-31,2024-06-03,2922,2922,9.60,USD,350.64,2100,176.63,821.02,No,No,FOB
PO-2024-1785,Hanoi Components Co,UPS Supply Chain,Parcel,Express,Vietnam,Columbus,USA,"Wiring harness, 12-pin",Electrical,2024-04-30,2024-05-17,2024-05-17,1272,1272,9.74,USD,152.64,13200,604.88,286.13,No,No,CIF
PO-2024-1786,Shenzhen Precision Works,Schenker Road,Road,Standard,China,Rotterdam,Netherlands,"Aluminium enclosure, matte",Housings,2024-04-30,2024-05-09,2024-05-09,4553,4553,6.80,USD,1411.43,11800,1329.52,1908.70,No,No,DDP
PO-2024-1787,Ostrava Metalworks,DHL Global Forwarding,Air,Express,Czechia,Rotterdam,Netherlands,USB-C connector module,Electronics,2024-04-30,2024-05-22,2024-05-22,4398,4398,2.28,USD,43.98,7400,368.23,214.06,No,No,CIF
PO-2024-1788,Chennai Industrial Ltd,DHL Global Forwarding,Air,Express,India,Reno,USA,"Wiring harness, 12-pin",Electrical,2024-04-30,2024-05-19,2024-05-17,4332,4332,9.63,USD,519.84,13500,1830.13,1785.89,No,No,CIF
PO-2024-1789,Guadalajara Assembly,UPS Supply Chain,Parcel,Express,Mexico,Rotterdam,Netherlands,"Wiring harness, 12-pin",Electrical,2024-04-30,2024-05-24,2024-05-24,651,651,9.00,USD,78.12,2100,196.90,176.19,No,No,EXW
PO-2024-1790,Ostrava Metalworks,UPS Supply Chain,Parcel,Express,Czechia,Rotterdam,Netherlands,"Aluminium enclosure, matte",Housings,2024-04-30,2024-05-29,2024-05-29,3071,3071,6.71,USD,952.01,7400,1959.34,1200.48,No,No,CIF
PO-2024-1791,Chennai Industrial Ltd,DHL Global Forwarding,Air,Express,India,Reno,USA,Cooling fan 40mm,Thermal,2024-04-30,2024-05-13,2024-06-07,2899,2899,3.87,USD,115.96,13500,765.90,348.29,No,No,CIF
PO-2024-1792,Chennai Industrial Ltd,Maersk Line,Ocean,Standard,India,Memphis,USA,PCB assembly rev-C,Electronics,2024-05-01,2024-05-13,2024-05-27,2410,2275,46.00,USD,192.80,13500,171.81,3265.81,No,No,DDP
PO-2024-1793,Taipei Micro Systems,Schenker Road,Road,Standard,Taiwan,Rotterdam,Netherlands,"Aluminium enclosure, matte",Housings,2024-05-01,2024-05-19,2024-05-19,3538,3538,6.71,USD,1096.78,12100,1065.36,594.29,No,No,DDP
PO-2024-1794,Hanoi Components Co,UPS Supply Chain,Parcel,Express,Vietnam,Memphis,USA,Steel bracket set,Housings,2024-05-01,2024-05-19,2024-05-25,4325,3462,4.52,USD,2811.25,13200,5576.48,1137.23,No,No,FOB
PO-2024-1795,Shenzhen Precision Works,Maersk Line,Ocean,Standard,China,Rotterdam,Netherlands,USB-C connector module,Electronics,2024-05-01,2024-05-23,2024-06-06,2554,2554,2.32,USD,25.54,11800,83.33,352.26,No,No,FOB
PO-2024-1796,Chennai Industrial Ltd,Maersk Line,Ocean,Standard,India,Columbus,USA,"Aluminium enclosure, matte",Housings,2024-05-01,2024-05-31,2024-05-29,4227,4227,6.72,USD,1310.37,13500,694.27,663.64,No,No,FOB
PO-2024-1797,Hanoi Components Co,DHL Global Forwarding,Air,Express,Vietnam,Columbus,USA,"Wiring harness, 12-pin",Electrical,2024-05-01,2024-06-01,2024-06-01,4308,4308,10.75,USD,516.96,13200,1812.31,2421.01,No,No,FOB
PO-2024-1798,Hanoi Components Co,UPS Supply Chain,Parcel,Express,Vietnam,Memphis,USA,PCB assembly rev-C,Electronics,2024-05-02,2024-05-28,2024-06-05,116,116,41.59,USD,9.28,13200,336.79,173.12,No,No,EXW
PO-2024-1799,Hanoi Components Co,DHL Global Forwarding,Air,Express,Vietnam,Reno,USA,Lithium cell pack 5000mAh,Power,2024-05-02,2024-05-13,2024-05-13,1919,1919,20.09,USD,805.98,13200,2573.88,940.56,No,No,DDP
PO-2024-1800,Shenzhen Precision Works,DHL Global Forwarding,Air,Express,China,Reno,USA,USB-C connector module,Electronics,2024-05-02,2024-06-01,2024-06-01,4015,4015,2.33,USD,40.15,11800,508.18,311.24,No,No,FOB
PO-2024-1801,Taipei Micro Systems,DHL Global Forwarding,Air,Express,Taiwan,Memphis,USA,Display panel 7in IPS,Electronics,2024-05-02,2024-05-19,2024-05-17,1817,1817,55.55,USD,345.23,12100,1322.29,4939.82,No,No,EXW
PO-2024-1802,Hanoi Components Co,Schenker Road,Road,Standard,Vietnam,Fort Worth,USA,Cooling fan 40mm,Thermal,2024-05-02,2024-05-18,2024-05-23,508,508,3.64,USD,20.32,13200,162.47,103.85,No,No,DDP
PO-2024-1803,Guadalajara Assembly,Maersk Line,Ocean,Standard,Mexico,Columbus,USA,"Aluminium enclosure, matte",Housings,2024-05-02,2024-05-23,2024-05-21,1079,1079,6.68,USD,334.49,2100,169.08,159.58,No,No,CIF
PO-2024-1804,Ostrava Metalworks,UPS Supply Chain,Parcel,Express,Czechia,Rotterdam,Netherlands,"Aluminium enclosure, matte",Housings,2024-05-02,2024-05-30,2024-05-29,2438,2438,5.86,USD,755.78,7400,1592.39,510.57,No,No,EXW
PO-2024-1805,Ostrava Metalworks,UPS Supply Chain,Parcel,Express,Czechia,Columbus,USA,PCB assembly rev-C,Electronics,2024-05-03,2024-05-14,2024-05-14,1675,1675,41.23,USD,134.00,7400,429.66,3395.61,No,No,CIF
PO-2024-1806,Shenzhen Precision Works,Maersk Line,Ocean,Standard,China,Rotterdam,Netherlands,Lithium cell pack 5000mAh,Power,2024-05-03,2024-05-18,2024-06-01,285,285,19.72,USD,119.70,11800,127.35,315.99,No,No,DDP
PO-2024-1807,Guadalajara Assembly,UPS Supply Chain,Parcel,Express,Mexico,Columbus,USA,Steel bracket set,Housings,2024-05-03,2024-05-29,2024-05-29,275,275,4.73,USD,178.75,2100,385.08,50.65,No,No,FOB
PO-2024-1808,Ostrava Metalworks,Maersk Line,Ocean,Standard,Czechia,Fort Worth,USA,Lithium cell pack 5000mAh,Power,2024-05-03,2024-05-22,2024-05-22,4460,4460,19.60,USD,1873.20,7400,920.49,3155.49,No,No,EXW
PO-2024-1809,Shenzhen Precision Works,Schenker Road,Road,Standard,China,Reno,USA,"Wiring harness, 12-pin",Electrical,2024-05-03,2024-05-30,2024-06-18,2804,2804,9.09,USD,336.48,11800,415.81,1027.35,No,No,CIF
PO-2024-1810,Hanoi Components Co,DHL Global Forwarding,Air,Express,Vietnam,Columbus,USA,PCB assembly rev-C,Electronics,2024-05-03,2024-06-06,2024-06-13,4044,4044,42.64,USD,323.52,13200,1302.60,7095.62,No,No,DDP
PO-2024-1811,Hanoi Components Co,Schenker Road,Road,Standard,Vietnam,Reno,USA,"Aluminium enclosure, matte",Housings,2024-05-04,2024-05-18,2024-05-25,4149,4149,6.69,USD,1286.19,13200,1238.46,1780.05,No,No,EXW
PO-2024-1812,Ostrava Metalworks,UPS Supply Chain,Parcel,Express,Czechia,Columbus,USA,Steel bracket set,Housings,2024-05-04,2024-05-19,2024-05-18,976,976,4.72,USD,634.40,7400,1365.41,162.60,No,No,EXW
PO-2024-1813,Guadalajara Assembly,DHL Global Forwarding,Air,Express,Mexico,Columbus,USA,"Wiring harness, 12-pin",Electrical,2024-05-04,2024-06-05,2024-06-05,1860,1860,9.39,USD,223.20,2100,659.74,622.96,No,No,CIF
PO-2024-1814,Hanoi Components Co,Schenker Road,Road,Standard,Vietnam,Memphis,USA,USB-C connector module,Electronics,2024-05-04,2024-06-05,2024-06-05,1235,1106,2.19,USD,12.35,13200,155.70,78.90,No,No,DDP
PO-2024-1815,Taipei Micro Systems,DHL Global Forwarding,Air,Express,Taiwan,Reno,USA,PCB assembly rev-C,Electronics,2024-05-04,2024-05-28,2024-05-27,528,528,39.80,USD,42.24,12100,523.91,1067.39,No,No,FOB
PO-2024-1816,Hanoi Components Co,UPS Supply Chain,Parcel,Express,Vietnam,Fort Worth,USA,Lithium cell pack 5000mAh,Power,2024-05-04,2024-05-17,2024-05-27,1032,1032,20.12,USD,433.44,13200,1129.97,471.40,No,No,CIF
PO-2024-1817,Shenzhen Precision Works,DHL Global Forwarding,Air,Express,China,Columbus,USA,PCB assembly rev-C,Electronics,2024-05-04,2024-05-16,2024-05-16,3742,3742,42.21,USD,299.36,11800,1191.19,9927.58,No,No,FOB
PO-2024-1818,Taipei Micro Systems,Schenker Road,Road,Standard,Taiwan,Columbus,USA,Steel bracket set,Housings,2024-05-05,2024-05-24,2024-05-29,3200,3200,4.51,USD,2080.00,12100,1901.10,527.78,No,No,EXW
PO-2024-1819,Shenzhen Precision Works,DHL Global Forwarding,Air,Express,China,Rotterdam,Netherlands,Steel bracket set,Housings,2024-05-05,2024-05-24,2024-06-18,2189,2189,4.27,USD,1422.85,11800,4151.59,254.04,No,No,FOB
PO-2024-1820,Shenzhen Precision Works,UPS Supply Chain,Parcel,Express,China,Columbus,USA,Lithium cell pack 5000mAh,Power,2024-05-05,2024-05-29,2024-06-11,1044,954,19.10,USD,438.48,11800,1105.52,419.45,No,No,FOB
PO-2024-1821,Hanoi Components Co,DHL Global Forwarding,Air,Express,Vietnam,Memphis,USA,Display panel 7in IPS,Electronics,2024-05-05,2024-05-25,2024-05-23,2820,2820,52.70,USD,535.80,13200,1861.95,7634.29,No,No,EXW
PO-2024-1822,Chennai Industrial Ltd,DHL Global Forwarding,Air,Express,India,Rotterdam,Netherlands,Display panel 7in IPS,Electronics,2024-05-05,2024-05-25,2024-06-24,1981,1981,54.74,USD,376.39,13500,1452.14,4240.61,No,No,CIF
PO-2024-1823,Shenzhen Precision Works,Maersk Line,Ocean,Standard,China,Rotterdam,Netherlands,"Aluminium enclosure, matte",Housings,2024-05-05,2024-05-15,2024-05-21,3596,3596,6.17,USD,1114.76,11800,592.54,638.09,No,No,EXW
PO-2024-1824,Taipei Micro Systems,Schenker Road,Road,Standard,Taiwan,Fort Worth,USA,Cooling fan 40mm,Thermal,2024-05-05,2024-05-18,2024-05-18,209,209,3.70,USD,8.36,12100,140.21,38.01,No,No,CIF
PO-2024-1825,Shenzhen Precision Works,Maersk Line,Ocean,Standard,China,Fort Worth,USA,Cooling fan 40mm,Thermal,2024-05-06,2024-06-09,2024-06-27,1444,1444,3.41,USD,57.76,11800,98.39,260.09,No,No,EXW
PO-2024-1826,Shenzhen Precision Works,Schenker Road,Road,Standard,China,Fort Worth,USA,Lithium cell pack 5000mAh,Power,2024-05-06,2024-05-16,2024-05-16,4560,4560,17.76,USD,1915.20,11800,1757.72,4170.91,No,No,EXW
PO-2024-1827,Shenzhen Precision Works,DHL Global Forwarding,Air,Express,China,Fort Worth,USA,Lithium cell pack 5000mAh,Power,2024-05-06,2024-05-27,2024-05-25,3871,3871,19.94,USD,1625.82,11800,4686.42,2228.56,No,No,DDP
PO-2024-1828,Shenzhen Precision Works,Schenker Road,Road,Standard,China,Reno,USA,Steel bracket set,Housings,2024-05-06,2024-05-15,2024-05-14,3892,3892,4.40,USD,2529.80,11800,2280.13,916.74,No,No,EXW
PO-2024-1829,Taipei Micro Systems,Schenker Road,Road,Standard,Taiwan,Reno,USA,Steel bracket set,Housings,2024-05-06,2024-05-15,2024-05-14,2107,2107,4.59,USD,1369.55,12100,1297.22,391.80,No,No,EXW
PO-2024-1830,Chennai Industrial Ltd,UPS Supply Chain,Parcel,Express,India,Memphis,USA,"Wiring harness, 12-pin",Electrical,2024-05-06,2024-05-23,2024-05-23,654,654,9.37,USD,78.48,13500,473.46,330.22,Yes,No,EXW
PO-2024-1831,Hanoi Components Co,DHL Global Forwarding,Air,Express,Vietnam,Columbus,USA,PCB assembly rev-C,Electronics,2024-05-07,2024-05-26,2024-05-24,768,768,41.51,USD,61.44,13200,612.01,1885.89,No,No,DDP
PO-2024-1832,Guadalajara Assembly,Schenker Road,Road,Standard,Mexico,Fort Worth,USA,"Aluminium enclosure, matte",Housings,2024-05-07,2024-05-17,2024-05-17,874,874,6.35,USD,270.94,2100,253.40,239.71,No,No,EXW
PO-2024-1833,Hanoi Components Co,DHL Global Forwarding,Air,Express,Vietnam,Columbus,USA,"Aluminium enclosure, matte",Housings,2024-05-07,2024-06-07,2024-06-05,604,604,6.46,USD,187.24,13200,943.50,95.88,No,No,EXW
PO-2024-1834,Hanoi Components Co,Schenker Road,Road,Standard,Vietnam,Reno,USA,Cooling fan 40mm,Thermal,2024-05-07,2024-05-17,2024-06-05,3509,3509,3.88,USD,140.36,13200,264.51,596.42,No,No,EXW
PO-2024-1835,Ostrava Metalworks,DHL Global Forwarding,Air,Express,Czechia,Columbus,USA,Lithium cell pack 5000mAh,Power,2024-05-07,2024-06-10,2024-06-10,3567,3567,18.16,USD,1498.14,7400,4199.94,4184.90,No,No,FOB
PO-2024-1836,Shenzhen Precision Works,Maersk Line,Ocean,Standard,China,Memphis,USA,Steel bracket set,Housings,2024-05-07,2024-05-27,2024-06-23,2971,2971,3.96,USD,1931.15,11800,974.20,510.03,No,No,DDP
PO-2024-1837,Hanoi Components Co,UPS Supply Chain,Parcel,Express,Vietnam,Memphis,USA,Display panel 7in IPS,Electronics,2024-05-07,2024-05-26,2024-05-26,1645,1645,49.80,USD,312.55,13200,903.91,3149.20,No,No,EXW
PO-2024-1838,Chennai Industrial Ltd,UPS Supply Chain,Parcel,Express,India,Rotterdam,Netherlands,Lithium cell pack 5000mAh,Power,2024-05-08,2024-05-18,2024-06-06,3195,3195,18.45,USD,1341.90,13500,2836.05,2867.60,No,No,EXW
PO-2024-1839,Shenzhen Precision Works,DHL Global Forwarding,Air,Express,China,Memphis,USA,"Wiring harness, 12-pin",Electrical,2024-05-08,2024-06-08,2024-06-06,3060,3060,10.73,USD,367.20,11800,1369.95,1594.99,No,No,FOB
PO-2024-1840,Guadalajara Assembly,Schenker Road,Road,Standard,Mexico,Reno,USA,PCB assembly rev-C,Electronics,2024-05-08,2024-06-11,2024-06-11,4617,4617,45.50,USD,369.36,2100,337.06,10314.92,No,No,EXW
PO-2024-1841,Taipei Micro Systems,DHL Global Forwarding,Air,Express,Taiwan,Rotterdam,Netherlands,Cooling fan 40mm,Thermal,2024-05-08,2024-05-30,2024-05-28,2470,2470,3.93,USD,98.80,12100,672.95,346.69,No,No,DDP
PO-2024-1842,Guadalajara Assembly,Maersk Line,Ocean,Standard,Mexico,Fort Worth,USA,"Wiring harness, 12-pin",Electrical,2024-05-08,2024-05-25,2024-05-25,474,474,9.50,USD,56.88,2100,39.30,175.66,No,No,CIF
PO-2024-1843,Shenzhen Precision Works,UPS Supply Chain,Parcel,Express,China,Memphis,USA,"Aluminium enclosure, matte",Housings,2024-05-08,2024-05-20,2024-06-03,3160,3160,6.76,USD,979.60,11800,2117.41,1116.18,No,No,DDP
PO-2024-1844,Shenzhen Precision Works,Maersk Line,Ocean,Standard,China,Reno,USA,Steel bracket set,Housings,2024-05-09,2024-06-11,2024-06-09,3274,3274,4.57,USD,2128.10,11800,1066.28,604.50,No,No,FOB
PO-2024-1845,Chennai Industrial Ltd,DHL Global Forwarding,Air,Express,India,Columbus,USA,Cooling fan 40mm,Thermal,2024-05-09,2024-06-08,2024-06-25,4790,4790,3.43,USD,191.60,13500,965.22,360.50,No,No,EXW
PO-2024-1846,Shenzhen Precision Works,DHL Global Forwarding,Air,Express,China,Memphis,USA,"Wiring harness, 12-pin",Electrical,2024-05-09,2024-06-03,2024-06-03,1595,1595,9.25,USD,191.40,11800,906.72,634.40,No,No,EXW
PO-2024-1847,Shenzhen Precision Works,Schenker Road,Road,Standard,China,Memphis,USA,Steel bracket set,Housings,2024-05-09,2024-06-12,2024-06-15,4213,4213,4.28,USD,2738.45,11800,2457.48,935.05,No,No,FOB
PO-2024-1848,Hanoi Components Co,Schenker Road,Road,Standard,Vietnam,Memphis,USA,"Aluminium enclosure, matte",Housings,2024-05-09,2024-06-01,2024-06-04,2724,2724,6.55,USD,844.44,13200,862.97,893.44,No,No,CIF
PO-2024-1849,Chennai Industrial Ltd,Maersk Line,Ocean,Standard,India,Fort Worth,USA,Lithium cell pack 5000mAh,Power,2024-05-09,2024-06-07,2024-06-16,2239,2239,20.25,USD,940.38,13500,521.30,2422.71,No,No,DDP
PO-2024-1850,Taipei Micro Systems,Maersk Line,Ocean,Standard,Taiwan,Rotterdam,Netherlands,USB-C connector module,Electronics,2024-05-09,2024-05-18,2024-06-02,4067,3597,2.23,USD,40.67,12100,92.22,217.66,No,No,EXW
PO-2024-1851,Shenzhen Precision Works,DHL Global Forwarding,Air,Express,China,Columbus,USA,Display panel 7in IPS,Electronics,2024-05-10,2024-05-20,2024-05-20,4715,4715,51.43,USD,895.85,11800,2762.94,15535.92,No,No,DDP
PO-2024-1852,Hanoi Components Co,DHL Global Forwarding,Air,Express,Vietnam,Rotterdam,Netherlands,Cooling fan 40mm,Thermal,2024-05-10,2024-05-28,2024-05-29,478,478,3.47,USD,19.12,13200,500.50,53.25,No,No,EXW
PO-2024-1853,Shenzhen Precision Works,Schenker Road,Road,Standard,China,Rotterdam,Netherlands,Display panel 7in IPS,Electronics,2024-05-10,2024-06-11,2024-06-22,4402,4402,55.82,USD,836.38,11800,840.72,10732.52,No,No,CIF
PO-2024-1854,Shenzhen Precision Works,UPS Supply Chain,Parcel,Express,China,Reno,USA,Display panel 7in IPS,Electronics,2024-05-10,2024-05-22,2024-06-02,4432,4432,54.16,USD,842.08,11800,1860.25,10992.04,No,No,DDP
PO-2024-1855,Chennai Industrial Ltd,UPS Supply Chain,Parcel,Express,India,Fort Worth,USA,Display panel 7in IPS,Electronics,2024-05-10,2024-06-07,2024-07-14,2399,2399,52.38,USD,455.81,13500,1179.06,5231.17,No,No,DDP
PO-2024-1856,Hanoi Components Co,UPS Supply Chain,Parcel,Express,Vietnam,Fort Worth,USA,PCB assembly rev-C,Electronics,2024-05-10,2024-05-21,2024-06-02,434,351,46.08,USD,34.72,13200,384.37,457.25,No,No,FOB
PO-2024-1857,Guadalajara Assembly,Maersk Line,Ocean,Standard,Mexico,Fort Worth,USA,Lithium cell pack 5000mAh,Power,2024-05-10,2024-05-31,2024-05-29,1319,1319,17.52,USD,553.98,2100,271.69,1385.11,No,No,FOB
PO-2024-1858,Ostrava Metalworks,Maersk Line,Ocean,Standard,Czechia,Rotterdam,Netherlands,"Wiring harness, 12-pin",Electrical,2024-05-11,2024-05-21,2024-05-21,4043,4043,10.15,USD,485.16,7400,271.58,1675.20,No,No,DDP
PO-2024-1859,Shenzhen Precision Works,Maersk Line,Ocean,Standard,China,Fort Worth,USA,Steel bracket set,Housings,2024-05-11,2024-05-30,2024-05-28,2593,2593,3.98,USD,1685.45,11800,859.34,291.82,No,No,DDP
PO-2024-1860,Hanoi Components Co,UPS Supply Chain,Parcel,Express,Vietnam,Columbus,USA,USB-C connector module,Electronics,2024-05-11,2024-06-07,2024-06-18,1946,1946,2.09,USD,19.46,13200,355.83,233.89,No,No,EXW
PO-2024-1861,Ostrava Metalworks,Maersk Line,Ocean,Standard,Czechia,Memphis,USA,Cooling fan 40mm,Thermal,2024-05-11,2024-05-26,2024-05-26,823,823,3.59,USD,32.92,7400,60.16,75.55,No,No,EXW
PO-2024-1862,Shenzhen Precision Works,DHL Global Forwarding,Air,Express,China,Rotterdam,Netherlands,PCB assembly rev-C,Electronics,2024-05-11,2024-06-14,2024-06-14,3103,3103,41.40,USD,248.24,11800,1056.49,8113.07,No,No,CIF
PO-2024-1863,Guadalajara Assembly,Maersk Line,Ocean,Standard,Mexico,Columbus,USA,"Aluminium enclosure, matte",Housings,2024-05-11,2024-05-25,2024-05-25,3191,3191,6.22,USD,989.21,2100,475.16,648.02,No,No,FOB
PO-2024-1864,Chennai Industrial Ltd,DHL Global Forwarding,Air,Express,India,Columbus,USA,USB-C connector module,Electronics,2024-05-12,2024-06-01,2024-06-01,2846,2846,2.03,USD,28.46,13500,535.34,346.38,No,No,FOB
PO-2024-1865,Taipei Micro Systems,Schenker Road,Road,Standard,Taiwan,Memphis,USA,Steel bracket set,Housings,2024-05-12,2024-06-14,2024-06-20,1622,1622,4.63,USD,1054.30,12100,1029.25,271.10,No,No,FOB
PO-2024-1866,Chennai Industrial Ltd,DHL Global Forwarding,Air,Express,India,Memphis,USA,Display panel 7in IPS,Electronics,2024-05-12,2024-06-10,2024-06-08,4586,4586,59.20,USD,871.34,13500,2756.33,9195.15,No,No,DDP
PO-2024-1867,Shenzhen Precision Works,Schenker Road,Road,Standard,China,Rotterdam,Netherlands,Lithium cell pack 5000mAh,Power,2024-05-12,2024-06-03,2024-06-29,3070,3070,18.77,USD,1289.40,11800,1225.79,3555.79,No,No,CIF
PO-2024-1868,Chennai Industrial Ltd,DHL Global Forwarding,Air,Express,India,Reno,USA,USB-C connector module,Electronics,2024-05-12,2024-05-27,2024-05-25,3985,3985,2.15,USD,39.85,13500,565.35,189.56,No,No,EXW
PO-2024-1869,Chennai Industrial Ltd,Schenker Road,Road,Standard,India,Reno,USA,"Aluminium enclosure, matte",Housings,2024-05-12,2024-06-11,2024-07-23,4540,4540,5.95,USD,1407.40,13500,1344.79,1427.38,No,No,CIF
PO-2024-1870,Shenzhen Precision Works,Schenker Road,Road,Standard,China,Fort Worth,USA,USB-C connector module,Electronics,2024-05-12,2024-06-08,2024-06-13,1329,1329,2.01,USD,13.29,11800,141.10,134.35,No,No,DDP
PO-2024-1871,Shenzhen Precision Works,DHL Global Forwarding,Air,Express,China,Memphis,USA,"Aluminium enclosure, matte",Housings,2024-05-13,2024-06-06,2024-06-23,43,43,5.86,USD,13.33,11800,437.50,8.96,No,No,FOB
PO-2024-1872,Taipei Micro Systems,DHL Global Forwarding,Air,Express,Taiwan,Rotterdam,Netherlands,"Wiring harness, 12-pin",Electrical,2024-05-13,2024-06-02,2024-06-02,1928,1928,10.58,USD,231.36,12100,1022.24,690.94,No,No,CIF
PO-2024-1873,Ostrava Metalworks,DHL Global Forwarding,Air,Express,Czechia,Memphis,USA,"Aluminium enclosure, matte",Housings,2024-05-13,2024-06-10,2024-06-10,4074,4074,5.84,USD,1262.94,7400,3580.19,813.46,No,No,DDP
PO-2024-1874,Hanoi Components Co,Schenker Road,Road,Standard,Vietnam,Memphis,USA,Display panel 7in IPS,Electronics,2024-05-13,2024-06-11,2024-06-23,2142,2142,58.33,USD,406.98,13200,491.13,7398.80,No,No,FOB
PO-2024-1875,Taipei Micro Systems,Schenker Road,Road,Standard,Taiwan,Reno,USA,PCB assembly rev-C,Electronics,2024-05-13,2024-06-16,2024-06-16,3650,3650,42.97,USD,292.00,12100,381.30,8064.36,No,No,CIF
PO-2024-1876,Ostrava Metalworks,DHL Global Forwarding,Air,Express,Czechia,Rotterdam,Netherlands,Display panel 7in IPS,Electronics,2024-05-13,2024-06-16,2024-06-16,1785,1785,53.80,USD,339.15,7400,1146.00,2544.48,No,No,EXW
PO-2024-1877,Guadalajara Assembly,UPS Supply Chain,Parcel,Express,Mexico,Memphis,USA,"Aluminium enclosure, matte",Housings,2024-05-14,2024-05-24,2024-05-24,4216,4216,5.94,USD,1306.96,2100,2494.84,1462.77,No,No,CIF
PO-2024-1878,Shenzhen Precision Works,DHL Global Forwarding,Air,Express,China,Columbus,USA,Cooling fan 40mm,Thermal,2024-05-14,2024-05-28,2024-05-28,930,930,3.66,USD,37.20,11800,500.40,103.29,No,No,CIF
PO-2024-1879,Hanoi Components Co,UPS Supply Chain,Parcel,Express,Vietnam,Columbus,USA,Steel bracket set,Housings,2024-05-14,2024-06-16,2024-06-17,1693,1693,4.63,USD,1100.45,13200,2377.28,191.51,No,No,CIF
PO-2024-1880,Guadalajara Assembly,DHL Global Forwarding,Air,Express,Mexico,Fort Worth,USA,Steel bracket set,Housings,2024-05-14,2024-06-14,2024-06-14,3245,3245,4.10,USD,2109.25,2100,5629.48,694.88,No,No,CIF
PO-2024-1881,Shenzhen Precision Works,UPS Supply Chain,Parcel,Express,China,Memphis,USA,Lithium cell pack 5000mAh,Power,2024-05-14,2024-06-16,2024-07-01,570,570,19.48,USD,239.40,11800,733.24,302.54,No,No,DDP
PO-2024-1882,Chennai Industrial Ltd,Schenker Road,Road,Standard,India,Reno,USA,Steel bracket set,Housings,2024-05-14,2024-06-04,2024-06-15,571,571,4.20,USD,371.15,13500,463.98,135.74,No,No,CIF
PO-2024-1883,Chennai Industrial Ltd,Maersk Line,Ocean,Standard,India,Columbus,USA,"Aluminium enclosure, matte",Housings,2024-05-14,2024-05-29,2024-06-23,4675,4675,6.67,USD,1449.25,13500,759.20,1949.02,No,No,FOB
PO-2024-1884,Chennai Industrial Ltd,Schenker Road,Road,Standard,India,Fort Worth,USA,PCB assembly rev-C,Electronics,2024-05-15,2024-06-05,2024-06-05,3941,3941,41.44,USD,315.28,13500,416.49,10018.39,No,No,FOB
PO-2024-1885,Shenzhen Precision Works,DHL Global Forwarding,Air,Express,China,Memphis,USA,"Wiring harness, 12-pin",Electrical,2024-05-15,2024-06-13,2024-07-14,2298,2298,10.53,USD,275.76,11800,1129.01,993.15,No,No,DDP
PO-2024-1886,Shenzhen Precision Works,Schenker Road,Road,Standard,China,Fort Worth,USA,"Aluminium enclosure, matte",Housings,2024-05-15,2024-05-29,2024-05-29,3807,3309,6.86,USD,1180.17,11800,1132.94,1319.80,No,No,CIF
PO-2024-1887,Chennai Industrial Ltd,DHL Global Forwarding,Air,Express,India,Columbus,USA,"Wiring harness, 12-pin",Electrical,2024-05-15,2024-06-10,2024-07-10,2536,2536,10.22,USD,304.32,13500,1262.23,1588.89,No,No,FOB
PO-2024-1888,Taipei Micro Systems,UPS Supply Chain,Parcel,Express,Taiwan,Columbus,USA,Cooling fan 40mm,Thermal,2024-05-15,2024-05-31,2024-06-17,2136,2136,3.82,USD,85.44,12100,452.59,342.26,No,No,CIF
PO-2024-1889,Guadalajara Assembly,UPS Supply Chain,Parcel,Express,Mexico,Columbus,USA,PCB assembly rev-C,Electronics,2024-05-15,2024-05-31,2024-05-29,4740,4740,44.48,USD,379.20,2100,759.92,7249.68,No,No,CIF
PO-2024-1890,Taipei Micro Systems,Schenker Road,Road,Standard,Taiwan,Rotterdam,Netherlands,Display panel 7in IPS,Electronics,2024-05-15,2024-06-07,2024-06-06,1457,1457,49.99,USD,276.83,12100,368.41,3722.11,No,No,FOB
PO-2024-1891,Ostrava Metalworks,Schenker Road,Road,Standard,Czechia,Columbus,USA,Steel bracket set,Housings,2024-05-16,2024-06-11,2024-06-11,3729,3729,4.34,USD,2423.85,7400,2141.67,562.72,No,No,DDP
PO-2024-1892,Hanoi Components Co,DHL Global Forwarding,Air,Express,Vietnam,Columbus,USA,Cooling fan 40mm,Thermal,2024-05-16,2024-06-08,2024-06-08,2050,2050,3.44,USD,82.00,13200,666.19,286.51,No,No,FOB
PO-2024-1893,Guadalajara Assembly,Maersk Line,Ocean,Standard,Mexico,Memphis,USA,"Aluminium enclosure, matte",Housings,2024-05-16,2024-05-26,2024-05-26,1189,1189,6.77,USD,368.59,2100,185.02,270.46,No,No,CIF
PO-2024-1894,Taipei Micro Systems,DHL Global Forwarding,Air,Express,Taiwan,Reno,USA,"Wiring harness, 12-pin",Electrical,2024-05-16,2024-06-16,2024-06-16,1850,1850,9.65,USD,222.00,12100,997.58,627.70,No,No,EXW
PO-2024-1895,Chennai Industrial Ltd,Maersk Line,Ocean,Standard,India,Reno,USA,Lithium cell pack 5000mAh,Power,2024-05-16,2024-06-06,2024-06-05,1734,1734,19.56,USD,728.28,13500,422.15,1449.79,No,No,EXW
PO-2024-1896,Shenzhen Precision Works,UPS Supply Chain,Parcel,Express,China,Columbus,USA,Steel bracket set,Housings,2024-05-16,2024-05-29,2024-05-29,1093,1093,4.59,USD,710.45,11800,1614.10,237.10,No,No,EXW
PO-2024-1897,Chennai Industrial Ltd,Schenker Road,Road,Standard,India,Fort Worth,USA,"Aluminium enclosure, matte",Housings,2024-05-17,2024-06-12,2024-07-10,4346,4346,6.49,USD,1347.26,13500,1293.67,1605.16,No,No,CIF
PO-2024-1898,Shenzhen Precision Works,Schenker Road,Road,Standard,China,Memphis,USA,Steel bracket set,Housings,2024-05-17,2024-06-01,2024-06-01,4712,4712,4.62,USD,3062.80,11800,2733.18,1180.52,No,No,EXW
PO-2024-1899,Taipei Micro Systems,Schenker Road,Road,Standard,Taiwan,Columbus,USA,Lithium cell pack 5000mAh,Power,2024-05-17,2024-06-05,2024-06-05,1909,1909,18.90,USD,801.78,12100,814.61,927.12,No,No,CIF
PO-2024-1900,Shenzhen Precision Works,UPS Supply Chain,Parcel,Express,China,Fort Worth,USA,Lithium cell pack 5000mAh,Power,2024-05-17,2024-05-31,2024-05-31,2773,2773,18.42,USD,1164.66,11800,2463.47,1201.76,No,No,CIF
PO-2024-1901,Hanoi Components Co,Maersk Line,Ocean,Standard,Vietnam,Rotterdam,Netherlands,PCB assembly rev-C,Electronics,2024-05-17,2024-06-19,2024-06-18,2325,2325,39.74,USD,186.00,13200,166.81,5073.69,No,No,DDP
PO-2024-1902,Ostrava Metalworks,Schenker Road,Road,Standard,Czechia,Rotterdam,Netherlands,PCB assembly rev-C,Electronics,2024-05-17,2024-06-12,2024-06-12,415,415,43.48,USD,33.20,7400,109.62,464.89,No,No,DDP
PO-2024-1903,Guadalajara Assembly,Maersk Line,Ocean,Standard,Mexico,Reno,USA,PCB assembly rev-C,Electronics,2024-05-17,2024-06-04,2024-06-04,3482,3482,39.30,USD,278.56,2100,142.93,6724.44,No,No,CIF
PO-2024-1904,Shenzhen Precision Works,Maersk Line,Ocean,Standard,China,Rotterdam,Netherlands,"Aluminium enclosure, matte",Housings,2024-05-18,2024-05-31,2024-06-14,2289,2289,5.96,USD,709.59,11800,403.12,532.51,No,No,EXW
PO-2024-1905,Taipei Micro Systems,UPS Supply Chain,Parcel,Express,Taiwan,Rotterdam,Netherlands,"Wiring harness, 12-pin",Electrical,2024-05-18,2024-06-19,2024-06-19,1744,1744,9.22,USD,209.28,12100,684.17,881.08,No,No,CIF
PO-2024-1906,Taipei Micro Systems,UPS Supply Chain,Parcel,Express,Taiwan,Rotterdam,Netherlands,USB-C connector module,Electronics,2024-05-18,2024-06-17,2024-06-16,3661,3661,2.13,USD,36.61,12100,361.28,261.19,No,No,DDP
PO-2024-1907,Shenzhen Precision Works,UPS Supply Chain,Parcel,Express,China,Rotterdam,Netherlands,USB-C connector module,Electronics,2024-05-18,2024-06-12,2024-06-11,3586,3586,2.06,USD,35.86,11800,352.62,474.47,No,No,DDP
PO-2024-1908,Ostrava Metalworks,Schenker Road,Road,Standard,Czechia,Memphis,USA,Display panel 7in IPS,Electronics,2024-05-18,2024-06-03,2024-06-03,4777,4777,57.09,USD,907.63,7400,852.89,6407.14,No,No,EXW
PO-2024-1909,Taipei Micro Systems,Maersk Line,Ocean,Standard,Taiwan,Memphis,USA,Cooling fan 40mm,Thermal,2024-05-18,2024-06-06,2024-06-06,3540,3540,3.70,USD,141.60,12100,139.40,694.44,Yes,Yes,CIF
PO-2024-1910,Taipei Micro Systems,Maersk Line,Ocean,Standard,Taiwan,Fort Worth,USA,Cooling fan 40mm,Thermal,2024-05-19,2024-05-31,2024-06-12,4359,4359,3.85,USD,174.36,12100,154.72,688.20,No,No,CIF
PO-2024-1911,Shenzhen Precision Works,Schenker Road,Road,Standard,China,Rotterdam,Netherlands,PCB assembly rev-C,Electronics,2024-05-19,2024-06-12,2024-07-10,946,946,40.99,USD,75.68,11800,194.13,2476.61,No,No,DDP
PO-2024-1912,Shenzhen Precision Works,DHL Global Forwarding,Air,Express,China,Memphis,USA,Display panel 7in IPS,Electronics,2024-05-19,2024-06-13,2024-06-12,526,526,51.78,USD,99.94,11800,665.72,1057.95,No,No,FOB
PO-2024-1913,Hanoi Components Co,Maersk Line,Ocean,Standard,Vietnam,Reno,USA,Cooling fan 40mm,Thermal,2024-05-19,2024-06-16,2024-06-25,2714,2714,3.68,USD,108.56,13200,130.61,366.53,Yes,Yes,CIF
PO-2024-1914,Shenzhen Precision Works,Maersk Line,Ocean,Standard,China,Fort Worth,USA,Steel bracket set,Housings,2024-05-19,2024-06-10,2024-07-03,1697,1697,4.70,USD,1103.05,11800,587.07,436.69,No,No,FOB
PO-2024-1915,Chennai Industrial Ltd,DHL Global Forwarding,Air,Express,India,Columbus,USA,Lithium cell pack 5000mAh,Power,2024-05-19,2024-06-17,2024-06-17,2763,2763,18.81,USD,1160.46,13500,3518.16,2924.93,No,No,DDP
PO-2024-1916,Hanoi Components Co,DHL Global Forwarding,Air,Express,Vietnam,Rotterdam,Netherlands,Steel bracket set,Housings,2024-05-19,2024-06-12,2024-06-12,82,82,4.62,USD,53.30,13200,590.57,8.56,No,No,FOB
PO-2024-1917,Shenzhen Precision Works,UPS Supply Chain,Parcel,Express,China,Memphis,USA,"Wiring harness, 12-pin",Electrical,2024-05-20,2024-06-14,2024-07-01,3065,3065,10.20,USD,367.80,11800,973.35,1244.45,No,No,FOB
PO-2024-1918,Shenzhen Precision Works,UPS Supply Chain,Parcel,Express,China,Reno,USA,USB-C connector module,Electronics,2024-05-20,2024-06-11,2024-06-20,27,27,2.35,USD,0.27,11800,286.06,1.82,No,No,EXW
PO-2024-1919,Shenzhen Precision Works,Maersk Line,Ocean,Standard,China,Fort Worth,USA,Lithium cell pack 5000mAh,Power,2024-05-20,2024-06-22,2024-06-22,1225,1225,17.51,USD,514.50,11800,311.92,832.49,No,No,DDP
PO-2024-1920,Guadalajara Assembly,UPS Supply Chain,Parcel,Express,Mexico,Fort Worth,USA,Lithium cell pack 5000mAh,Power,2024-05-20,2024-06-03,2024-06-01,1146,1107,19.73,USD,481.32,2100,950.89,1079.80,No,No,CIF
PO-2024-1921,Guadalajara Assembly,DHL Global Forwarding,Air,Express,Mexico,Rotterdam,Netherlands,Cooling fan 40mm,Thermal,2024-05-20,2024-06-03,2024-06-03,2145,2145,3.56,USD,85.80,2100,297.69,430.39,No,No,DDP
PO-2024-1922,Shenzhen Precision Works,UPS Supply Chain,Parcel,Express,China,Reno,USA,Display panel 7in IPS,Electronics,2024-05-20,2024-06-08,2024-06-25,3472,3472,51.92,USD,659.68,11800,1519.16,5048.56,No,No,DDP
PO-2024-1923,Chennai Industrial Ltd,DHL Global Forwarding,Air,Express,India,Memphis,USA,USB-C connector module,Electronics,2024-05-20,2024-06-07,2024-06-05,4290,4290,2.19,USD,42.90,13500,573.39,472.03,No,No,DDP
PO-2024-1924,Guadalajara Assembly,Maersk Line,Ocean,Standard,Mexico,Columbus,USA,Lithium cell pack 5000mAh,Power,2024-05-21,2024-06-10,2024-06-10,1644,1644,18.60,USD,690.48,2100,335.50,741.83,No,No,CIF
PO-2024-1925,Shenzhen Precision Works,DHL Global Forwarding,Air,Express,China,Rotterdam,Netherlands,"Aluminium enclosure, matte",Housings,2024-05-21,2024-06-08,2024-06-25,1671,1671,6.45,USD,518.01,11800,1767.34,303.95,No,No,FOB
PO-2024-1926,Ostrava Metalworks,DHL Global Forwarding,Air,Express,Czechia,Reno,USA,Lithium cell pack 5000mAh,Power,2024-05-21,2024-05-30,2024-05-28,165,165,19.00,USD,69.30,7400,434.95,76.23,No,No,DDP
PO-2024-1927,Shenzhen Precision Works,Schenker Road,Road,Standard,China,Columbus,USA,Cooling fan 40mm,Thermal,2024-05-21,2024-06-05,2024-06-27,3957,3957,3.96,USD,158.28,11800,264.34,570.79,No,No,CIF
PO-2024-1928,Shenzhen Precision Works,Maersk Line,Ocean,Standard,China,Columbus,USA,Lithium cell pack 5000mAh,Power,2024-05-21,2024-06-07,2024-06-20,2555,2555,18.75,USD,1073.10,11800,573.06,1877.09,No,No,FOB
PO-2024-1929,Hanoi Components Co,DHL Global Forwarding,Air,Express,Vietnam,Fort Worth,USA,Steel bracket set,Housings,2024-05-21,2024-06-09,2024-06-17,4780,4780,4.35,USD,3107.00,13200,8637.07,434.30,No,No,CIF
PO-2024-1930,Shenzhen Precision Works,DHL Global Forwarding,Air,Express,China,Rotterdam,Netherlands,"Aluminium enclosure, matte",Housings,2024-05-22,2024-06-06,2024-06-11,2387,2387,5.96,USD,739.97,11800,2352.20,755.13,No,No,FOB
PO-2024-1931,Chennai Industrial Ltd,Maersk Line,Ocean,Standard,India,Reno,USA,"Wiring harness, 12-pin",Electrical,2024-05-22,2024-06-07,2024-07-06,993,993,9.06,USD,119.16,13500,137.38,555.68,No,No,DDP
PO-2024-1932,Taipei Micro Systems,DHL Global Forwarding,Air,Express,Taiwan,Rotterdam,Netherlands,"Aluminium enclosure, matte",Housings,2024-05-22,2024-06-25,2024-06-25,910,910,6.49,USD,282.10,12100,1155.94,362.67,No,No,CIF
PO-2024-1933,Ostrava Metalworks,UPS Supply Chain,Parcel,Express,Czechia,Memphis,USA,Steel bracket set,Housings,2024-05-22,2024-06-14,2024-06-14,4273,4273,4.48,USD,2777.45,7400,5372.91,1066.64,No,No,DDP
PO-2024-1934,Hanoi Components Co,UPS Supply Chain,Parcel,Express,Vietnam,Columbus,USA,Lithium cell pack 5000mAh,Power,2024-05-22,2024-06-02,2024-06-11,240,240,17.73,USD,100.80,13200,507.94,228.70,No,No,DDP
PO-2024-1935,Shenzhen Precision Works,Maersk Line,Ocean,Standard,China,Fort Worth,USA,Steel bracket set,Housings,2024-05-22,2024-06-06,2024-06-30,1260,1260,4.72,USD,819.00,11800,454.27,183.56,No,No,CIF
PO-2024-1936,Hanoi Components Co,DHL Global Forwarding,Air,Express,Vietnam,Rotterdam,Netherlands,Lithium cell pack 5000mAh,Power,2024-05-22,2024-06-11,2024-06-11,855,855,17.82,USD,359.10,13200,1396.35,526.65,No,No,DDP
PO-2024-1937,Guadalajara Assembly,UPS Supply Chain,Parcel,Express,Mexico,Memphis,USA,Cooling fan 40mm,Thermal,2024-05-23,2024-06-26,2024-06-26,2639,2639,3.64,USD,105.56,2100,248.22,257.70,No,No,CIF
PO-2024-1938,Hanoi Components Co,Schenker Road,Road,Standard,Vietnam,Columbus,USA,USB-C connector module,Electronics,2024-05-23,2024-06-07,2024-06-21,958,958,2.11,USD,9.58,13200,153.34,117.42,No,No,CIF
PO-2024-1939,Shenzhen Precision Works,DHL Global Forwarding,Air,Express,China,Fort Worth,USA,Lithium cell pack 5000mAh,Power,2024-05-23,2024-06-04,2024-06-04,1081,1081,18.54,USD,454.02,11800,1598.72,1069.05,No,No,DDP
PO-2024-1940,Shenzhen Precision Works,Schenker Road,Road,Standard,China,Reno,USA,Lithium cell pack 5000mAh,Power,2024-05-23,2024-06-03,2024-06-18,2508,2508,17.94,USD,1053.36,11800,1025.16,2779.68,No,No,FOB
PO-2024-1941,Shenzhen Precision Works,Maersk Line,Ocean,Standard,China,Memphis,USA,USB-C connector module,Electronics,2024-05-23,2024-06-17,2024-07-08,3864,3864,2.18,USD,38.64,11800,89.45,236.20,No,No,CIF
PO-2024-1942,Shenzhen Precision Works,Schenker Road,Road,Standard,China,Rotterdam,Netherlands,Lithium cell pack 5000mAh,Power,2024-05-23,2024-06-05,2024-06-26,2062,2062,18.30,USD,866.04,11800,865.93,2153.86,No,No,DDP
PO-2024-1943,Guadalajara Assembly,Schenker Road,Road,Standard,Mexico,Reno,USA,Lithium cell pack 5000mAh,Power,2024-05-24,2024-06-24,2024-06-22,292,292,19.73,USD,122.64,2100,127.34,162.85,No,No,FOB
PO-2024-1944,Ostrava Metalworks,Schenker Road,Road,Standard,Czechia,Rotterdam,Netherlands,PCB assembly rev-C,Electronics,2024-05-24,2024-06-06,2024-06-06,1802,1802,44.10,USD,144.16,7400,203.94,2751.55,No,No,FOB
PO-2024-1945,Chennai Industrial Ltd,UPS Supply Chain,Parcel,Express,India,Columbus,USA,Display panel 7in IPS,Electronics,2024-05-24,2024-06-24,2024-07-17,1769,1769,54.65,USD,336.11,13500,955.23,5458.35,No,No,FOB
PO-2024-1946,Chennai Industrial Ltd,Schenker Road,Road,Standard,India,Fort Worth,USA,Display panel 7in IPS,Electronics,2024-05-24,2024-06-18,2024-07-14,4666,4666,56.15,USD,886.54,13500,902.06,14534.78,No,No,EXW
PO-2024-1947,Chennai Industrial Ltd,DHL Global Forwarding,Air,Express,India,Columbus,USA,"Wiring harness, 12-pin",Electrical,2024-05-24,2024-06-26,2024-06-25,4621,4621,10.32,USD,554.52,13500,1921.51,2008.74,No,No,CIF
PO-2024-1948,Hanoi Components Co,Schenker Road,Road,Standard,Vietnam,Rotterdam,Netherlands,Display panel 7in IPS,Electronics,2024-05-24,2024-06-27,2024-06-27,1559,1559,58.88,USD,296.21,13200,396.98,3009.87,No,No,EXW
PO-2024-1949,Shenzhen Precision Works,UPS Supply Chain,Parcel,Express,China,Reno,USA,Display panel 7in IPS,Electronics,2024-05-24,2024-06-24,2024-07-19,1107,1107,54.83,USD,210.33,11800,678.88,2102.87,No,No,DDP
PO-2024-1950,Shenzhen Precision Works,Schenker Road,Road,Standard,China,Reno,USA,Cooling fan 40mm,Thermal,2024-05-25,2024-06-11,2024-06-30,1519,1519,3.69,USD,60.76,11800,181.45,258.40,Yes,Yes,FOB
PO-2024-1951,Hanoi Components Co,Schenker Road,Road,Standard,Vietnam,Memphis,USA,Lithium cell pack 5000mAh,Power,2024-05-25,2024-06-11,2024-06-20,3451,2919,20.05,USD,1449.42,13200,1377.21,3417.75,No,No,CIF
PO-2024-1952,Shenzhen Precision Works,Maersk Line,Ocean,Standard,China,Memphis,USA,Cooling fan 40mm,Thermal,2024-05-25,2024-06-21,2024-07-16,1975,1975,3.50,USD,79.00,11800,108.32,179.44,No,No,FOB
PO-2024-1953,Guadalajara Assembly,Schenker Road,Road,Standard,Mexico,Rotterdam,Netherlands,"Wiring harness, 12-pin",Electrical,2024-05-25,2024-06-15,2024-06-15,2751,2751,10.36,USD,330.12,2100,303.70,1013.65,No,No,DDP
PO-2024-1954,Shenzhen Precision Works,UPS Supply Chain,Parcel,Express,China,Rotterdam,Netherlands,Lithium cell pack 5000mAh,Power,2024-05-25,2024-06-19,2024-07-06,4676,4676,17.40,USD,1963.92,11800,3958.09,4853.05,No,No,EXW
PO-2024-1955,Shenzhen Precision Works,Schenker Road,Road,Standard,China,Reno,USA,Lithium cell pack 5000mAh,Power,2024-05-25,2024-06-16,2024-06-30,2327,2327,17.47,USD,977.34,11800,960.54,1320.62,No,No,FOB
PO-2024-1956,Ostrava Metalworks,Maersk Line,Ocean,Standard,Czechia,Fort Worth,USA,"Aluminium enclosure, matte",Housings,2024-05-25,2024-06-27,2024-06-27,2860,2860,6.77,USD,886.60,7400,459.26,580.46,No,No,FOB
PO-2024-1957,Shenzhen Precision Works,DHL Global Forwarding,Air,Express,China,Rotterdam,Netherlands,USB-C connector module,Electronics,2024-05-26,2024-06-11,2024-06-11,3668,3668,2.19,USD,36.68,11800,499.03,408.28,No,No,EXW
PO-2024-1958,Shenzhen Precision Works,UPS Supply Chain,Parcel,Express,China,Columbus,USA,PCB assembly rev-C,Electronics,2024-05-26,2024-06-25,2024-06-25,2043,2043,46.28,USD,163.44,11800,591.19,4433.35,No,No,CIF
PO-2024-1959,Shenzhen Precision Works,Schenker Road,Road,Standard,China,Fort Worth,USA,Steel bracket set,Housings,2024-05-26,2024-06-08,2024-06-14,260,260,4.40,USD,169.00,11800,273.45,46.18,No,No,EXW
PO-2024-1960,Shenzhen Precision Works,Schenker Road,Road,Standard,China,Fort Worth,USA,Steel bracket set,Housings,2024-05-26,2024-06-20,2024-07-08,1482,1482,4.52,USD,963.30,11800,948.60,203.79,Yes,No,DDP
PO-2024-1961,Shenzhen Precision Works,Maersk Line,Ocean,Standard,China,Rotterdam,Netherlands,"Aluminium enclosure, matte",Housings,2024-05-26,2024-06-12,2024-06-26,3536,3536,6.33,USD,1096.16,11800,583.84,480.89,No,No,EXW
PO-2024-1962,Guadalajara Assembly,Schenker Road,Road,Standard,Mexico,Memphis,USA,"Wiring harness, 12-pin",Electrical,2024-05-26,2024-06-15,2024-06-13,614,614,9.67,USD,73.68,2100,85.73,312.49,No,No,DDP
PO-2024-1963,Taipei Micro Systems,Schenker Road,Road,Standard,Taiwan,Fort Worth,USA,"Aluminium enclosure, matte",Housings,2024-05-27,2024-06-08,2024-06-07,2037,2037,6.51,USD,631.47,12100,669.85,498.62,No,No,FOB
PO-2024-1964,Shenzhen Precision Works,Schenker Road,Road,Standard,China,Memphis,USA,"Wiring harness, 12-pin",Electrical,2024-05-27,2024-06-06,2024-07-03,1023,1023,9.03,USD,122.76,11800,234.15,404.38,No,No,DDP
PO-2024-1965,Chennai Industrial Ltd,Schenker Road,Road,Standard,India,Columbus,USA,Steel bracket set,Housings,2024-05-27,2024-06-29,2024-06-29,3968,3677,4.77,USD,2579.20,13500,2340.82,1044.72,No,No,CIF
PO-2024-1966,Shenzhen Precision Works,Maersk Line,Ocean,Standard,China,Columbus,USA,USB-C connector module,Electronics,2024-05-27,2024-06-12,2024-07-04,1558,1558,2.24,USD,15.58,11800,78.67,195.47,No,No,CIF
PO-2024-1967,Chennai Industrial Ltd,DHL Global Forwarding,Air,Express,India,Reno,USA,"Wiring harness, 12-pin",Electrical,2024-05-27,2024-06-09,2024-06-09,3967,3967,9.37,USD,476.04,13500,1714.72,1611.91,No,No,EXW
PO-2024-1968,Taipei Micro Systems,DHL Global Forwarding,Air,Express,Taiwan,Columbus,USA,Lithium cell pack 5000mAh,Power,2024-05-27,2024-06-16,2024-06-16,2841,2841,18.35,USD,1193.22,12100,3556.74,1532.65,No,No,DDP
PO-2024-1969,Shenzhen Precision Works,DHL Global Forwarding,Air,Express,China,Fort Worth,USA,"Aluminium enclosure, matte",Housings,2024-05-27,2024-06-16,2024-06-14,4164,4164,6.09,USD,1290.84,11800,3803.74,662.15,No,No,FOB
PO-2024-1970,Hanoi Components Co,Maersk Line,Ocean,Standard,Vietnam,Reno,USA,PCB assembly rev-C,Electronics,2024-05-28,2024-06-21,2024-06-21,3041,3041,43.23,USD,243.28,13200,193.59,7945.60,No,No,DDP
PO-2024-1971,Taipei Micro Systems,Maersk Line,Ocean,Standard,Taiwan,Memphis,USA,Lithium cell pack 5000mAh,Power,2024-05-28,2024-06-08,2024-06-07,1432,1432,20.13,USD,601.44,12100,354.38,751.02,No,No,DDP
PO-2024-1972,Shenzhen Precision Works,Maersk Line,Ocean,Standard,China,Columbus,USA,USB-C connector module,Electronics,2024-05-28,2024-06-15,2024-06-22,2852,2852,2.36,USD,28.52,11800,84.72,243.49,No,No,EXW
PO-2024-1973,Shenzhen Precision Works,UPS Supply Chain,Parcel,Express,China,Memphis,USA,USB-C connector module,Electronics,2024-05-28,2024-06-10,2024-06-27,3624,3624,2.11,USD,36.24,11800,353.33,405.40,No,No,EXW
PO-2024-1974,Taipei Micro Systems,DHL Global Forwarding,Air,Express,Taiwan,Reno,USA,PCB assembly rev-C,Electronics,2024-05-28,2024-06-27,2024-06-27,3100,3100,44.56,USD,248.00,12100,1066.09,3878.52,No,No,DDP
PO-2024-1975,Shenzhen Precision Works,Maersk Line,Ocean,Standard,China,Reno,USA,USB-C connector module,Electronics,2024-05-28,2024-06-27,2024-06-27,1426,1426,2.22,USD,14.26,11800,78.06,65.61,No,No,EXW
PO-2024-1976,Taipei Micro Systems,UPS Supply Chain,Parcel,Express,Taiwan,Fort Worth,USA,Display panel 7in IPS,Electronics,2024-05-29,2024-06-20,2024-06-19,3127,3127,54.65,USD,594.13,12100,1403.84,5855.18,No,No,FOB
PO-2024-1977,Shenzhen Precision Works,Schenker Road,Road,Standard,China,Columbus,USA,"Wiring harness, 12-pin",Electrical,2024-05-29,2024-06-29,2024-06-29,1434,1434,9.57,USD,172.08,11800,276.07,635.93,No,No,EXW
PO-2024-1978,Ostrava Metalworks,DHL Global Forwarding,Air,Express,Czechia,Memphis,USA,PCB assembly rev-C,Electronics,2024-05-29,2024-06-30,2024-06-30,3852,3852,45.76,USD,308.16,7400,1064.34,8216.20,No,No,DDP
PO-2024-1979,Guadalajara Assembly,DHL Global Forwarding,Air,Express,Mexico,Fort Worth,USA,USB-C connector module,Electronics,2024-05-29,2024-06-18,2024-06-18,3471,3471,2.30,USD,34.71,2100,163.07,189.55,No,No,FOB
PO-2024-1980,Taipei Micro Systems,UPS Supply Chain,Parcel,Express,Taiwan,Columbus,USA,"Wiring harness, 12-pin",Electrical,2024-05-29,2024-06-20,2024-07-10,4677,4677,10.28,USD,561.24,12100,1342.34,2322.37,No,No,CIF
PO-2024-1981,Guadalajara Assembly,UPS Supply Chain,Parcel,Express,Mexico,Columbus,USA,Steel bracket set,Housings,2024-05-29,2024-06-12,2024-06-12,4527,4527,4.23,USD,2942.55,2100,5553.39,1166.95,No,No,DDP
PO-2024-1982,Guadalajara Assembly,Maersk Line,Ocean,Standard,Mexico,Fort Worth,USA,Steel bracket set,Housings,2024-05-29,2024-06-20,2024-06-20,1693,1693,4.74,USD,1100.45,2100,527.17,265.23,No,No,DDP
PO-2024-1983,Ostrava Metalworks,Schenker Road,Road,Standard,Czechia,Memphis,USA,Steel bracket set,Housings,2024-05-30,2024-06-09,2024-06-09,523,523,4.75,USD,339.95,7400,370.36,134.72,No,No,CIF
PO-2024-1984,Guadalajara Assembly,UPS Supply Chain,Parcel,Express,Mexico,Fort Worth,USA,Steel bracket set,Housings,2024-05-30,2024-06-15,2024-06-15,514,514,4.37,USD,334.10,2100,675.59,109.12,No,No,EXW
PO-2024-1985,Chennai Industrial Ltd,DHL Global Forwarding,Air,Express,India,Memphis,USA,USB-C connector module,Electronics,2024-05-30,2024-07-02,2024-07-02,1450,1450,2.00,USD,14.50,13500,498.56,58.59,No,No,FOB
PO-2024-1986,Shenzhen Precision Works,UPS Supply Chain,Parcel,Express,China,Memphis,USA,Display panel 7in IPS,Electronics,2024-05-30,2024-06-17,2024-06-29,4227,4227,55.42,USD,803.13,11800,1787.41,14094.44,No,No,DDP
PO-2024-1987,Chennai Industrial Ltd,UPS Supply Chain,Parcel,Express,India,Memphis,USA,Cooling fan 40mm,Thermal,2024-05-30,2024-06-15,2024-06-13,3725,3725,3.40,USD,149.00,13500,605.33,359.69,No,No,CIF
PO-2024-1988,Taipei Micro Systems,UPS Supply Chain,Parcel,Express,Taiwan,Rotterdam,Netherlands,Lithium cell pack 5000mAh,Power,2024-05-30,2024-06-24,2024-07-06,3159,3159,20.16,USD,1326.78,12100,2773.90,1914.77,No,No,EXW
PO-2024-1989,Guadalajara Assembly,DHL Global Forwarding,Air,Express,Mexico,Memphis,USA,USB-C connector module,Electronics,2024-05-30,2024-06-27,2024-06-26,218,218,2.09,USD,2.18,2100,77.35,13.46,No,No,CIF
PO-2024-1990,Shenzhen Precision Works,Maersk Line,Ocean,Standard,China,Rotterdam,Netherlands,PCB assembly rev-C,Electronics,2024-05-31,2024-07-02,2024-07-31,1493,1493,46.30,USD,119.44,11800,127.23,1980.71,No,No,EXW
PO-2024-1991,Guadalajara Assembly,UPS Supply Chain,Parcel,Express,Mexico,Rotterdam,Netherlands,USB-C connector module,Electronics,2024-05-31,2024-06-15,2024-06-15,4198,4198,2.28,USD,41.98,2100,129.32,558.46,No,No,CIF
PO-2024-1992,Shenzhen Precision Works,UPS Supply Chain,Parcel,Express,China,Fort Worth,USA,Cooling fan 40mm,Thermal,2024-05-31,2024-06-17,2024-07-11,3722,3722,3.78,USD,148.88,11800,563.97,321.37,No,No,FOB
PO-2024-1993,Shenzhen Precision Works,Schenker Road,Road,Standard,China,Memphis,USA,Cooling fan 40mm,Thermal,2024-05-31,2024-06-22,2024-06-20,533,533,3.46,USD,21.32,11800,147.92,79.12,No,No,EXW
PO-2024-1994,Shenzhen Precision Works,Schenker Road,Road,Standard,China,Fort Worth,USA,PCB assembly rev-C,Electronics,2024-05-31,2024-06-22,2024-07-05,2436,2436,43.61,USD,194.88,11800,295.45,5068.73,No,No,FOB
PO-2024-1995,Hanoi Components Co,Maersk Line,Ocean,Standard,Vietnam,Fort Worth,USA,Lithium cell pack 5000mAh,Power,2024-05-31,2024-06-22,2024-06-22,2625,2625,17.03,USD,1102.50,13200,595.28,2148.30,No,No,CIF
PO-2024-1996,Shenzhen Precision Works,UPS Supply Chain,Parcel,Express,China,Reno,USA,Lithium cell pack 5000mAh,Power,2024-06-01,2024-07-01,2024-07-01,1583,1583,18.24,USD,664.86,11800,1528.85,613.37,No,No,FOB
PO-2024-1997,Shenzhen Precision Works,DHL Global Forwarding,Air,Express,China,Rotterdam,Netherlands,PCB assembly rev-C,Electronics,2024-06-01,2024-06-28,2024-07-22,3687,3687,41.55,USD,294.96,11800,1179.60,4017.05,No,No,CIF
PO-2024-1998,Shenzhen Precision Works,Schenker Road,Road,Standard,China,Rotterdam,Netherlands,Display panel 7in IPS,Electronics,2024-06-01,2024-06-11,2024-06-29,4291,4291,55.61,USD,815.29,11800,822.80,6811.65,Yes,Yes,EXW
PO-2024-1999,Hanoi Components Co,Schenker Road,Road,Standard,Vietnam,Rotterdam,Netherlands,"Aluminium enclosure, matte",Housings,2024-06-01,2024-06-10,2024-06-26,3324,3224,5.75,USD,1030.44,13200,1021.07,926.49,No,No,DDP
PO-2024-2000,Taipei Micro Systems,DHL Global Forwarding,Air,Express,Taiwan,Memphis,USA,Display panel 7in IPS,Electronics,2024-06-01,2024-06-22,2024-06-21,753,753,58.70,USD,143.07,12100,789.60,1435.79,No,No,FOB
PO-2024-2001,Hanoi Components Co,Schenker Road,Road,Standard,Vietnam,Rotterdam,Netherlands,USB-C connector module,Electronics,2024-06-01,2024-06-21,2024-06-21,107,91,2.14,USD,1.07,13200,146.11,9.16,No,No,DDP
PO-2024-2002,Hanoi Components Co,Schenker Road,Road,Standard,Vietnam,Reno,USA,Cooling fan 40mm,Thermal,2024-06-01,2024-06-23,2024-07-01,2518,2518,3.79,USD,100.72,13200,230.81,223.82,No,No,EXW
PO-2024-2003,Shenzhen Precision Works,UPS Supply Chain,Parcel,Express,China,Rotterdam,Netherlands,Display panel 7in IPS,Electronics,2024-06-02,2024-06-18,2024-07-13,4151,4151,59.04,USD,788.69,11800,1760.41,8245.86,No,No,CIF
PO-2024-2004,Taipei Micro Systems,UPS Supply Chain,Parcel,Express,Taiwan,Memphis,USA,Steel bracket set,Housings,2024-06-02,2024-07-01,2024-06-29,3146,3146,3.99,USD,2044.90,12100,4116.78,606.81,No,No,EXW
PO-2024-2005,Hanoi Components Co,Schenker Road,Road,Standard,Vietnam,Columbus,USA,USB-C connector module,Electronics,2024-06-02,2024-06-26,2024-07-04,1806,1806,2.09,USD,18.06,13200,160.55,140.61,No,No,FOB
PO-2024-2006,Shenzhen Precision Works,UPS Supply Chain,Parcel,Express,China,Fort Worth,USA,PCB assembly rev-C,Electronics,2024-06-02,2024-07-03,2024-07-15,1096,1096,41.15,USD,87.68,11800,449.52,2851.25,No,No,EXW
PO-2024-2007,Shenzhen Precision Works,DHL Global Forwarding,Air,Express,China,Rotterdam,Netherlands,Steel bracket set,Housings,2024-06-02,2024-06-18,2024-07-12,74,74,4.27,USD,48.10,11800,529.12,20.03,Yes,No,DDP
PO-2024-2008,Shenzhen Precision Works,Schenker Road,Road,Standard,China,Reno,USA,PCB assembly rev-C,Electronics,2024-06-02,2024-06-19,2024-06-25,618,618,40.29,USD,49.44,11800,171.82,1027.07,Yes,No,EXW
PO-2024-2009,Shenzhen Precision Works,DHL Global Forwarding,Air,Express,China,Fort Worth,USA,Display panel 7in IPS,Electronics,2024-06-03,2024-06-18,2024-07-01,935,935,58.90,USD,177.65,11800,870.49,2334.76,No,No,EXW
PO-2024-2010,Shenzhen Precision Works,Schenker Road,Road,Standard,China,Reno,USA,Lithium cell pack 5000mAh,Power,2024-06-03,2024-06-16,2024-07-13,3681,3681,17.53,USD,1546.02,11800,1443.92,2813.69,Yes,Yes,CIF
PO-2024-2011,Shenzhen Precision Works,Schenker Road,Road,Standard,China,Memphis,USA,Steel bracket set,Housings,2024-06-03,2024-06-16,2024-07-06,3417,3417,4.12,USD,2221.05,11800,2017.69,542.69,No,No,CIF
PO-2024-2012,Chennai Industrial Ltd,UPS Supply Chain,Parcel,Express,India,Fort Worth,USA,Display panel 7in IPS,Electronics,2024-06-03,2024-07-01,2024-07-01,1802,1802,49.81,USD,342.38,13500,966.95,3173.13,No,No,DDP
PO-2024-2013,Shenzhen Precision Works,UPS Supply Chain,Parcel,Express,China,Fort Worth,USA,PCB assembly rev-C,Electronics,2024-06-03,2024-07-05,2024-07-28,3179,3179,38.87,USD,254.32,11800,761.14,7683.46,No,No,EXW
PO-2024-2014,Hanoi Components Co,DHL Global Forwarding,Air,Express,Vietnam,Reno,USA,Display panel 7in IPS,Electronics,2024-06-03,2024-06-28,2024-06-28,1558,1558,50.69,USD,296.02,13200,1230.13,3850.22,No,No,FOB
PO-2024-2015,Chennai Industrial Ltd,Schenker Road,Road,Standard,India,Rotterdam,Netherlands,Display panel 7in IPS,Electronics,2024-06-03,2024-06-22,2024-07-03,1982,1982,56.93,USD,376.58,13500,468.59,2980.94,No,No,FOB
PO-2024-2016,Shenzhen Precision Works,Schenker Road,Road,Standard,China,Reno,USA,Steel bracket set,Housings,2024-06-04,2024-06-17,2024-07-16,3448,3448,4.62,USD,2241.20,11800,2034.82,530.96,No,No,DDP
PO-2024-2017,Shenzhen Precision Works,Schenker Road,Road,Standard,China,Fort Worth,USA,Lithium cell pack 5000mAh,Power,2024-06-04,2024-06-16,2024-07-02,92,92,19.40,USD,38.64,11800,162.64,83.20,No,No,EXW
PO-2024-2018,Taipei Micro Systems,Maersk Line,Ocean,Standard,Taiwan,Rotterdam,Netherlands,USB-C connector module,Electronics,2024-06-04,2024-06-17,2024-07-03,2071,2071,2.33,USD,20.71,12100,82.89,177.82,No,No,EXW
PO-2024-2019,Taipei Micro Systems,UPS Supply Chain,Parcel,Express,Taiwan,Reno,USA,"Wiring harness, 12-pin",Electrical,2024-06-04,2024-06-15,2024-06-20,3239,3239,10.19,USD,388.68,12100,1019.65,717.04,No,No,EXW
PO-2024-2020,Hanoi Components Co,UPS Supply Chain,Parcel,Express,Vietnam,Fort Worth,USA,Display panel 7in IPS,Electronics,2024-06-04,2024-06-16,2024-06-27,583,583,59.62,USD,110.77,13200,526.58,2254.63,No,No,EXW
PO-2024-2021,Shenzhen Precision Works,DHL Global Forwarding,Air,Express,China,Memphis,USA,Lithium cell pack 5000mAh,Power,2024-06-04,2024-06-17,2024-07-17,2895,2895,18.55,USD,1215.90,11800,3606.28,1079.77,No,No,DDP
PO-2024-2022,Taipei Micro Systems,Schenker Road,Road,Standard,Taiwan,Reno,USA,USB-C connector module,Electronics,2024-06-05,2024-06-25,2024-07-11,1019,1019,1.99,USD,10.19,12100,141.76,105.63,No,No,EXW
PO-2024-2023,Chennai Industrial Ltd,Maersk Line,Ocean,Standard,India,Reno,USA,PCB assembly rev-C,Electronics,2024-06-05,2024-07-08,2024-07-23,1135,1135,39.52,USD,90.80,13500,124.12,925.64,No,No,FOB
PO-2024-2024,Hanoi Components Co,Maersk Line,Ocean,Standard,Vietnam,Columbus,USA,"Aluminium enclosure, matte",Housings,2024-06-05,2024-06-28,2024-07-15,2765,2765,6.40,USD,857.15,13200,480.58,851.23,No,No,CIF
PO-2024-2025,Taipei Micro Systems,DHL Global Forwarding,Air,Express,Taiwan,Fort Worth,USA,Steel bracket set,Housings,2024-06-05,2024-07-06,2024-07-06,2901,2901,4.63,USD,1885.65,12100,5381.30,611.77,No,No,EXW
PO-2024-2026,Chennai Industrial Ltd,UPS Supply Chain,Parcel,Express,India,Reno,USA,Cooling fan 40mm,Thermal,2024-06-05,2024-06-26,2024-07-04,1647,1647,3.83,USD,65.88,13500,449.90,240.00,No,No,FOB
PO-2024-2027,Taipei Micro Systems,Schenker Road,Road,Standard,Taiwan,Memphis,USA,"Wiring harness, 12-pin",Electrical,2024-06-05,2024-06-29,2024-07-13,727,727,10.25,USD,87.24,12100,207.25,401.04,No,No,EXW
PO-2024-2028,Guadalajara Assembly,Maersk Line,Ocean,Standard,Mexico,Rotterdam,Netherlands,"Aluminium enclosure, matte",Housings,2024-06-05,2024-07-06,2024-07-05,509,509,6.14,USD,157.79,2100,86.47,109.57,No,No,FOB
PO-2024-2029,Shenzhen Precision Works,UPS Supply Chain,Parcel,Express,China,Rotterdam,Netherlands,Display panel 7in IPS,Electronics,2024-06-06,2024-06-16,2024-06-15,3908,3908,57.96,USD,742.52,11800,1674.07,4817.04,No,No,FOB
PO-2024-2030,Guadalajara Assembly,Maersk Line,Ocean,Standard,Mexico,Reno,USA,PCB assembly rev-C,Electronics,2024-06-06,2024-07-09,2024-07-09,4736,4736,42.27,USD,378.88,2100,189.83,9441.80,No,No,CIF
PO-2024-2031,Hanoi Components Co,UPS Supply Chain,Parcel,Express,Vietnam,Memphis,USA,Display panel 7in IPS,Electronics,2024-06-06,2024-06-17,2024-06-17,2804,2804,51.66,USD,532.76,13200,1315.70,2901.41,No,No,EXW
PO-2024-2032,Taipei Micro Systems,Schenker Road,Road,Standard,Taiwan,Rotterdam,Netherlands,PCB assembly rev-C,Electronics,2024-06-06,2024-07-05,2024-07-03,3228,3228,40.05,USD,258.24,12100,352.60,4151.82,No,No,DDP
PO-2024-2033,Hanoi Components Co,Schenker Road,Road,Standard,Vietnam,Fort Worth,USA,USB-C connector module,Electronics,2024-06-06,2024-06-23,2024-06-28,4428,4428,2.05,USD,44.28,13200,182.84,468.03,No,No,CIF
PO-2024-2034,Taipei Micro Systems,Schenker Road,Road,Standard,Taiwan,Reno,USA,PCB assembly rev-C,Electronics,2024-06-06,2024-06-25,2024-06-25,1319,1319,45.69,USD,105.52,12100,222.79,3330.71,No,No,EXW
PO-2024-2035,Taipei Micro Systems,Maersk Line,Ocean,Standard,Taiwan,Memphis,USA,"Aluminium enclosure, matte",Housings,2024-06-06,2024-07-10,2024-07-09,956,956,6.13,USD,296.36,12100,211.75,130.60,Yes,No,FOB
PO-2024-2036,Guadalajara Assembly,UPS Supply Chain,Parcel,Express,Mexico,Memphis,USA,Cooling fan 40mm,Thermal,2024-06-07,2024-06-30,2024-06-30,1172,1172,3.64,USD,46.88,2100,138.49,133.83,No,No,FOB
PO-2024-2037,Shenzhen Precision Works,Schenker Road,Road,Standard,China,Memphis,USA,PCB assembly rev-C,Electronics,2024-06-07,2024-06-20,2024-06-20,1869,1869,46.29,USD,149.52,11800,256.89,2159.57,No,No,EXW
PO-2024-2038,Shenzhen Precision Works,UPS Supply Chain,Parcel,Express,China,Columbus,USA,Cooling fan 40mm,Thermal,2024-06-07,2024-07-06,2024-07-04,3137,3137,3.86,USD,125.48,11800,520.21,470.20,No,No,EXW
PO-2024-2039,Guadalajara Assembly,DHL Global Forwarding,Air,Express,Mexico,Reno,USA,"Aluminium enclosure, matte",Housings,2024-06-07,2024-07-06,2024-07-05,1376,1376,6.09,USD,426.56,2100,1195.60,227.20,No,No,CIF
PO-2024-2040,Hanoi Components Co,Maersk Line,Ocean,Standard,Vietnam,Fort Worth,USA,Display panel 7in IPS,Electronics,2024-06-07,2024-07-11,2024-07-09,3543,3543,56.61,USD,673.17,13200,394.57,11345.79,No,No,DDP
PO-2024-2041,Ostrava Metalworks,Maersk Line,Ocean,Standard,Czechia,Memphis,USA,"Aluminium enclosure, matte",Housings,2024-06-07,2024-07-01,2024-07-01,1144,1090,6.72,USD,354.64,7400,210.56,441.05,No,No,EXW
PO-2024-2042,Shenzhen Precision Works,Maersk Line,Ocean,Standard,China,Reno,USA,"Aluminium enclosure, matte",Housings,2024-06-08,2024-06-24,2024-07-01,3012,3012,6.77,USD,933.72,11800,507.90,1286.93,No,No,EXW
PO-2024-2043,Guadalajara Assembly,Schenker Road,Road,Standard,Mexico,Memphis,USA,Lithium cell pack 5000mAh,Power,2024-06-08,2024-07-07,2024-07-07,2764,2764,18.44,USD,1160.88,2100,1009.85,2887.00,No,No,FOB
PO-2024-2044,Guadalajara Assembly,Maersk Line,Ocean,Standard,Mexico,Columbus,USA,Lithium cell pack 5000mAh,Power,2024-06-08,2024-06-27,2024-06-26,4047,4047,18.23,USD,1699.74,2100,807.33,2933.53,No,No,EXW
PO-2024-2045,Hanoi Components Co,DHL Global Forwarding,Air,Express,Vietnam,Fort Worth,USA,Display panel 7in IPS,Electronics,2024-06-08,2024-06-17,2024-06-17,1830,1830,59.19,USD,347.70,13200,1366.31,5074.19,No,No,CIF
PO-2024-2046,Taipei Micro Systems,UPS Supply Chain,Parcel,Express,Taiwan,Reno,USA,USB-C connector module,Electronics,2024-06-08,2024-06-21,2024-07-03,67,67,2.00,USD,0.67,12100,294.07,3.18,No,No,DDP
PO-2024-2047,Guadalajara Assembly,UPS Supply Chain,Parcel,Express,Mexico,Columbus,USA,Steel bracket set,Housings,2024-06-08,2024-06-25,2024-06-23,2344,2344,4.56,USD,1523.60,2100,2899.95,334.56,No,No,FOB
PO-2024-2048,Hanoi Components Co,DHL Global Forwarding,Air,Express,Vietnam,Memphis,USA,PCB assembly rev-C,Electronics,2024-06-08,2024-07-07,2024-07-07,2715,2715,43.97,USD,217.20,13200,1022.44,5987.42,No,No,EXW
PO-2024-2049,Shenzhen Precision Works,Schenker Road,Road,Standard,China,Memphis,USA,"Wiring harness, 12-pin",Electrical,2024-06-09,2024-06-23,2024-07-07,1673,1673,9.36,USD,200.76,11800,300.45,425.42,No,No,DDP
PO-2024-2050,Shenzhen Precision Works,Schenker Road,Road,Standard,China,Fort Worth,USA,USB-C connector module,Electronics,2024-06-09,2024-07-07,2024-07-30,1786,1786,2.07,USD,17.86,11800,144.98,97.17,No,No,FOB
PO-2024-2051,Taipei Micro Systems,Schenker Road,Road,Standard,Taiwan,Rotterdam,Netherlands,"Wiring harness, 12-pin",Electrical,2024-06-09,2024-06-29,2024-06-27,2326,2326,10.71,USD,279.12,12100,370.35,1332.75,No,No,DDP
PO-2024-2052,Taipei Micro Systems,DHL Global Forwarding,Air,Express,Taiwan,Reno,USA,PCB assembly rev-C,Electronics,2024-06-09,2024-06-28,2024-06-26,1430,1430,42.86,USD,114.40,12100,714.05,2976.67,No,No,CIF
PO-2024-2053,Chennai Industrial Ltd,UPS Supply Chain,Parcel,Express,India,Fort Worth,USA,Display panel 7in IPS,Electronics,2024-06-09,2024-06-27,2024-07-13,3836,3836,58.21,USD,728.84,13500,1689.63,10590.49,No,No,EXW
PO-2024-2054,Hanoi Components Co,Maersk Line,Ocean,Standard,Vietnam,Memphis,USA,"Aluminium enclosure, matte",Housings,2024-06-09,2024-07-09,2024-07-09,2492,2492,6.02,USD,772.52,13200,441.01,675.28,No,No,EXW
PO-2024-2055,Shenzhen Precision Works,Maersk Line,Ocean,Standard,China,Fort Worth,USA,PCB assembly rev-C,Electronics,2024-06-10,2024-07-11,2024-07-27,2926,2926,43.60,USD,234.08,11800,180.82,4180.71,No,No,CIF
PO-2024-2056,Ostrava Metalworks,Maersk Line,Ocean,Standard,Czechia,Rotterdam,Netherlands,USB-C connector module,Electronics,2024-06-10,2024-07-01,2024-07-01,1698,1698,2.25,USD,16.98,7400,52.71,208.83,No,No,CIF
PO-2024-2057,Shenzhen Precision Works,Schenker Road,Road,Standard,China,Reno,USA,Cooling fan 40mm,Thermal,2024-06-10,2024-06-26,2024-06-26,2898,2898,3.51,USD,115.92,11800,228.33,608.48,No,No,DDP
PO-2024-2058,Guadalajara Assembly,Maersk Line,Ocean,Standard,Mexico,Fort Worth,USA,Steel bracket set,Housings,2024-06-10,2024-06-24,2024-06-24,2346,2346,4.45,USD,1524.90,2100,725.60,281.79,No,No,FOB
PO-2024-2059,Hanoi Components Co,DHL Global Forwarding,Air,Express,Vietnam,Rotterdam,Netherlands,Steel bracket set,Housings,2024-06-10,2024-07-14,2024-07-13,3660,3164,4.65,USD,2379.00,13200,6718.78,732.54,No,No,FOB
PO-2024-2060,Shenzhen Precision Works,Schenker Road,Road,Standard,China,Rotterdam,Netherlands,USB-C connector module,Electronics,2024-06-10,2024-06-25,2024-07-09,1493,1493,2.04,USD,14.93,11800,142.49,69.97,No,No,CIF
PO-2024-2061,Hanoi Components Co,Maersk Line,Ocean,Standard,Vietnam,Columbus,USA,Cooling fan 40mm,Thermal,2024-06-10,2024-06-23,2024-06-23,1537,1537,3.83,USD,61.48,13200,108.60,248.00,No,No,FOB
PO-2024-2062,Shenzhen Precision Works,Schenker Road,Road,Standard,China,Reno,USA,USB-C connector module,Electronics,2024-06-11,2024-06-23,2024-07-12,1603,1603,2.18,USD,16.03,11800,143.43,173.26,No,No,EXW
PO-2024-2063,Shenzhen Precision Works,Maersk Line,Ocean,Standard,China,Columbus,USA,"Aluminium enclosure, matte",Housings,2024-06-11,2024-07-04,2024-07-24,3469,3469,6.83,USD,1075.39,11800,574.13,1388.61,No,No,DDP
PO-2024-2064,Ostrava Metalworks,Maersk Line,Ocean,Standard,Czechia,Memphis,USA,Cooling fan 40mm,Thermal,2024-06-11,2024-06-22,2024-06-21,3567,3567,3.93,USD,142.68,7400,111.47,903.36,No,No,FOB
PO-2024-2065,Chennai Industrial Ltd,DHL Global Forwarding,Air,Express,India,Columbus,USA,Lithium cell pack 5000mAh,Power,2024-06-11,2024-06-25,2024-07-14,1078,1078,19.84,USD,452.76,13500,1653.37,609.78,No,No,DDP
PO-2024-2066,Taipei Micro Systems,DHL Global Forwarding,Air,Express,Taiwan,Fort Worth,USA,USB-C connector module,Electronics,2024-06-11,2024-07-10,2024-07-10,2150,2150,2.08,USD,21.50,12100,469.26,257.26,No,No,EXW
PO-2024-2067,Hanoi Components Co,Schenker Road,Road,Standard,Vietnam,Memphis,USA,"Aluminium enclosure, matte",Housings,2024-06-11,2024-06-21,2024-06-21,265,265,6.12,USD,82.15,13200,215.03,64.95,No,No,EXW
PO-2024-2068,Guadalajara Assembly,Maersk Line,Ocean,Standard,Mexico,Reno,USA,Steel bracket set,Housings,2024-06-11,2024-06-23,2024-06-21,115,115,4.51,USD,74.75,2100,47.65,20.27,No,No,DDP
PO-2024-2069,Hanoi Components Co,UPS Supply Chain,Parcel,Express,Vietnam,Memphis,USA,"Wiring harness, 12-pin",Electrical,2024-06-12,2024-06-27,2024-06-25,4494,4494,10.45,USD,539.28,13200,1327.89,2275.55,Yes,No,CIF
PO-2024-2070,Shenzhen Precision Works,DHL Global Forwarding,Air,Express,China,Fort Worth,USA,"Wiring harness, 12-pin",Electrical,2024-06-12,2024-06-28,2024-07-18,2316,2316,10.50,USD,277.92,11800,1134.70,613.65,No,No,DDP
PO-2024-2071,Shenzhen Precision Works,DHL Global Forwarding,Air,Express,China,Rotterdam,Netherlands,Lithium cell pack 5000mAh,Power,2024-06-12,2024-07-01,2024-06-30,4661,4661,17.31,USD,1957.62,11800,5560.71,2725.09,No,No,DDP
PO-2024-2072,Ostrava Metalworks,DHL Global Forwarding,Air,Express,Czechia,Columbus,USA,"Aluminium enclosure, matte",Housings,2024-06-12,2024-07-11,2024-07-10,3180,3180,5.90,USD,985.80,7400,2849.92,900.76,No,No,DDP
PO-2024-2073,Guadalajara Assembly,UPS Supply Chain,Parcel,Express,Mexico,Reno,USA,Display panel 7in IPS,Electronics,2024-06-12,2024-07-04,2024-07-04,4468,4468,53.59,USD,848.92,2100,1638.30,10985.43,No,No,CIF
PO-2024-2074,Hanoi Components Co,Schenker Road,Road,Standard,Vietnam,Reno,USA,Steel bracket set,Housings,2024-06-12,2024-06-22,2024-07-02,2689,2166,4.32,USD,1747.85,13200,1630.87,733.39,No,No,FOB
PO-2024-2075,Taipei Micro Systems,DHL Global Forwarding,Air,Express,Taiwan,Columbus,USA,USB-C connector module,Electronics,2024-06-13,2024-06-27,2024-06-29,671,671,2.13,USD,6.71,12100,430.29,69.00,No,No,DDP
PO-2024-2076,Shenzhen Precision Works,Schenker Road,Road,Standard,China,Columbus,USA,Lithium cell pack 5000mAh,Power,2024-06-13,2024-07-08,2024-07-08,3164,3164,17.64,USD,1328.88,11800,1259.35,2917.76,No,No,FOB
PO-2024-2077,Shenzhen Precision Works,Schenker Road,Road,Standard,China,Reno,USA,USB-C connector module,Electronics,2024-06-13,2024-07-11,2024-07-19,3318,3318,2.23,USD,33.18,11800,158.00,256.08,No,No,DDP
PO-2024-2078,Guadalajara Assembly,UPS Supply Chain,Parcel,Express,Mexico,Reno,USA,PCB assembly rev-C,Electronics,2024-06-13,2024-06-29,2024-06-27,4319,4319,38.80,USD,345.52,2100,696.94,5899.26,No,No,FOB
PO-2024-2079,Shenzhen Precision Works,Schenker Road,Road,Standard,China,Columbus,USA,"Aluminium enclosure, matte",Housings,2024-06-13,2024-06-22,2024-07-03,1863,1863,6.65,USD,577.53,11800,620.70,628.91,No,No,FOB
PO-2024-2080,Shenzhen Precision Works,UPS Supply Chain,Parcel,Express,China,Memphis,USA,Steel bracket set,Housings,2024-06-13,2024-06-29,2024-06-28,130,130,4.59,USD,84.50,11800,443.58,34.64,No,No,FOB
PO-2024-2081,Taipei Micro Systems,Schenker Road,Road,Standard,Taiwan,Rotterdam,Netherlands,Lithium cell pack 5000mAh,Power,2024-06-13,2024-06-24,2024-06-24,3263,3263,18.17,USD,1370.46,12100,1297.99,1244.58,No,No,EXW
PO-2024-2082,Chennai Industrial Ltd,UPS Supply Chain,Parcel,Express,India,Fort Worth,USA,Lithium cell pack 5000mAh,Power,2024-06-14,2024-07-17,2024-08-01,3398,3398,18.46,USD,1427.16,13500,2995.49,2183.10,No,No,DDP
PO-2024-2083,Hanoi Components Co,Maersk Line,Ocean,Standard,Vietnam,Memphis,USA,PCB assembly rev-C,Electronics,2024-06-14,2024-07-12,2024-07-25,4366,4366,41.24,USD,349.28,13200,243.15,7816.10,No,No,DDP
PO-2024-2084,Guadalajara Assembly,Schenker Road,Road,Standard,Mexico,Columbus,USA,Steel bracket set,Housings,2024-06-14,2024-06-30,2024-06-30,3094,3094,4.37,USD,2011.10,2100,1732.53,558.07,No,No,CIF
PO-2024-2085,Hanoi Components Co,Schenker Road,Road,Standard,Vietnam,Columbus,USA,Lithium cell pack 5000mAh,Power,2024-06-14,2024-06-28,2024-07-17,2993,2993,17.43,USD,1257.06,13200,1213.70,2233.18,No,No,CIF
PO-2024-2086,Hanoi Components Co,UPS Supply Chain,Parcel,Express,Vietnam,Columbus,USA,USB-C connector module,Electronics,2024-06-14,2024-07-01,2024-07-01,2457,2457,2.02,USD,24.57,13200,365.39,264.17,No,No,EXW
PO-2024-2087,Shenzhen Precision Works,Schenker Road,Road,Standard,China,Columbus,USA,"Aluminium enclosure, matte",Housings,2024-06-14,2024-07-11,2024-07-24,1473,1473,6.48,USD,456.63,11800,517.94,557.61,No,No,DDP
PO-2024-2088,Guadalajara Assembly,UPS Supply Chain,Parcel,Express,Mexico,Fort Worth,USA,PCB assembly rev-C,Electronics,2024-06-15,2024-07-13,2024-07-11,3582,3582,44.96,USD,286.56,2100,586.69,9431.37,No,No,EXW
PO-2024-2089,Guadalajara Assembly,DHL Global Forwarding,Air,Express,Mexico,Reno,USA,Display panel 7in IPS,Electronics,2024-06-15,2024-07-18,2024-07-16,3751,3751,58.11,USD,712.69,2100,1949.55,7879.35,No,No,FOB
PO-2024-2090,Shenzhen Precision Works,Schenker Road,Road,Standard,China,Columbus,USA,"Wiring harness, 12-pin",Electrical,2024-06-15,2024-07-14,2024-07-31,3601,3601,9.80,USD,432.12,11800,497.10,812.84,No,No,CIF
PO-2024-2091,Taipei Micro Systems,UPS Supply Chain,Parcel,Express,Taiwan,Columbus,USA,Lithium cell pack 5000mAh,Power,2024-06-15,2024-07-09,2024-07-07,3732,3732,19.87,USD,1567.44,12100,3223.93,1694.04,No,No,EXW
PO-2024-2092,Shenzhen Precision Works,UPS Supply Chain,Parcel,Express,China,Reno,USA,Display panel 7in IPS,Electronics,2024-06-15,2024-07-18,2024-08-11,407,407,53.86,USD,77.33,11800,430.17,445.93,No,No,DDP
PO-2024-2093,Hanoi Components Co,Schenker Road,Road,Standard,Vietnam,Rotterdam,Netherlands,"Wiring harness, 12-pin",Electrical,2024-06-15,2024-07-15,2024-07-13,3506,3506,9.27,USD,420.72,13200,502.81,1077.71,No,No,EXW
PO-2024-2094,Taipei Micro Systems,Schenker Road,Road,Standard,Taiwan,Columbus,USA,Steel bracket set,Housings,2024-06-15,2024-07-17,2024-08-02,2857,2857,4.42,USD,1857.05,12100,1711.59,498.00,No,No,EXW
PO-2024-2095,Guadalajara Assembly,Maersk Line,Ocean,Standard,Mexico,Reno,USA,Lithium cell pack 5000mAh,Power,2024-06-16,2024-07-15,2024-07-15,4536,4536,19.09,USD,1905.12,2100,903.35,2004.78,No,No,DDP
PO-2024-2096,Hanoi Components Co,UPS Supply Chain,Parcel,Express,Vietnam,Columbus,USA,PCB assembly rev-C,Electronics,2024-06-16,2024-07-08,2024-07-06,231,231,45.43,USD,18.48,13200,354.00,385.37,No,No,DDP
PO-2024-2097,Hanoi Components Co,Maersk Line,Ocean,Standard,Vietnam,Memphis,USA,Display panel 7in IPS,Electronics,2024-06-16,2024-07-03,2024-07-10,4740,4740,59.74,USD,900.60,13200,500.89,12760.60,No,No,DDP
PO-2024-2098,Hanoi Components Co,Schenker Road,Road,Standard,Vietnam,Memphis,USA,Lithium cell pack 5000mAh,Power,2024-06-16,2024-07-08,2024-07-21,2308,2308,19.39,USD,969.36,13200,969.16,1993.68,No,No,EXW
PO-2024-2099,Hanoi Components Co,Maersk Line,Ocean,Standard,Vietnam,Reno,USA,"Aluminium enclosure, matte",Housings,2024-06-16,2024-07-14,2024-08-02,3239,3239,6.41,USD,1004.09,13200,549.27,889.51,No,No,CIF
PO-2024-2100,Taipei Micro Systems,Maersk Line,Ocean,Standard,Taiwan,Fort Worth,USA,PCB assembly rev-C,Electronics,2024-06-16,2024-07-04,2024-07-09,4198,4198,41.06,USD,335.84,12100,230.21,10561.50,No,No,CIF
PO-2024-2101,Taipei Micro Systems,UPS Supply Chain,Parcel,Express,Taiwan,Columbus,USA,Lithium cell pack 5000mAh,Power,2024-06-16,2024-06-29,2024-06-28,4114,4114,17.02,USD,1727.88,12100,3523.96,2740.48,No,No,EXW
PO-2024-2102,Chennai Industrial Ltd,Schenker Road,Road,Standard,India,Fort Worth,USA,PCB assembly rev-C,Electronics,2024-06-17,2024-07-13,2024-07-11,2657,2657,44.02,USD,212.56,13500,329.18,5361.60,No,No,CIF
PO-2024-2103,Shenzhen Precision Works,DHL Global Forwarding,Air,Express,China,Rotterdam,Netherlands,Lithium cell pack 5000mAh,Power,2024-06-17,2024-07-03,2024-07-02,1516,1516,18.16,USD,636.72,11800,2080.14,842.74,No,No,CIF
PO-2024-2104,Guadalajara Assembly,Maersk Line,Ocean,Standard,Mexico,Fort Worth,USA,"Aluminium enclosure, matte",Housings,2024-06-17,2024-06-28,2024-06-28,1918,1537,6.93,USD,594.58,2100,290.67,547.89,No,No,EXW
PO-2024-2105,Hanoi Components Co,Schenker Road,Road,Standard,Vietnam,Memphis,USA,Display panel 7in IPS,Electronics,2024-06-17,2024-07-12,2024-07-12,2251,2251,59.19,USD,427.69,13200,508.74,5950.79,No,No,EXW
PO-2024-2106,Hanoi Components Co,Maersk Line,Ocean,Standard,Vietnam,Reno,USA,USB-C connector module,Electronics,2024-06-17,2024-06-29,2024-07-12,1969,1969,2.06,USD,19.69,13200,89.07,229.85,No,No,CIF
PO-2024-2107,Hanoi Components Co,DHL Global Forwarding,Air,Express,Vietnam,Rotterdam,Netherlands,PCB assembly rev-C,Electronics,2024-06-17,2024-07-04,2024-07-04,2512,2512,40.98,USD,200.96,13200,979.65,6498.68,No,No,DDP
PO-2024-2108,Chennai Industrial Ltd,Schenker Road,Road,Standard,India,Fort Worth,USA,"Wiring harness, 12-pin",Electrical,2024-06-18,2024-07-19,2024-07-20,862,862,10.25,USD,103.44,13500,236.42,199.03,No,No,EXW
PO-2024-2109,Shenzhen Precision Works,Maersk Line,Ocean,Standard,China,Fort Worth,USA,"Wiring harness, 12-pin",Electrical,2024-06-18,2024-07-21,2024-08-08,3150,2794,9.71,USD,378.00,11800,248.11,1813.29,No,No,FOB
PO-2024-2110,Shenzhen Precision Works,UPS Supply Chain,Parcel,Express,China,Columbus,USA,PCB assembly rev-C,Electronics,2024-06-18,2024-06-28,2024-07-15,1858,1858,39.84,USD,148.64,11800,563.52,3022.40,No,No,DDP
PO-2024-2111,Chennai Industrial Ltd,DHL Global Forwarding,Air,Express,India,Rotterdam,Netherlands,"Aluminium enclosure, matte",Housings,2024-06-18,2024-07-01,2024-07-17,44,44,6.51,USD,13.64,13500,496.29,9.93,Yes,Yes,FOB
PO-2024-2112,Chennai Industrial Ltd,DHL Global Forwarding,Air,Express,India,Fort Worth,USA,Lithium cell pack 5000mAh,Power,2024-06-18,2024-07-20,2024-07-20,2510,2510,18.07,USD,1054.20,13500,3238.17,2059.03,No,No,FOB
PO-2024-2113,Hanoi Components Co,DHL Global Forwarding,Air,Express,Vietnam,Columbus,USA,USB-C connector module,Electronics,2024-06-18,2024-07-14,2024-07-14,1356,1356,2.04,USD,13.56,13200,485.85,168.55,Yes,Yes,FOB
PO-2024-2114,Taipei Micro Systems,UPS Supply Chain,Parcel,Express,Taiwan,Fort Worth,USA,Cooling fan 40mm,Thermal,2024-06-18,2024-06-29,2024-07-05,962,962,3.86,USD,38.48,12100,364.78,109.15,No,No,DDP
PO-2024-2115,Ostrava Metalworks,UPS Supply Chain,Parcel,Express,Czechia,Reno,USA,"Wiring harness, 12-pin",Electrical,2024-06-19,2024-07-17,2024-07-21,3998,3998,9.58,USD,479.76,7400,1076.23,2031.87,No,No,CIF
PO-2024-2116,Shenzhen Precision Works,UPS Supply Chain,Parcel,Express,China,Columbus,USA,"Aluminium enclosure, matte",Housings,2024-06-19,2024-07-12,2024-07-12,3248,3248,6.26,USD,1006.88,11800,2168.43,699.40,No,No,DDP
PO-2024-2117,Chennai Industrial Ltd,Schenker Road,Road,Standard,India,Memphis,USA,USB-C connector module,Electronics,2024-06-19,2024-07-06,2024-07-21,631,631,2.37,USD,6.31,13500,153.86,32.22,No,No,EXW
PO-2024-2118,Taipei Micro Systems,UPS Supply Chain,Parcel,Express,Taiwan,Rotterdam,Netherlands,USB-C connector module,Electronics,2024-06-19,2024-07-23,2024-07-22,2804,2804,2.05,USD,28.04,12100,345.25,186.00,No,No,EXW
PO-2024-2119,Hanoi Components Co,Maersk Line,Ocean,Standard,Vietnam,Columbus,USA,Cooling fan 40mm,Thermal,2024-06-19,2024-07-02,2024-07-19,2228,2228,3.67,USD,89.12,13200,121.52,501.32,No,No,FOB
PO-2024-2120,Shenzhen Precision Works,DHL Global Forwarding,Air,Express,China,Memphis,USA,Cooling fan 40mm,Thermal,2024-06-19,2024-07-02,2024-07-29,2376,2376,3.91,USD,95.04,11800,652.81,465.89,No,No,CIF
PO-2024-2121,Shenzhen Precision Works,Maersk Line,Ocean,Standard,China,Columbus,USA,"Aluminium enclosure, matte",Housings,2024-06-20,2024-07-20,2024-08-08,539,539,6.44,USD,167.09,11800,149.50,153.62,No,No,EXW
PO-2024-2122,Hanoi Components Co,DHL Global Forwarding,Air,Express,Vietnam,Columbus,USA,Steel bracket set,Housings,2024-06-20,2024-07-21,2024-07-28,242,242,4.19,USD,157.30,13200,864.61,60.69,No,No,DDP
PO-2024-2123,Taipei Micro Systems,DHL Global Forwarding,Air,Express,Taiwan,Memphis,USA,USB-C connector module,Electronics,2024-06-20,2024-07-22,2024-07-30,2776,2776,2.17,USD,27.76,12100,485.76,309.10,No,No,EXW
PO-2024-2124,Guadalajara Assembly,Schenker Road,Road,Standard,Mexico,Columbus,USA,USB-C connector module,Electronics,2024-06-20,2024-07-21,2024-07-21,3031,3031,2.20,USD,30.31,2100,48.86,292.45,No,No,EXW
PO-2024-2125,Hanoi Components Co,Maersk Line,Ocean,Standard,Vietnam,Columbus,USA,Cooling fan 40mm,Thermal,2024-06-20,2024-07-18,2024-07-29,3600,3600,3.74,USD,144.00,13200,147.18,820.18,No,No,CIF
PO-2024-2126,Shenzhen Precision Works,DHL Global Forwarding,Air,Express,China,Columbus,USA,Cooling fan 40mm,Thermal,2024-06-20,2024-07-22,2024-07-21,4429,4429,3.64,USD,177.16,11800,869.20,390.37,No,No,FOB
PO-2024-2127,Hanoi Components Co,Maersk Line,Ocean,Standard,Vietnam,Reno,USA,Display panel 7in IPS,Electronics,2024-06-20,2024-07-13,2024-07-11,3412,3412,49.85,USD,648.28,13200,382.93,3583.12,Yes,No,EXW
PO-2024-2128,Ostrava Metalworks,DHL Global Forwarding,Air,Express,Czechia,Reno,USA,USB-C connector module,Electronics,2024-06-21,2024-07-14,2024-07-13,2082,2082,2.34,USD,20.82,7400,307.20,125.00,No,No,DDP
PO-2024-2129,Shenzhen Precision Works,UPS Supply Chain,Parcel,Express,China,Reno,USA,"Wiring harness, 12-pin",Electrical,2024-06-21,2024-07-25,2024-08-13,4462,4462,10.29,USD,535.44,11800,1286.83,1469.35,No,No,CIF
PO-2024-2130,Shenzhen Precision Works,DHL Global Forwarding,Air,Express,China,Rotterdam,Netherlands,Lithium cell pack 5000mAh,Power,2024-06-21,2024-07-23,2024-08-19,1007,1007,17.76,USD,422.94,11800,1516.83,1009.34,No,No,DDP
PO-2024-2131,Guadalajara Assembly,Maersk Line,Ocean,Standard,Mexico,Fort Worth,USA,Display panel 7in IPS,Electronics,2024-06-21,2024-07-13,2024-07-18,350,350,54.32,USD,66.50,2100,43.79,592.55,No,No,EXW
PO-2024-2132,Shenzhen Precision Works,Maersk Line,Ocean,Standard,China,Rotterdam,Netherlands,Display panel 7in IPS,Electronics,2024-06-21,2024-07-24,2024-08-17,2305,2305,52.99,USD,437.95,11800,276.13,5601.15,No,No,CIF
PO-2024-2133,Shenzhen Precision Works,Maersk Line,Ocean,Standard,China,Columbus,USA,"Aluminium enclosure, matte",Housings,2024-06-21,2024-07-01,2024-07-13,1760,1760,6.52,USD,545.60,11800,326.46,731.13,No,No,EXW
PO-2024-2134,Hanoi Components Co,Maersk Line,Ocean,Standard,Vietnam,Columbus,USA,Display panel 7in IPS,Electronics,2024-06-21,2024-07-24,2024-08-11,3320,3320,50.65,USD,630.80,13200,374.76,10716.13,No,No,EXW
PO-2024-2135,Guadalajara Assembly,DHL Global Forwarding,Air,Express,Mexico,Rotterdam,Netherlands,Steel bracket set,Housings,2024-06-22,2024-07-18,2024-07-18,4052,4052,4.66,USD,2633.80,2100,7011.67,725.98,No,No,CIF
PO-2024-2136,Ostrava Metalworks,DHL Global Forwarding,Air,Express,Czechia,Columbus,USA,USB-C connector module,Electronics,2024-06-22,2024-07-11,2024-07-09,4539,4539,2.12,USD,45.39,7400,371.94,424.17,No,No,EXW
PO-2024-2137,Hanoi Components Co,DHL Global Forwarding,Air,Express,Vietnam,Reno,USA,Lithium cell pack 5000mAh,Power,2024-06-22,2024-07-07,2024-07-05,1046,1046,18.24,USD,439.32,13200,1607.73,443.37,No,No,EXW
PO-2024-2138,Chennai Industrial Ltd,Schenker Road,Road,Standard,India,Rotterdam,Netherlands,Lithium cell pack 5000mAh,Power,2024-06-22,2024-07-26,2024-08-12,4221,4134,20.38,USD,1772.82,13500,1655.40,3322.16,No,No,DDP
PO-2024-2139,Shenzhen Precision Works,Schenker Road,Road,Standard,China,Rotterdam,Netherlands,USB-C connector module,Electronics,2024-06-22,2024-07-13,2024-07-12,4091,4091,2.17,USD,40.91,11800,164.57,304.97,No,No,DDP
PO-2024-2140,Shenzhen Precision Works,Maersk Line,Ocean,Standard,China,Memphis,USA,PCB assembly rev-C,Electronics,2024-06-22,2024-07-01,2024-06-30,703,703,43.21,USD,56.24,11800,97.68,660.78,No,No,EXW
PO-2024-2141,Guadalajara Assembly,UPS Supply Chain,Parcel,Express,Mexico,Rotterdam,Netherlands,USB-C connector module,Electronics,2024-06-23,2024-07-07,2024-07-06,643,643,2.19,USD,6.43,2100,62.84,81.55,No,No,EXW
PO-2024-2142,Chennai Industrial Ltd,DHL Global Forwarding,Air,Express,India,Columbus,USA,Display panel 7in IPS,Electronics,2024-06-23,2024-07-22,2024-07-20,4466,4466,52.16,USD,848.54,13500,2696.25,11227.02,No,No,CIF
PO-2024-2143,Shenzhen Precision Works,Maersk Line,Ocean,Standard,China,Reno,USA,Steel bracket set,Housings,2024-06-23,2024-07-25,2024-08-17,2204,2204,4.52,USD,1432.60,11800,741.13,327.12,No,No,CIF
PO-2024-2144,Shenzhen Precision Works,Maersk Line,Ocean,Standard,China,Columbus,USA,"Aluminium enclosure, matte",Housings,2024-06-23,2024-07-11,2024-08-10,1959,1959,6.93,USD,607.29,11800,355.30,570.69,No,No,FOB
PO-2024-2145,Shenzhen Precision Works,Maersk Line,Ocean,Standard,China,Rotterdam,Netherlands,Lithium cell pack 5000mAh,Power,2024-06-23,2024-07-11,2024-07-11,4414,4414,20.05,USD,1853.88,11800,938.08,4560.91,No,No,DDP
PO-2024-2146,Shenzhen Precision Works,DHL Global Forwarding,Air,Express,China,Rotterdam,Netherlands,Steel bracket set,Housings,2024-06-23,2024-07-15,2024-07-15,2700,2700,4.65,USD,1755.00,11800,5026.81,545.95,No,No,CIF
PO-2024-2147,Shenzhen Precision Works,Schenker Road,Road,Standard,China,Fort Worth,USA,"Aluminium enclosure, matte",Housings,2024-06-23,2024-07-12,2024-07-31,1170,1170,6.60,USD,362.70,11800,438.09,205.80,No,No,EXW
PO-2024-2148,Chennai Industrial Ltd,Maersk Line,Ocean,Standard,India,Columbus,USA,"Aluminium enclosure, matte",Housings,2024-06-24,2024-07-24,2024-08-21,4759,4759,6.61,USD,1475.29,13500,771.37,1043.26,No,No,EXW
PO-2024-2149,Ostrava Metalworks,DHL Global Forwarding,Air,Express,Czechia,Fort Worth,USA,Lithium cell pack 5000mAh,Power,2024-06-24,2024-07-16,2024-07-16,754,754,17.58,USD,316.68,7400,1086.79,365.61,No,No,EXW
PO-2024-2150,Ostrava Metalworks,Maersk Line,Ocean,Standard,Czechia,Memphis,USA,"Aluminium enclosure, matte",Housings,2024-06-24,2024-07-23,2024-07-22,538,538,6.91,USD,166.78,7400,122.74,84.72,No,No,CIF
PO-2024-2151,Taipei Micro Systems,DHL Global Forwarding,Air,Express,Taiwan,Reno,USA,Steel bracket set,Housings,2024-06-24,2024-07-11,2024-07-11,3263,3263,4.38,USD,2120.95,12100,6001.31,878.29,No,No,DDP
PO-2024-2152,Chennai Industrial Ltd,UPS Supply Chain,Parcel,Express,India,Rotterdam,Netherlands,"Aluminium enclosure, matte",Housings,2024-06-24,2024-07-07,2024-07-05,4607,4607,6.60,USD,1428.17,13500,2997.38,1896.84,No,No,EXW
PO-2024-2153,Guadalajara Assembly,Maersk Line,Ocean,Standard,Mexico,Fort Worth,USA,"Aluminium enclosure, matte",Housings,2024-06-24,2024-07-07,2024-07-06,4548,4548,6.55,USD,1409.88,2100,671.82,1806.74,No,No,EXW
PO-2024-2154,Shenzhen Precision Works,Schenker Road,Road,Standard,China,Fort Worth,USA,Display panel 7in IPS,Electronics,2024-06-25,2024-07-18,2024-07-17,4480,4480,52.20,USD,851.20,11800,853.32,12077.11,No,No,DDP
PO-2024-2155,Hanoi Components Co,DHL Global Forwarding,Air,Express,Vietnam,Fort Worth,USA,"Wiring harness, 12-pin",Electrical,2024-06-25,2024-07-23,2024-07-23,4080,4080,10.23,USD,489.60,13200,1740.22,2644.64,No,No,CIF
PO-2024-2156,Hanoi Components Co,Schenker Road,Road,Standard,Vietnam,Columbus,USA,USB-C connector module,Electronics,2024-06-25,2024-07-13,2024-07-26,3609,3609,2.21,USD,36.09,13200,175.88,424.92,No,No,DDP
PO-2024-2157,Guadalajara Assembly,Schenker Road,Road,Standard,Mexico,Rotterdam,Netherlands,Steel bracket set,Housings,2024-06-25,2024-07-26,2024-07-29,4537,4537,4.31,USD,2949.05,2100,2529.79,627.13,No,No,FOB
PO-2024-2158,Taipei Micro Systems,Schenker Road,Road,Standard,Taiwan,Memphis,USA,PCB assembly rev-C,Electronics,2024-06-25,2024-07-20,2024-07-23,3555,3113,40.39,USD,284.40,12100,374.84,7775.36,No,No,FOB
PO-2024-2159,Shenzhen Precision Works,DHL Global Forwarding,Air,Express,China,Reno,USA,Steel bracket set,Housings,2024-06-25,2024-07-17,2024-07-15,2352,2352,4.17,USD,1528.80,11800,4430.77,304.26,No,No,EXW
PO-2024-2160,Shenzhen Precision Works,Schenker Road,Road,Standard,China,Memphis,USA,Display panel 7in IPS,Electronics,2024-06-25,2024-07-24,2024-08-13,2689,2287,59.13,USD,510.91,11800,564.07,8703.82,No,No,DDP
PO-2024-2161,Hanoi Components Co,Schenker Road,Road,Standard,Vietnam,Columbus,USA,Lithium cell pack 5000mAh,Power,2024-06-26,2024-07-25,2024-08-05,1298,1298,18.52,USD,545.16,13200,608.59,1327.55,No,No,CIF
PO-2024-2162,Shenzhen Precision Works,UPS Supply Chain,Parcel,Express,China,Fort Worth,USA,Steel bracket set,Housings,2024-06-26,2024-07-27,2024-08-07,1108,1108,4.46,USD,720.20,11800,1632.33,272.69,No,No,EXW
PO-2024-2163,Shenzhen Precision Works,UPS Supply Chain,Parcel,Express,China,Rotterdam,Netherlands,Steel bracket set,Housings,2024-06-26,2024-07-18,2024-07-17,3590,3590,4.04,USD,2333.50,11800,4649.21,557.48,No,No,DDP
PO-2024-2164,Shenzhen Precision Works,Maersk Line,Ocean,Standard,China,Reno,USA,"Wiring harness, 12-pin",Electrical,2024-06-26,2024-07-10,2024-08-04,3895,3895,10.49,USD,467.40,11800,289.90,2489.00,No,No,EXW
PO-2024-2165,Guadalajara Assembly,UPS Supply Chain,Parcel,Express,Mexico,Columbus,USA,Cooling fan 40mm,Thermal,2024-06-26,2024-07-10,2024-07-10,721,721,3.45,USD,28.84,2100,104.75,56.95,No,No,EXW
PO-2024-2166,Shenzhen Precision Works,UPS Supply Chain,Parcel,Express,China,Reno,USA,PCB assembly rev-C,Electronics,2024-06-26,2024-07-10,2024-07-10,3210,3210,42.97,USD,256.80,11800,765.78,6106.51,No,No,CIF
PO-2024-2167,Guadalajara Assembly,Maersk Line,Ocean,Standard,Mexico,Memphis,USA,Display panel 7in IPS,Electronics,2024-06-26,2024-07-10,2024-07-10,1917,1917,51.07,USD,364.23,2100,182.98,6298.71,No,No,DDP
PO-2024-2168,Hanoi Components Co,Maersk Line,Ocean,Standard,Vietnam,Columbus,USA,"Aluminium enclosure, matte",Housings,2024-06-27,2024-07-19,2024-07-29,4069,4069,6.63,USD,1261.39,13200,669.56,1705.39,No,No,FOB
PO-2024-2169,Ostrava Metalworks,DHL Global Forwarding,Air,Express,Czechia,Reno,USA,USB-C connector module,Electronics,2024-06-27,2024-07-24,2024-07-23,1937,1937,2.31,USD,19.37,7400,303.38,288.52,No,No,EXW
PO-2024-2170,Shenzhen Precision Works,Schenker Road,Road,Standard,China,Memphis,USA,"Aluminium enclosure, matte",Housings,2024-06-27,2024-07-21,2024-08-11,1850,1850,6.79,USD,573.50,11800,617.27,752.47,No,No,CIF
PO-2024-2171,Chennai Industrial Ltd,DHL Global Forwarding,Air,Express,India,Memphis,USA,"Wiring harness, 12-pin",Electrical,2024-06-27,2024-07-19,2024-07-19,2445,2445,9.69,USD,293.40,13500,1233.46,842.12,No,No,FOB
PO-2024-2172,Chennai Industrial Ltd,Schenker Road,Road,Standard,India,Columbus,USA,Display panel 7in IPS,Electronics,2024-06-27,2024-07-29,2024-07-27,3095,3095,56.39,USD,588.05,13500,648.34,6124.53,No,No,EXW
PO-2024-2173,Chennai Industrial Ltd,UPS Supply Chain,Parcel,Express,India,Reno,USA,USB-C connector module,Electronics,2024-06-27,2024-07-29,2024-07-28,3357,3357,2.31,USD,33.57,13500,389.48,249.02,No,No,FOB
PO-2024-2174,Chennai Industrial Ltd,UPS Supply Chain,Parcel,Express,India,Rotterdam,Netherlands,PCB assembly rev-C,Electronics,2024-06-28,2024-07-20,2024-07-19,3154,3154,44.64,USD,252.32,13500,798.54,4013.25,No,No,EXW
PO-2024-2175,Shenzhen Precision Works,Schenker Road,Road,Standard,China,Memphis,USA,Lithium cell pack 5000mAh,Power,2024-06-28,2024-07-18,2024-08-03,336,336,16.97,USD,141.12,11800,249.75,203.93,No,No,DDP
PO-2024-2176,Chennai Industrial Ltd,DHL Global Forwarding,Air,Express,India,Rotterdam,Netherlands,"Wiring harness, 12-pin",Electrical,2024-06-28,2024-07-22,2024-07-23,4661,4661,10.26,USD,559.32,13500,1934.16,1748.19,No,No,DDP
PO-2024-2177,Chennai Industrial Ltd,UPS Supply Chain,Parcel,Express,India,Reno,USA,Cooling fan 40mm,Thermal,2024-06-28,2024-07-20,2024-07-19,908,908,3.46,USD,36.32,13500,394.62,157.83,No,No,DDP
PO-2024-2178,Shenzhen Precision Works,Maersk Line,Ocean,Standard,China,Fort Worth,USA,USB-C connector module,Electronics,2024-06-28,2024-07-17,2024-08-02,2986,2986,2.33,USD,29.86,11800,85.35,406.78,No,No,FOB
PO-2024-2179,Ostrava Metalworks,Schenker Road,Road,Standard,Czechia,Fort Worth,USA,Cooling fan 40mm,Thermal,2024-06-28,2024-07-19,2024-07-19,488,488,3.82,USD,19.52,7400,97.99,78.84,No,No,CIF
PO-2024-2180,Ostrava Metalworks,Maersk Line,Ocean,Standard,Czechia,Reno,USA,PCB assembly rev-C,Electronics,2024-06-28,2024-07-28,2024-07-28,3403,3403,41.70,USD,272.24,7400,172.04,8339.56,No,No,DDP
PO-2024-2181,Shenzhen Precision Works,UPS Supply Chain,Parcel,Express,China,Fort Worth,USA,"Wiring harness, 12-pin",Electrical,2024-06-29,2024-07-19,2024-08-21,2243,2243,9.31,USD,269.16,11800,788.89,463.63,No,No,CIF
PO-2024-2182,Guadalajara Assembly,Maersk Line,Ocean,Standard,Mexico,Reno,USA,"Aluminium enclosure, matte",Housings,2024-06-29,2024-07-29,2024-08-03,2202,2202,6.13,USD,682.62,2100,331.83,724.94,No,No,CIF
PO-2024-2183,Chennai Industrial Ltd,UPS Supply Chain,Parcel,Express,India,Rotterdam,Netherlands,Display panel 7in IPS,Electronics,2024-06-29,2024-07-16,2024-07-14,76,76,49.94,USD,14.44,13500,353.70,147.77,No,No,DDP
PO-2024-2184,Ostrava Metalworks,Maersk Line,Ocean,Standard,Czechia,Reno,USA,"Wiring harness, 12-pin",Electrical,2024-06-29,2024-07-21,2024-07-21,4311,4311,9.45,USD,517.32,7400,286.62,1976.51,No,No,CIF
PO-2024-2185,Taipei Micro Systems,Maersk Line,Ocean,Standard,Taiwan,Memphis,USA,Cooling fan 40mm,Thermal,2024-06-29,2024-07-09,2024-07-26,3041,2832,3.66,USD,121.64,12100,130.07,602.57,No,No,CIF
PO-2024-2186,Shenzhen Precision Works,Schenker Road,Road,Standard,China,Columbus,USA,Steel bracket set,Housings,2024-06-29,2024-07-23,2024-08-13,2638,2265,4.35,USD,1714.70,11800,1587.29,649.07,No,No,EXW
PO-2024-2187,Guadalajara Assembly,Maersk Line,Ocean,Standard,Mexico,Reno,USA,Steel bracket set,Housings,2024-06-30,2024-07-15,2024-07-23,2526,2526,3.96,USD,1641.90,2100,780.29,209.21,No,No,FOB
PO-2024-2188,Shenzhen Precision Works,UPS Supply Chain,Parcel,Express,China,Fort Worth,USA,Steel bracket set,Housings,2024-06-30,2024-07-11,2024-07-11,4777,4777,3.99,USD,3105.05,11800,6092.00,1195.24,No,No,CIF
PO-2024-2189,Shenzhen Precision Works,Maersk Line,Ocean,Standard,China,Rotterdam,Netherlands,Cooling fan 40mm,Thermal,2024-06-30,2024-07-21,2024-08-06,4478,4478,3.55,USD,179.12,11800,155.13,573.10,Yes,Yes,CIF
PO-2024-2190,Hanoi Components Co,DHL Global Forwarding,Air,Express,Vietnam,Rotterdam,Netherlands,Lithium cell pack 5000mAh,Power,2024-06-30,2024-08-01,2024-08-05,1176,1176,18.73,USD,493.92,13200,1751.60,1330.70,No,No,EXW
PO-2024-2191,Hanoi Components Co,DHL Global Forwarding,Air,Express,Vietnam,Columbus,USA,"Aluminium enclosure, matte",Housings,2024-06-30,2024-07-11,2024-07-11,4259,4259,6.72,USD,1320.29,13200,3929.08,1735.85,No,No,FOB
PO-2024-2192,Taipei Micro Systems,UPS Supply Chain,Parcel,Express,Taiwan,Reno,USA,USB-C connector module,Electronics,2024-06-30,2024-07-18,2024-07-18,1576,1576,2.37,USD,15.76,12100,322.29,75.52,No,No,EXW
PO-2024-2193,Guadalajara Assembly,Maersk Line,Ocean,Standard,Mexico,Columbus,USA,Display panel 7in IPS,Electronics,2024-06-30,2024-07-16,2024-07-14,1457,1457,55.67,USD,276.83,2100,142.12,4258.79,No,No,DDP
PO-2024-2194,Chennai Industrial Ltd,DHL Global Forwarding,Air,Express,India,Columbus,USA,Steel bracket set,Housings,2024-07-01,2024-08-04,2024-08-31,521,521,4.77,USD,338.65,13500,1352.69,117.65,No,No,EXW
PO-2024-2195,Taipei Micro Systems,UPS Supply Chain,Parcel,Express,Taiwan,Fort Worth,USA,"Wiring harness, 12-pin",Electrical,2024-07-01,2024-08-01,2024-07-31,304,304,10.55,USD,36.48,12100,361.04,72.78,No,No,DDP
PO-2024-2196,Shenzhen Precision Works,DHL Global Forwarding,Air,Express,China,Rotterdam,Netherlands,Display panel 7in IPS,Electronics,2024-07-01,2024-07-19,2024-07-19,4305,4305,59.13,USD,817.95,11800,2557.68,5812.56,No,No,FOB
PO-2024-2197,Shenzhen Precision Works,UPS Supply Chain,Parcel,Express,China,Memphis,USA,"Wiring harness, 12-pin",Electrical,2024-07-01,2024-07-19,2024-07-18,4042,4042,9.18,USD,485.04,11800,1192.58,1823.59,No,No,CIF
PO-2024-2198,Shenzhen Precision Works,Maersk Line,Ocean,Standard,China,Columbus,USA,USB-C connector module,Electronics,2024-07-01,2024-08-03,2024-08-28,1048,1048,2.33,USD,10.48,11800,76.29,64.95,No,No,EXW
PO-2024-2199,Shenzhen Precision Works,Maersk Line,Ocean,Standard,China,Memphis,USA,USB-C connector module,Electronics,2024-07-01,2024-07-16,2024-08-18,4611,4611,2.04,USD,46.11,11800,92.95,376.50,Yes,No,DDP
PO-2024-2200,Shenzhen Precision Works,UPS Supply Chain,Parcel,Express,China,Fort Worth,USA,PCB assembly rev-C,Electronics,2024-07-02,2024-07-25,2024-09-01,2562,2562,39.66,USD,204.96,11800,668.84,2216.61,No,No,DDP
PO-2024-2201,Hanoi Components Co,DHL Global Forwarding,Air,Express,Vietnam,Fort Worth,USA,PCB assembly rev-C,Electronics,2024-07-02,2024-07-29,2024-07-27,3973,3973,44.39,USD,317.84,13200,1287.63,4585.70,No,No,EXW
PO-2024-2202,Shenzhen Precision Works,UPS Supply Chain,Parcel,Express,China,Fort Worth,USA,USB-C connector module,Electronics,2024-07-02,2024-08-04,2024-08-04,2567,2567,2.23,USD,25.67,11800,333.56,214.15,No,No,FOB
PO-2024-2203,Chennai Industrial Ltd,UPS Supply Chain,Parcel,Express,India,Fort Worth,USA,Cooling fan 40mm,Thermal,2024-07-02,2024-07-25,2024-07-25,1915,1915,3.93,USD,76.60,13500,469.94,341.25,No,No,DDP
PO-2024-2204,Shenzhen Precision Works,Schenker Road,Road,Standard,China,Rotterdam,Netherlands,Lithium cell pack 5000mAh,Power,2024-07-02,2024-07-29,2024-08-13,392,392,19.57,USD,164.64,11800,269.74,432.94,No,No,FOB
PO-2024-2205,Chennai Industrial Ltd,Maersk Line,Ocean,Standard,India,Fort Worth,USA,Cooling fan 40mm,Thermal,2024-07-02,2024-07-15,2024-08-11,1949,1949,3.36,USD,77.96,13500,118.12,233.10,No,No,CIF
PO-2024-2206,Shenzhen Precision Works,Maersk Line,Ocean,Standard,China,Fort Worth,USA,USB-C connector module,Electronics,2024-07-02,2024-07-17,2024-08-07,2453,2453,2.11,USD,24.53,11800,82.86,281.26,No,No,EXW
PO-2024-2207,Taipei Micro Systems,UPS Supply Chain,Parcel,Express,Taiwan,Rotterdam,Netherlands,Display panel 7in IPS,Electronics,2024-07-03,2024-07-17,2024-07-25,4039,4039,58.64,USD,767.41,12100,1727.88,6141.34,No,No,CIF
PO-2024-2208,Shenzhen Precision Works,Maersk Line,Ocean,Standard,China,Rotterdam,Netherlands,"Wiring harness, 12-pin",Electrical,2024-07-03,2024-07-16,2024-07-27,1205,1205,9.12,USD,144.60,11800,138.99,610.57,No,No,DDP
PO-2024-2209,Taipei Micro Systems,Schenker Road,Road,Standard,Taiwan,Fort Worth,USA,PCB assembly rev-C,Electronics,2024-07-03,2024-08-04,2024-08-04,928,928,41.84,USD,74.24,12100,196.20,813.52,No,No,CIF
PO-2024-2210,Shenzhen Precision Works,UPS Supply Chain,Parcel,Express,China,Fort Worth,USA,Lithium cell pack 5000mAh,Power,2024-07-03,2024-07-13,2024-07-28,814,814,18.80,USD,341.88,11800,924.88,954.15,No,No,FOB
PO-2024-2211,Hanoi Components Co,Maersk Line,Ocean,Standard,Vietnam,Reno,USA,"Wiring harness, 12-pin",Electrical,2024-07-03,2024-08-03,2024-08-13,3554,3554,10.29,USD,426.48,13200,279.24,1673.28,No,No,EXW
PO-2024-2212,Guadalajara Assembly,Schenker Road,Road,Standard,Mexico,Rotterdam,Netherlands,USB-C connector module,Electronics,2024-07-03,2024-07-16,2024-07-16,1415,1415,2.34,USD,14.15,2100,35.13,125.97,No,No,EXW
PO-2024-2213,Taipei Micro Systems,DHL Global Forwarding,Air,Express,Taiwan,Columbus,USA,Lithium cell pack 5000mAh,Power,2024-07-03,2024-08-06,2024-08-04,908,908,17.30,USD,381.36,12100,1417.49,476.64,No,No,EXW
PO-2024-2214,Shenzhen Precision Works,DHL Global Forwarding,Air,Express,China,Reno,USA,Display panel 7in IPS,Electronics,2024-07-04,2024-08-07,2024-08-27,1773,1773,54.78,USD,336.87,11800,1290.03,5488.74,No,No,EXW
PO-2024-2215,Shenzhen Precision Works,Schenker Road,Road,Standard,China,Fort Worth,USA,Cooling fan 40mm,Thermal,2024-07-04,2024-07-22,2024-07-22,3371,3371,3.36,USD,134.84,11800,244.41,465.54,No,No,FOB
PO-2024-2216,Guadalajara Assembly,Schenker Road,Road,Standard,Mexico,Rotterdam,Netherlands,"Wiring harness, 12-pin",Electrical,2024-07-04,2024-07-21,2024-07-21,482,482,9.55,USD,57.84,2100,72.26,246.11,No,No,DDP
PO-2024-2217,Hanoi Components Co,UPS Supply Chain,Parcel,Express,Vietnam,Fort Worth,USA,PCB assembly rev-C,Electronics,2024-07-04,2024-08-05,2024-08-05,2442,2384,39.00,USD,195.36,13200,684.76,2190.79,No,No,CIF
PO-2024-2218,Guadalajara Assembly,DHL Global Forwarding,Air,Express,Mexico,Fort Worth,USA,Lithium cell pack 5000mAh,Power,2024-07-04,2024-08-04,2024-08-04,2014,2014,19.62,USD,845.88,2100,2300.50,1578.20,No,No,DDP
PO-2024-2219,Guadalajara Assembly,Schenker Road,Road,Standard,Mexico,Columbus,USA,"Aluminium enclosure, matte",Housings,2024-07-04,2024-07-31,2024-07-31,2026,2026,6.45,USD,628.06,2100,556.95,739.91,Yes,No,FOB
PO-2024-2220,Hanoi Components Co,UPS Supply Chain,Parcel,Express,Vietnam,Memphis,USA,"Wiring harness, 12-pin",Electrical,2024-07-05,2024-07-25,2024-07-23,2045,2045,10.62,USD,245.40,13200,778.34,1187.86,No,No,EXW
PO-2024-2221,Chennai Industrial Ltd,UPS Supply Chain,Parcel,Express,India,Memphis,USA,Cooling fan 40mm,Thermal,2024-07-05,2024-08-01,2024-08-01,4048,4048,3.50,USD,161.92,13500,629.49,639.14,No,No,EXW
PO-2024-2222,Hanoi Components Co,UPS Supply Chain,Parcel,Express,Vietnam,Reno,USA,Lithium cell pack 5000mAh,Power,2024-07-05,2024-07-15,2024-07-15,1186,1186,17.16,USD,498.12,13200,1250.92,474.28,No,No,DDP
PO-2024-2223,Hanoi Components Co,DHL Global Forwarding,Air,Express,Vietnam,Columbus,USA,PCB assembly rev-C,Electronics,2024-07-05,2024-07-23,2024-07-23,1228,1228,38.49,USD,98.24,13200,708.98,2269.30,No,No,DDP
PO-2024-2224,Taipei Micro Systems,Schenker Road,Road,Standard,Taiwan,Rotterdam,Netherlands,"Wiring harness, 12-pin",Electrical,2024-07-05,2024-07-14,2024-07-12,1221,1221,10.52,USD,146.52,12100,257.64,263.49,No,No,DDP
PO-2024-2225,Shenzhen Precision Works,DHL Global Forwarding,Air,Express,China,Memphis,USA,Lithium cell pack 5000mAh,Power,2024-07-05,2024-07-18,2024-07-18,3488,3488,19.55,USD,1464.96,11800,4262.55,3206.90,No,No,DDP
PO-2024-2226,Chennai Industrial Ltd,UPS Supply Chain,Parcel,Express,India,Rotterdam,Netherlands,USB-C connector module,Electronics,2024-07-05,2024-07-22,2024-08-12,1039,1039,2.19,USD,10.39,13500,346.13,76.15,Yes,No,DDP
PO-2024-2227,Taipei Micro Systems,UPS Supply Chain,Parcel,Express,Taiwan,Rotterdam,Netherlands,PCB assembly rev-C,Electronics,2024-07-06,2024-08-04,2024-08-02,189,189,44.98,USD,15.12,12100,321.09,251.67,No,No,CIF
PO-2024-2228,Hanoi Components Co,Maersk Line,Ocean,Standard,Vietnam,Reno,USA,Cooling fan 40mm,Thermal,2024-07-06,2024-08-05,2024-08-05,4556,4556,3.35,USD,182.24,13200,165.06,787.69,No,No,EXW
PO-2024-2229,Ostrava Metalworks,DHL Global Forwarding,Air,Express,Czechia,Rotterdam,Netherlands,PCB assembly rev-C,Electronics,2024-07-06,2024-07-21,2024-07-20,2910,2910,43.37,USD,232.80,7400,865.77,5686.86,No,No,EXW
PO-2024-2230,Hanoi Components Co,UPS Supply Chain,Parcel,Express,Vietnam,Columbus,USA,USB-C connector module,Electronics,2024-07-06,2024-07-30,2024-07-30,142,142,2.12,USD,1.42,13200,322.10,17.17,No,No,CIF
PO-2024-2231,Hanoi Components Co,Schenker Road,Road,Standard,Vietnam,Rotterdam,Netherlands,"Wiring harness, 12-pin",Electrical,2024-07-06,2024-08-06,2024-08-06,1615,1615,10.22,USD,193.80,13200,309.93,515.69,No,No,EXW
PO-2024-2232,Shenzhen Precision Works,DHL Global Forwarding,Air,Express,China,Fort Worth,USA,Display panel 7in IPS,Electronics,2024-07-06,2024-07-21,2024-07-21,2596,2596,49.72,USD,493.24,11800,1702.07,6385.20,No,No,CIF
PO-2024-2233,Hanoi Components Co,Schenker Road,Road,Standard,Vietnam,Reno,USA,Display panel 7in IPS,Electronics,2024-07-07,2024-08-01,2024-07-30,461,461,55.24,USD,87.59,13200,219.65,1113.59,No,No,DDP
PO-2024-2234,Taipei Micro Systems,UPS Supply Chain,Parcel,Express,Taiwan,Reno,USA,Steel bracket set,Housings,2024-07-07,2024-07-18,2024-07-18,111,111,4.31,USD,72.15,12100,427.74,13.55,No,No,CIF
PO-2024-2235,Shenzhen Precision Works,Maersk Line,Ocean,Standard,China,Fort Worth,USA,Cooling fan 40mm,Thermal,2024-07-07,2024-08-10,2024-09-01,285,285,3.64,USD,11.40,11800,76.72,58.94,No,No,DDP
PO-2024-2236,Ostrava Metalworks,UPS Supply Chain,Parcel,Express,Czechia,Rotterdam,Netherlands,Steel bracket set,Housings,2024-07-07,2024-07-18,2024-07-18,489,489,4.28,USD,317.85,7400,773.46,42.92,No,No,FOB
PO-2024-2237,Taipei Micro Systems,UPS Supply Chain,Parcel,Express,Taiwan,Columbus,USA,Steel bracket set,Housings,2024-07-07,2024-07-27,2024-08-12,3655,3655,4.42,USD,2375.75,12100,4735.47,377.89,No,No,CIF
PO-2024-2238,Hanoi Components Co,DHL Global Forwarding,Air,Express,Vietnam,Fort Worth,USA,Cooling fan 40mm,Thermal,2024-07-07,2024-07-22,2024-07-26,111,111,3.55,USD,4.44,13200,461.82,10.20,Yes,Yes,DDP
PO-2024-2239,Chennai Industrial Ltd,DHL Global Forwarding,Air,Express,India,Rotterdam,Netherlands,Steel bracket set,Housings,2024-07-07,2024-07-19,2024-07-19,1620,1620,4.20,USD,1053.00,13500,3235.00,364.28,No,No,EXW
PO-2024-2240,Guadalajara Assembly,DHL Global Forwarding,Air,Express,Mexico,Reno,USA,Cooling fan 40mm,Thermal,2024-07-08,2024-07-22,2024-07-22,1622,1395,3.58,USD,64.88,2100,242.57,162.37,No,No,CIF
PO-2024-2241,Hanoi Components Co,UPS Supply Chain,Parcel,Express,Vietnam,Reno,USA,PCB assembly rev-C,Electronics,2024-07-08,2024-08-02,2024-08-02,1957,1957,43.02,USD,156.56,13200,612.21,4883.30,No,No,DDP
PO-2024-2242,Hanoi Components Co,Maersk Line,Ocean,Standard,Vietnam,Memphis,USA,Lithium cell pack 5000mAh,Power,2024-07-08,2024-07-20,2024-07-28,4387,4387,20.32,USD,1842.54,13200,941.25,5424.42,No,No,DDP
PO-2024-2243,Shenzhen Precision Works,DHL Global Forwarding,Air,Express,China,Reno,USA,Steel bracket set,Housings,2024-07-08,2024-08-01,2024-08-01,3927,3927,4.53,USD,2552.55,11800,7128.35,650.04,No,No,EXW
PO-2024-2244,Shenzhen Precision Works,Maersk Line,Ocean,Standard,China,Memphis,USA,Lithium cell pack 5000mAh,Power,2024-07-08,2024-07-19,2024-07-25,256,256,19.67,USD,107.52,11800,121.66,248.76,No,No,FOB
PO-2024-2245,Chennai Industrial Ltd,UPS Supply Chain,Parcel,Express,India,Rotterdam,Netherlands,"Aluminium enclosure, matte",Housings,2024-07-08,2024-07-24,2024-07-24,2259,2259,6.86,USD,700.29,13500,1636.24,339.86,No,No,EXW
PO-2024-2246,Shenzhen Precision Works,Maersk Line,Ocean,Standard,China,Rotterdam,Netherlands,Steel bracket set,Housings,2024-07-08,2024-07-22,2024-08-13,3655,3655,4.25,USD,2375.75,11800,1182.05,809.32,No,No,FOB
PO-2024-2247,Chennai Industrial Ltd,UPS Supply Chain,Parcel,Express,India,Rotterdam,Netherlands,Steel bracket set,Housings,2024-07-09,2024-08-08,2024-08-08,979,979,4.59,USD,636.35,13500,1516.67,199.85,No,No,EXW
PO-2024-2248,Shenzhen Precision Works,DHL Global Forwarding,Air,Express,China,Reno,USA,PCB assembly rev-C,Electronics,2024-07-09,2024-08-05,2024-08-03,2783,2783,44.50,USD,222.64,11800,989.04,6691.19,No,No,EXW
PO-2024-2249,Ostrava Metalworks,DHL Global Forwarding,Air,Express,Czechia,Reno,USA,PCB assembly rev-C,Electronics,2024-07-09,2024-07-27,2024-07-27,3517,3517,41.65,USD,281.36,7400,993.72,3636.05,No,No,EXW
PO-2024-2250,Chennai Industrial Ltd,UPS Supply Chain,Parcel,Express,India,Reno,USA,USB-C connector module,Electronics,2024-07-09,2024-08-10,2024-08-10,441,441,2.36,USD,4.41,13500,334.95,48.74,No,No,DDP
PO-2024-2251,Chennai Industrial Ltd,Maersk Line,Ocean,Standard,India,Fort Worth,USA,Steel bracket set,Housings,2024-07-09,2024-08-01,2024-08-24,2434,2434,4.73,USD,1582.10,13500,821.31,592.32,No,No,DDP
PO-2024-2252,Taipei Micro Systems,DHL Global Forwarding,Air,Express,Taiwan,Memphis,USA,Cooling fan 40mm,Thermal,2024-07-09,2024-07-27,2024-07-27,1569,1569,3.96,USD,62.76,12100,577.98,248.70,No,No,FOB
PO-2024-2253,Hanoi Components Co,DHL Global Forwarding,Air,Express,Vietnam,Fort Worth,USA,Lithium cell pack 5000mAh,Power,2024-07-10,2024-08-01,2024-07-31,2274,2274,19.22,USD,955.08,13200,2966.76,2738.18,No,No,EXW
PO-2024-2254,Hanoi Components Co,Schenker Road,Road,Standard,Vietnam,Columbus,USA,PCB assembly rev-C,Electronics,2024-07-10,2024-08-11,2024-08-11,1889,1737,41.41,USD,151.12,13200,273.65,2034.57,No,No,FOB
PO-2024-2255,Guadalajara Assembly,UPS Supply Chain,Parcel,Express,Mexico,Reno,USA,Cooling fan 40mm,Thermal,2024-07-10,2024-07-26,2024-07-26,3312,3312,3.69,USD,132.48,2100,298.56,560.89,No,No,CIF
PO-2024-2256,Shenzhen Precision Works,Maersk Line,Ocean,Standard,China,Fort Worth,USA,Lithium cell pack 5000mAh,Power,2024-07-10,2024-08-06,2024-08-20,2820,2820,17.49,USD,1184.40,11800,625.10,1535.06,No,No,CIF
PO-2024-2257,Shenzhen Precision Works,UPS Supply Chain,Parcel,Express,China,Rotterdam,Netherlands,Lithium cell pack 5000mAh,Power,2024-07-10,2024-08-04,2024-08-04,2486,2486,19.97,USD,1044.12,11800,2238.06,2198.51,No,No,EXW
PO-2024-2258,Hanoi Components Co,Schenker Road,Road,Standard,Vietnam,Memphis,USA,PCB assembly rev-C,Electronics,2024-07-10,2024-08-13,2024-08-13,4265,4265,43.73,USD,341.20,13200,435.22,9411.85,No,No,EXW
PO-2024-2259,Chennai Industrial Ltd,DHL Global Forwarding,Air,Express,India,Fort Worth,USA,Display panel 7in IPS,Electronics,2024-07-10,2024-08-10,2024-09-15,2716,2716,58.73,USD,516.04,13500,1820.12,8766.57,No,No,CIF
PO-2024-2260,Ostrava Metalworks,UPS Supply Chain,Parcel,Express,Czechia,Reno,USA,Lithium cell pack 5000mAh,Power,2024-07-11,2024-07-28,2024-07-27,1713,1713,16.98,USD,719.46,7400,1524.47,1071.19,No,No,FOB
PO-2024-2261,Shenzhen Precision Works,DHL Global Forwarding,Air,Express,China,Fort Worth,USA,PCB assembly rev-C,Electronics,2024-07-11,2024-07-20,2024-08-24,1717,1717,44.69,USD,137.36,11800,764.32,3927.76,No,No,CIF
PO-2024-2262,Hanoi Components Co,Schenker Road,Road,Standard,Vietnam,Fort Worth,USA,USB-C connector module,Electronics,2024-07-11,2024-08-02,2024-08-02,3849,3849,2.18,USD,38.49,13200,177.92,343.35,No,No,CIF
PO-2024-2263,Shenzhen Precision Works,Schenker Road,Road,Standard,China,Memphis,USA,"Aluminium enclosure, matte",Housings,2024-07-11,2024-07-21,2024-08-21,1729,1729,6.92,USD,535.99,11800,585.39,469.52,No,No,FOB
PO-2024-2264,Taipei Micro Systems,Schenker Road,Road,Standard,Taiwan,Columbus,USA,USB-C connector module,Electronics,2024-07-11,2024-08-07,2024-08-26,186,186,2.21,USD,1.86,12100,134.68,18.05,No,No,EXW
PO-2024-2265,Taipei Micro Systems,DHL Global Forwarding,Air,Express,Taiwan,Reno,USA,"Wiring harness, 12-pin",Electrical,2024-07-11,2024-07-26,2024-07-26,3201,3201,9.34,USD,384.12,12100,1424.77,1705.96,No,No,FOB
PO-2024-2266,Shenzhen Precision Works,Maersk Line,Ocean,Standard,China,Rotterdam,Netherlands,Cooling fan 40mm,Thermal,2024-07-12,2024-08-05,2024-08-13,3782,3782,3.66,USD,151.28,11800,142.11,566.83,No,No,CIF
PO-2024-2267,Guadalajara Assembly,UPS Supply Chain,Parcel,Express,Mexico,Rotterdam,Netherlands,Lithium cell pack 5000mAh,Power,2024-07-12,2024-08-06,2024-08-06,4186,4186,20.07,USD,1758.12,2100,3338.50,1700.28,No,No,CIF
PO-2024-2268,Taipei Micro Systems,DHL Global Forwarding,Air,Express,Taiwan,Reno,USA,"Aluminium enclosure, matte",Housings,2024-07-12,2024-08-13,2024-08-12,704,704,6.84,USD,218.24,12100,987.67,218.24,No,No,EXW
PO-2024-2269,Chennai Industrial Ltd,UPS Supply Chain,Parcel,Express,India,Rotterdam,Netherlands,Display panel 7in IPS,Electronics,2024-07-12,2024-08-13,2024-09-11,1629,1629,55.51,USD,309.51,13500,905.48,1964.69,No,No,DDP
PO-2024-2270,Hanoi Components Co,DHL Global Forwarding,Air,Express,Vietnam,Rotterdam,Netherlands,Cooling fan 40mm,Thermal,2024-07-12,2024-07-29,2024-08-12,4238,4238,3.73,USD,169.52,13200,896.81,488.85,No,No,CIF
PO-2024-2271,Guadalajara Assembly,Schenker Road,Road,Standard,Mexico,Memphis,USA,Lithium cell pack 5000mAh,Power,2024-07-12,2024-07-28,2024-08-04,2032,2032,17.89,USD,853.44,2100,748.52,1888.99,Yes,Yes,DDP
PO-2024-2272,Guadalajara Assembly,Schenker Road,Road,Standard,Mexico,Rotterdam,Netherlands,"Aluminium enclosure, matte",Housings,2024-07-12,2024-08-01,2024-08-01,4788,4788,6.18,USD,1484.28,2100,1284.74,1528.00,No,No,CIF
PO-2024-2273,Guadalajara Assembly,Schenker Road,Road,Standard,Mexico,Memphis,USA,"Wiring harness, 12-pin",Electrical,2024-07-13,2024-07-31,2024-07-31,465,465,10.11,USD,55.80,2100,70.53,206.75,No,No,FOB
PO-2024-2274,Shenzhen Precision Works,Schenker Road,Road,Standard,China,Reno,USA,Steel bracket set,Housings,2024-07-13,2024-07-28,2024-08-04,3121,3121,4.62,USD,2028.65,11800,1854.15,740.85,No,No,EXW
PO-2024-2275,Taipei Micro Systems,Schenker Road,Road,Standard,Taiwan,Rotterdam,Netherlands,USB-C connector module,Electronics,2024-07-13,2024-08-04,2024-08-03,2390,2390,2.39,USD,23.90,12100,153.41,325.10,No,No,DDP
PO-2024-2276,Guadalajara Assembly,Maersk Line,Ocean,Standard,Mexico,Memphis,USA,PCB assembly rev-C,Electronics,2024-07-13,2024-08-06,2024-08-11,4626,4626,44.66,USD,370.08,2100,185.72,12772.79,No,No,CIF
PO-2024-2277,Ostrava Metalworks,Schenker Road,Road,Standard,Czechia,Fort Worth,USA,Lithium cell pack 5000mAh,Power,2024-07-13,2024-07-28,2024-07-27,787,787,18.30,USD,330.54,7400,362.36,559.32,No,No,EXW
PO-2024-2278,Shenzhen Precision Works,Schenker Road,Road,Standard,China,Columbus,USA,PCB assembly rev-C,Electronics,2024-07-13,2024-07-27,2024-08-19,1211,1211,43.54,USD,96.88,11800,212.15,2484.78,No,No,EXW
PO-2024-2279,Shenzhen Precision Works,Maersk Line,Ocean,Standard,China,Rotterdam,Netherlands,PCB assembly rev-C,Electronics,2024-07-13,2024-08-01,2024-08-23,1658,1658,39.79,USD,132.64,11800,133.40,2570.90,No,No,DDP
PO-2024-2280,Shenzhen Precision Works,UPS Supply Chain,Parcel,Express,China,Rotterdam,Netherlands,"Aluminium enclosure, matte",Housings,2024-07-14,2024-08-03,2024-08-03,2560,2560,6.77,USD,793.60,11800,1769.59,440.36,No,No,CIF
PO-2024-2281,Shenzhen Precision Works,Maersk Line,Ocean,Standard,China,Memphis,USA,Steel bracket set,Housings,2024-07-14,2024-08-12,2024-08-15,1364,1364,4.48,USD,886.60,11800,485.88,249.93,No,No,DDP
PO-2024-2282,Hanoi Components Co,Maersk Line,Ocean,Standard,Vietnam,Fort Worth,USA,Steel bracket set,Housings,2024-07-14,2024-08-12,2024-08-25,1763,1763,4.61,USD,1145.95,13200,615.59,445.40,No,No,CIF
PO-2024-2283,Chennai Industrial Ltd,DHL Global Forwarding,Air,Express,India,Columbus,USA,Steel bracket set,Housings,2024-07-14,2024-08-15,2024-08-15,4322,4322,4.75,USD,2809.30,13500,7862.86,1103.02,No,No,FOB
PO-2024-2284,Taipei Micro Systems,DHL Global Forwarding,Air,Express,Taiwan,Rotterdam,Netherlands,PCB assembly rev-C,Electronics,2024-07-14,2024-07-26,2024-08-11,2769,2769,42.44,USD,221.52,12100,996.32,3818.91,No,No,FOB
PO-2024-2285,Shenzhen Precision Works,Maersk Line,Ocean,Standard,China,Reno,USA,PCB assembly rev-C,Electronics,2024-07-14,2024-08-17,2024-09-03,4198,4198,46.05,USD,335.84,11800,228.40,7962.62,No,No,CIF
PO-2024-2286,Shenzhen Precision Works,Maersk Line,Ocean,Standard,China,Columbus,USA,Lithium cell pack 5000mAh,Power,2024-07-15,2024-07-29,2024-08-18,3186,3186,19.44,USD,1338.12,11800,696.96,1990.76,No,No,EXW
PO-2024-2287,Taipei Micro Systems,Schenker Road,Road,Standard,Taiwan,Rotterdam,Netherlands,Lithium cell pack 5000mAh,Power,2024-07-15,2024-07-30,2024-07-30,2633,2633,19.60,USD,1105.86,12100,1073.08,1970.28,No,No,FOB
PO-2024-2288,Hanoi Components Co,DHL Global Forwarding,Air,Express,Vietnam,Memphis,USA,"Aluminium enclosure, matte",Housings,2024-07-15,2024-07-26,2024-07-31,186,186,6.01,USD,57.66,13200,602.05,27.16,No,No,FOB
PO-2024-2289,Guadalajara Assembly,UPS Supply Chain,Parcel,Express,Mexico,Reno,USA,USB-C connector module,Electronics,2024-07-15,2024-08-08,2024-08-08,2671,2671,2.03,USD,26.71,2100,100.77,323.28,Yes,No,CIF
PO-2024-2290,Chennai Industrial Ltd,Maersk Line,Ocean,Standard,India,Fort Worth,USA,PCB assembly rev-C,Electronics,2024-07-15,2024-08-01,2024-08-07,3228,3228,44.48,USD,258.24,13500,202.40,4300.76,No,No,CIF
PO-2024-2291,Hanoi Components Co,DHL Global Forwarding,Air,Express,Vietnam,Columbus,USA,"Wiring harness, 12-pin",Electrical,2024-07-15,2024-08-08,2024-08-17,3519,3519,10.60,USD,422.28,13200,1562.83,1354.08,No,No,EXW
PO-2024-2292,Ostrava Metalworks,Maersk Line,Ocean,Standard,Czechia,Memphis,USA,"Wiring harness, 12-pin",Electrical,2024-07-15,2024-08-09,2024-08-08,1103,1103,10.04,USD,132.36,7400,106.65,601.08,No,No,EXW
PO-2024-2293,Taipei Micro Systems,DHL Global Forwarding,Air,Express,Taiwan,Fort Worth,USA,Cooling fan 40mm,Thermal,2024-07-16,2024-07-29,2024-07-29,3896,3896,3.95,USD,155.84,12100,823.25,768.02,No,No,EXW
PO-2024-2294,Hanoi Components Co,UPS Supply Chain,Parcel,Express,Vietnam,Fort Worth,USA,USB-C connector module,Electronics,2024-07-16,2024-08-16,2024-08-15,861,861,2.38,USD,8.61,13200,335.54,66.25,No,No,FOB
PO-2024-2295,Shenzhen Precision Works,DHL Global Forwarding,Air,Express,China,Columbus,USA,Lithium cell pack 5000mAh,Power,2024-07-16,2024-07-31,2024-07-31,1269,1269,19.42,USD,532.98,11800,1806.78,1344.85,No,No,EXW
PO-2024-2296,Chennai Industrial Ltd,Maersk Line,Ocean,Standard,India,Reno,USA,Lithium cell pack 5000mAh,Power,2024-07-16,2024-08-13,2024-09-10,708,653,19.16,USD,297.36,13500,220.69,519.55,No,No,CIF
PO-2024-2297,Taipei Micro Systems,Maersk Line,Ocean,Standard,Taiwan,Rotterdam,Netherlands,Cooling fan 40mm,Thermal,2024-07-16,2024-08-16,2024-08-24,799,799,3.40,USD,31.96,12100,88.15,122.63,No,No,CIF
PO-2024-2298,Chennai Industrial Ltd,Schenker Road,Road,Standard,India,Memphis,USA,USB-C connector module,Electronics,2024-07-16,2024-08-01,2024-08-29,1946,1946,2.13,USD,19.46,13500,165.04,110.17,No,No,FOB
PO-2024-2299,Shenzhen Precision Works,Schenker Road,Road,Standard,China,Columbus,USA,USB-C connector module,Electronics,2024-07-17,2024-07-27,2024-08-21,448,360,2.21,USD,4.48,11800,133.61,34.44,No,No,FOB
PO-2024-2300,Chennai Industrial Ltd,Maersk Line,Ocean,Standard,India,Memphis,USA,USB-C connector module,Electronics,2024-07-17,2024-07-26,2024-08-28,378,378,2.31,USD,3.78,13500,83.44,30.34,No,No,DDP
PO-2024-2301,Shenzhen Precision Works,Maersk Line,Ocean,Standard,China,Reno,USA,Steel bracket set,Housings,2024-07-17,2024-08-06,2024-08-29,3433,3433,4.26,USD,2231.45,11800,1114.59,519.02,No,No,EXW
PO-2024-2302,Chennai Industrial Ltd,Maersk Line,Ocean,Standard,India,Memphis,USA,Lithium cell pack 5000mAh,Power,2024-07-17,2024-08-12,2024-09-19,759,759,18.40,USD,318.78,13500,230.70,469.00,No,No,EXW
PO-2024-2303,Shenzhen Precision Works,DHL Global Forwarding,Air,Express,China,Memphis,USA,"Aluminium enclosure, matte",Housings,2024-07-17,2024-08-16,2024-08-15,1677,1677,6.26,USD,519.87,11800,1772.24,558.94,No,No,FOB
PO-2024-2304,Taipei Micro Systems,DHL Global Forwarding,Air,Express,Taiwan,Fort Worth,USA,Lithium cell pack 5000mAh,Power,2024-07-17,2024-07-26,2024-07-26,2941,2941,18.55,USD,1235.22,12100,3667.41,2730.84,No,No,DDP
PO-2024-2305,Ostrava Metalworks,Schenker Road,Road,Standard,Czechia,Columbus,USA,PCB assembly rev-C,Electronics,2024-07-17,2024-08-08,2024-08-08,3379,3379,44.51,USD,270.32,7400,311.17,7878.33,No,No,EXW
PO-2024-2306,Hanoi Components Co,UPS Supply Chain,Parcel,Express,Vietnam,Reno,USA,Lithium cell pack 5000mAh,Power,2024-07-18,2024-08-05,2024-08-05,429,429,17.85,USD,180.18,13200,656.38,254.38,No,No,EXW
PO-2024-2307,Taipei Micro Systems,DHL Global Forwarding,Air,Express,Taiwan,Rotterdam,Netherlands,PCB assembly rev-C,Electronics,2024-07-18,2024-08-05,2024-08-05,1788,1788,44.30,USD,143.04,12100,789.52,2541.99,No,No,DDP
PO-2024-2308,Taipei Micro Systems,Maersk Line,Ocean,Standard,Taiwan,Memphis,USA,USB-C connector module,Electronics,2024-07-18,2024-08-03,2024-08-18,1389,1389,2.33,USD,13.89,12100,79.70,157.57,No,No,EXW
PO-2024-2309,Shenzhen Precision Works,DHL Global Forwarding,Air,Express,China,Reno,USA,"Aluminium enclosure, matte",Housings,2024-07-18,2024-07-29,2024-07-27,4692,3845,6.46,USD,1454.52,11800,4235.04,1489.17,No,No,CIF
PO-2024-2310,Guadalajara Assembly,UPS Supply Chain,Parcel,Express,Mexico,Columbus,USA,Steel bracket set,Housings,2024-07-18,2024-08-16,2024-08-22,997,997,4.19,USD,648.05,2100,1262.67,184.33,No,No,CIF
PO-2024-2311,Shenzhen Precision Works,Schenker Road,Road,Standard,China,Fort Worth,USA,"Aluminium enclosure, matte",Housings,2024-07-18,2024-08-10,2024-08-20,2723,2723,6.63,USD,844.13,11800,847.31,1097.44,No,No,EXW
PO-2024-2312,Chennai Industrial Ltd,Schenker Road,Road,Standard,India,Columbus,USA,USB-C connector module,Electronics,2024-07-18,2024-07-29,2024-08-21,3154,3154,1.99,USD,31.54,13500,175.31,175.68,No,No,CIF
PO-2024-2313,Chennai Industrial Ltd,DHL Global Forwarding,Air,Express,India,Reno,USA,PCB assembly rev-C,Electronics,2024-07-19,2024-08-12,2024-08-12,3891,3891,40.87,USD,311.28,13500,1280.57,6796.91,No,No,FOB
PO-2024-2314,Chennai Industrial Ltd,Schenker Road,Road,Standard,India,Reno,USA,Steel bracket set,Housings,2024-07-19,2024-08-13,2024-09-07,2664,2664,3.96,USD,1731.60,13500,1620.36,586.13,No,No,EXW
PO-2024-2315,Shenzhen Precision Works,UPS Supply Chain,Parcel,Express,China,Memphis,USA,Lithium cell pack 5000mAh,Power,2024-07-19,2024-07-30,2024-08-15,613,613,17.89,USD,257.46,11800,767.01,277.66,No,No,FOB
PO-2024-2316,Shenzhen Precision Works,DHL Global Forwarding,Air,Express,China,Reno,USA,Display panel 7in IPS,Electronics,2024-07-19,2024-08-11,2024-08-11,4296,4296,51.87,USD,816.24,11800,2553.17,11384.86,No,No,DDP
PO-2024-2317,Guadalajara Assembly,UPS Supply Chain,Parcel,Express,Mexico,Reno,USA,"Aluminium enclosure, matte",Housings,2024-07-19,2024-08-11,2024-08-11,2704,2704,6.51,USD,838.24,2100,1618.33,414.59,No,No,DDP
PO-2024-2318,Shenzhen Precision Works,Maersk Line,Ocean,Standard,China,Fort Worth,USA,Display panel 7in IPS,Electronics,2024-07-19,2024-08-04,2024-08-13,2682,2682,50.82,USD,509.58,11800,309.62,4585.33,No,No,EXW
PO-2024-2319,Taipei Micro Systems,Schenker Road,Road,Standard,Taiwan,Fort Worth,USA,Steel bracket set,Housings,2024-07-20,2024-07-31,2024-08-09,508,426,4.74,USD,330.20,12100,413.77,69.36,No,No,FOB
PO-2024-2320,Hanoi Components Co,Schenker Road,Road,Standard,Vietnam,Rotterdam,Netherlands,Display panel 7in IPS,Electronics,2024-07-20,2024-08-13,2024-08-11,2972,2972,57.70,USD,564.68,13200,625.18,7187.07,No,No,FOB
PO-2024-2321,Taipei Micro Systems,UPS Supply Chain,Parcel,Express,Taiwan,Rotterdam,Netherlands,Steel bracket set,Housings,2024-07-20,2024-07-30,2024-07-30,939,939,4.49,USD,610.35,12100,1434.17,174.78,No,No,DDP
PO-2024-2322,Hanoi Components Co,Maersk Line,Ocean,Standard,Vietnam,Columbus,USA,"Wiring harness, 12-pin",Electrical,2024-07-20,2024-08-17,2024-08-15,1244,1244,9.07,USD,149.28,13200,149.65,250.96,No,No,CIF
PO-2024-2323,Shenzhen Precision Works,Schenker Road,Road,Standard,China,Fort Worth,USA,Cooling fan 40mm,Thermal,2024-07-20,2024-08-07,2024-08-17,4156,4156,3.47,USD,166.24,11800,271.10,784.85,No,No,EXW
PO-2024-2324,Shenzhen Precision Works,Maersk Line,Ocean,Standard,China,Memphis,USA,Display panel 7in IPS,Electronics,2024-07-20,2024-08-07,2024-08-30,287,287,58.35,USD,54.53,11800,96.88,451.94,Yes,Yes,EXW
PO-2024-2325,Taipei Micro Systems,Schenker Road,Road,Standard,Taiwan,Memphis,USA,PCB assembly rev-C,Electronics,2024-07-20,2024-08-13,2024-08-20,2677,2677,45.80,USD,214.16,12100,315.14,5433.80,No,No,CIF
PO-2024-2326,Hanoi Components Co,UPS Supply Chain,Parcel,Express,Vietnam,Rotterdam,Netherlands,Cooling fan 40mm,Thermal,2024-07-21,2024-08-23,2024-08-24,4428,3633,3.67,USD,177.12,13200,650.65,783.11,No,No,CIF
PO-2024-2327,Shenzhen Precision Works,UPS Supply Chain,Parcel,Express,China,Columbus,USA,"Wiring harness, 12-pin",Electrical,2024-07-21,2024-08-04,2024-09-07,3891,3891,9.78,USD,466.92,11800,1158.70,1766.89,No,No,FOB
PO-2024-2328,Chennai Industrial Ltd,DHL Global Forwarding,Air,Express,India,Reno,USA,"Wiring harness, 12-pin",Electrical,2024-07-21,2024-08-05,2024-08-19,4538,4538,9.81,USD,544.56,13500,1895.27,1164.49,No,No,EXW
PO-2024-2329,Shenzhen Precision Works,Maersk Line,Ocean,Standard,China,Rotterdam,Netherlands,"Aluminium enclosure, matte",Housings,2024-07-21,2024-08-22,2024-09-11,2696,2696,6.40,USD,835.76,11800,462.11,775.58,No,No,EXW
PO-2024-2330,Ostrava Metalworks,Maersk Line,Ocean,Standard,Czechia,Columbus,USA,Cooling fan 40mm,Thermal,2024-07-21,2024-08-10,2024-08-10,2831,2440,3.49,USD,113.24,7400,97.71,594.64,No,No,DDP
PO-2024-2331,Hanoi Components Co,UPS Supply Chain,Parcel,Express,Vietnam,Columbus,USA,"Aluminium enclosure, matte",Housings,2024-07-21,2024-08-08,2024-08-08,4501,4501,6.72,USD,1395.31,13200,2928.67,1735.49,No,No,EXW
PO-2024-2332,Hanoi Components Co,Maersk Line,Ocean,Standard,Vietnam,Fort Worth,USA,Lithium cell pack 5000mAh,Power,2024-07-22,2024-08-12,2024-08-12,1723,1723,17.29,USD,723.66,13200,418.17,820.37,No,No,FOB
PO-2024-2333,Guadalajara Assembly,Maersk Line,Ocean,Standard,Mexico,Memphis,USA,Lithium cell pack 5000mAh,Power,2024-07-22,2024-08-22,2024-08-26,3482,2827,19.54,USD,1462.44,2100,696.40,2041.04,No,No,EXW
PO-2024-2334,Guadalajara Assembly,Schenker Road,Road,Standard,Mexico,Columbus,USA,"Aluminium enclosure, matte",Housings,2024-07-22,2024-08-05,2024-08-05,1639,1639,6.52,USD,508.09,2100,454.98,221.02,No,No,CIF
PO-2024-2335,Hanoi Components Co,DHL Global Forwarding,Air,Express,Vietnam,Rotterdam,Netherlands,"Aluminium enclosure, matte",Housings,2024-07-22,2024-08-25,2024-09-07,2551,2551,5.77,USD,790.81,13200,2533.90,515.53,No,No,EXW
PO-2024-2336,Chennai Industrial Ltd,UPS Supply Chain,Parcel,Express,India,Fort Worth,USA,"Aluminium enclosure, matte",Housings,2024-07-22,2024-08-15,2024-08-15,1823,1823,6.59,USD,565.13,13500,1383.49,670.75,No,No,DDP
PO-2024-2337,Shenzhen Precision Works,Schenker Road,Road,Standard,China,Rotterdam,Netherlands,PCB assembly rev-C,Electronics,2024-07-22,2024-08-18,2024-09-12,3227,3227,39.49,USD,258.16,11800,349.24,6571.09,No,No,CIF
PO-2024-2338,Hanoi Components Co,Maersk Line,Ocean,Standard,Vietnam,Rotterdam,Netherlands,Steel bracket set,Housings,2024-07-22,2024-08-24,2024-09-09,1631,1631,4.45,USD,1060.15,13200,575.48,237.70,No,No,EXW
PO-2024-2339,Guadalajara Assembly,DHL Global Forwarding,Air,Express,Mexico,Reno,USA,PCB assembly rev-C,Electronics,2024-07-23,2024-08-26,2024-08-24,2259,2259,45.50,USD,180.72,2100,547.81,6024.83,No,No,DDP
PO-2024-2340,Shenzhen Precision Works,Schenker Road,Road,Standard,China,Columbus,USA,Cooling fan 40mm,Thermal,2024-07-23,2024-08-14,2024-08-14,2251,2251,3.87,USD,90.04,11800,206.33,218.04,No,No,DDP
PO-2024-2341,Hanoi Components Co,UPS Supply Chain,Parcel,Express,Vietnam,Reno,USA,Lithium cell pack 5000mAh,Power,2024-07-23,2024-08-16,2024-08-28,2699,2699,18.25,USD,1133.58,13200,2439.23,1638.67,No,No,FOB
PO-2024-2342,Chennai Industrial Ltd,DHL Global Forwarding,Air,Express,India,Fort Worth,USA,USB-C connector module,Electronics,2024-07-23,2024-08-23,2024-09-05,1754,1754,2.02,USD,17.54,13500,506.57,88.11,No,No,CIF
PO-2024-2343,Shenzhen Precision Works,Schenker Road,Road,Standard,China,Rotterdam,Netherlands,Display panel 7in IPS,Electronics,2024-07-23,2024-08-22,2024-09-13,595,595,57.85,USD,113.05,11800,225.89,972.15,No,No,DDP
PO-2024-2344,Hanoi Components Co,UPS Supply Chain,Parcel,Express,Vietnam,Columbus,USA,"Aluminium enclosure, matte",Housings,2024-07-23,2024-08-25,2024-08-25,4085,4085,6.36,USD,1266.35,13200,2687.51,956.72,No,No,EXW
PO-2024-2345,Shenzhen Precision Works,DHL Global Forwarding,Air,Express,China,Rotterdam,Netherlands,Cooling fan 40mm,Thermal,2024-07-23,2024-08-10,2024-08-10,1480,1480,3.63,USD,59.20,11800,558.37,117.34,No,No,DDP
PO-2024-2346,Guadalajara Assembly,Maersk Line,Ocean,Standard,Mexico,Reno,USA,Cooling fan 40mm,Thermal,2024-07-24,2024-08-04,2024-08-02,2195,2195,3.35,USD,87.80,2100,53.75,149.24,No,No,EXW
PO-2024-2347,Taipei Micro Systems,UPS Supply Chain,Parcel,Express,Taiwan,Memphis,USA,"Wiring harness, 12-pin",Electrical,2024-07-24,2024-08-20,2024-08-19,1171,1171,9.46,USD,140.52,12100,555.59,466.27,No,No,CIF
PO-2024-2348,Hanoi Components Co,DHL Global Forwarding,Air,Express,Vietnam,Fort Worth,USA,USB-C connector module,Electronics,2024-07-24,2024-08-10,2024-08-10,4726,4147,2.31,USD,47.26,13200,574.65,229.20,No,No,EXW
PO-2024-2349,Shenzhen Precision Works,DHL Global Forwarding,Air,Express,China,Reno,USA,PCB assembly rev-C,Electronics,2024-07-24,2024-08-26,2024-09-19,1569,1569,46.20,USD,125.52,11800,733.13,2995.25,No,No,EXW
PO-2024-2350,Shenzhen Precision Works,Maersk Line,Ocean,Standard,China,Fort Worth,USA,Lithium cell pack 5000mAh,Power,2024-07-24,2024-08-16,2024-09-12,401,370,18.42,USD,168.42,11800,150.13,311.06,No,No,DDP
PO-2024-2351,Hanoi Components Co,UPS Supply Chain,Parcel,Express,Vietnam,Reno,USA,Display panel 7in IPS,Electronics,2024-07-24,2024-08-03,2024-08-02,1696,1696,51.98,USD,322.24,13200,922.03,2132.00,No,No,FOB
PO-2024-2352,Hanoi Components Co,Schenker Road,Road,Standard,Vietnam,Rotterdam,Netherlands,Lithium cell pack 5000mAh,Power,2024-07-25,2024-08-25,2024-09-07,3336,3336,18.48,USD,1401.12,13200,1336.15,3436.38,No,No,FOB
PO-2024-2353,Hanoi Components Co,Schenker Road,Road,Standard,Vietnam,Fort Worth,USA,Cooling fan 40mm,Thermal,2024-07-25,2024-08-03,2024-08-02,37,37,3.33,USD,1.48,13200,146.46,5.87,No,No,FOB
PO-2024-2354,Chennai Industrial Ltd,DHL Global Forwarding,Air,Express,India,Fort Worth,USA,Display panel 7in IPS,Electronics,2024-07-25,2024-08-23,2024-08-21,2179,2179,53.61,USD,414.01,13500,1551.27,6371.10,No,No,FOB
PO-2024-2355,Guadalajara Assembly,DHL Global Forwarding,Air,Express,Mexico,Reno,USA,Steel bracket set,Housings,2024-07-25,2024-08-04,2024-08-04,2171,2171,3.98,USD,1411.15,2100,3789.99,320.13,No,No,EXW
PO-2024-2356,Hanoi Components Co,Maersk Line,Ocean,Standard,Vietnam,Rotterdam,Netherlands,Steel bracket set,Housings,2024-07-25,2024-08-24,2024-09-10,623,623,4.35,USD,404.95,13200,269.17,98.34,No,No,EXW
PO-2024-2357,Shenzhen Precision Works,Schenker Road,Road,Standard,China,Fort Worth,USA,"Wiring harness, 12-pin",Electrical,2024-07-25,2024-08-25,2024-09-20,404,404,10.00,USD,48.48,11800,171.01,186.03,No,No,FOB
PO-2024-2358,Guadalajara Assembly,Maersk Line,Ocean,Standard,Mexico,Columbus,USA,Steel bracket set,Housings,2024-07-25,2024-08-08,2024-08-08,4063,4063,4.17,USD,2640.95,2100,1247.35,830.82,Yes,No,CIF
PO-2024-2359,Guadalajara Assembly,Schenker Road,Road,Standard,Mexico,Reno,USA,Cooling fan 40mm,Thermal,2024-07-26,2024-08-20,2024-08-19,1641,1641,3.87,USD,65.64,2100,78.89,402.75,No,No,FOB
PO-2024-2360,Chennai Industrial Ltd,Schenker Road,Road,Standard,India,Fort Worth,USA,Display panel 7in IPS,Electronics,2024-07-26,2024-08-04,2024-09-01,1159,1159,53.85,USD,220.21,13500,335.68,1512.15,No,No,CIF
PO-2024-2361,Shenzhen Precision Works,Maersk Line,Ocean,Standard,China,Columbus,USA,Cooling fan 40mm,Thermal,2024-07-26,2024-08-27,2024-09-07,2213,2213,3.48,USD,88.52,11800,112.77,413.27,No,No,CIF
PO-2024-2362,Chennai Industrial Ltd,Maersk Line,Ocean,Standard,India,Rotterdam,Netherlands,Cooling fan 40mm,Thermal,2024-07-26,2024-08-05,2024-09-18,489,489,3.35,USD,19.56,13500,90.82,89.73,No,No,EXW
PO-2024-2363,Shenzhen Precision Works,Maersk Line,Ocean,Standard,China,Fort Worth,USA,"Aluminium enclosure, matte",Housings,2024-07-26,2024-08-19,2024-09-08,1607,1361,6.25,USD,498.17,11800,304.28,380.64,No,No,CIF
PO-2024-2364,Hanoi Components Co,Schenker Road,Road,Standard,Vietnam,Columbus,USA,"Aluminium enclosure, matte",Housings,2024-07-26,2024-08-08,2024-08-08,4104,4104,5.86,USD,1272.24,13200,1226.60,1333.59,No,No,EXW
PO-2024-2365,Shenzhen Precision Works,Schenker Road,Road,Standard,China,Rotterdam,Netherlands,PCB assembly rev-C,Electronics,2024-07-27,2024-08-06,2024-08-06,934,934,42.50,USD,74.72,11800,193.31,1674.80,No,No,FOB
PO-2024-2366,Guadalajara Assembly,UPS Supply Chain,Parcel,Express,Mexico,Reno,USA,Lithium cell pack 5000mAh,Power,2024-07-27,2024-08-28,2024-08-28,2411,2411,20.36,USD,1012.62,2100,1944.42,1823.16,No,No,CIF
PO-2024-2367,Guadalajara Assembly,Schenker Road,Road,Standard,Mexico,Fort Worth,USA,PCB assembly rev-C,Electronics,2024-07-27,2024-08-16,2024-08-16,4228,4228,43.39,USD,338.24,2100,310.60,4815.71,No,No,EXW
PO-2024-2368,Chennai Industrial Ltd,Schenker Road,Road,Standard,India,Fort Worth,USA,PCB assembly rev-C,Electronics,2024-07-27,2024-08-09,2024-08-30,524,524,39.27,USD,41.92,13500,184.13,1092.99,No,No,DDP
PO-2024-2369,Taipei Micro Systems,Schenker Road,Road,Standard,Taiwan,Rotterdam,Netherlands,Steel bracket set,Housings,2024-07-27,2024-08-23,2024-08-23,3470,3470,4.30,USD,2255.50,12100,2050.28,886.82,No,No,EXW
PO-2024-2370,Ostrava Metalworks,Maersk Line,Ocean,Standard,Czechia,Rotterdam,Netherlands,Cooling fan 40mm,Thermal,2024-07-27,2024-08-27,2024-08-26,3507,3507,3.56,USD,140.28,7400,110.35,614.61,No,No,CIF
PO-2024-2371,Hanoi Components Co,DHL Global Forwarding,Air,Express,Vietnam,Fort Worth,USA,Cooling fan 40mm,Thermal,2024-07-27,2024-08-13,2024-08-23,2336,2336,3.95,USD,93.44,13200,696.33,223.56,No,No,EXW
PO-2024-2372,Shenzhen Precision Works,DHL Global Forwarding,Air,Express,China,Columbus,USA,USB-C connector module,Electronics,2024-07-28,2024-08-07,2024-08-24,2120,2120,2.04,USD,21.20,11800,458.24,127.87,No,No,FOB
PO-2024-2373,Shenzhen Precision Works,Schenker Road,Road,Standard,China,Columbus,USA,"Wiring harness, 12-pin",Electrical,2024-07-28,2024-08-17,2024-08-17,2106,2106,10.00,USD,252.72,11800,344.61,1153.81,No,No,EXW
PO-2024-2374,Shenzhen Precision Works,UPS Supply Chain,Parcel,Express,China,Columbus,USA,Display panel 7in IPS,Electronics,2024-07-28,2024-08-28,2024-09-08,3654,3654,52.35,USD,694.26,11800,1583.83,9541.52,No,No,EXW
PO-2024-2375,Shenzhen Precision Works,Maersk Line,Ocean,Standard,China,Rotterdam,Netherlands,PCB assembly rev-C,Electronics,2024-07-28,2024-08-11,2024-08-20,3995,3995,41.25,USD,319.60,11800,220.80,4785.31,No,No,EXW
PO-2024-2376,Shenzhen Precision Works,Schenker Road,Road,Standard,China,Rotterdam,Netherlands,"Aluminium enclosure, matte",Housings,2024-07-28,2024-08-29,2024-08-29,2276,2276,6.61,USD,705.56,11800,729.53,347.09,No,No,DDP
PO-2024-2377,Shenzhen Precision Works,Maersk Line,Ocean,Standard,China,Reno,USA,"Wiring harness, 12-pin",Electrical,2024-07-28,2024-08-15,2024-09-13,663,663,10.40,USD,79.56,11800,108.58,372.86,No,No,EXW
PO-2024-2378,Shenzhen Precision Works,Schenker Road,Road,Standard,China,Memphis,USA,Cooling fan 40mm,Thermal,2024-07-28,2024-08-22,2024-09-09,4014,4014,3.75,USD,160.56,11800,266.28,460.47,No,No,FOB
PO-2024-2379,Taipei Micro Systems,Schenker Road,Road,Standard,Taiwan,Columbus,USA,USB-C connector module,Electronics,2024-07-29,2024-09-01,2024-09-01,2838,2838,2.25,USD,28.38,12100,157.22,142.36,No,No,FOB
PO-2024-2380,Chennai Industrial Ltd,DHL Global Forwarding,Air,Express,India,Fort Worth,USA,Lithium cell pack 5000mAh,Power,2024-07-29,2024-08-08,2024-08-07,3209,3209,19.90,USD,1347.78,13500,4011.75,1719.28,No,No,FOB
PO-2024-2381,Hanoi Components Co,UPS Supply Chain,Parcel,Express,Vietnam,Rotterdam,Netherlands,"Wiring harness, 12-pin",Electrical,2024-07-29,2024-08-17,2024-08-31,3043,3043,10.28,USD,365.16,13200,1002.29,1261.77,No,No,FOB
PO-2024-2382,Hanoi Components Co,UPS Supply Chain,Parcel,Express,Vietnam,Fort Worth,USA,Display panel 7in IPS,Electronics,2024-07-29,2024-08-26,2024-08-26,4013,4013,52.20,USD,762.47,13200,1745.26,6935.56,No,No,CIF
PO-2024-2383,Taipei Micro Systems,UPS Supply Chain,Parcel,Express,Taiwan,Reno,USA,Display panel 7in IPS,Electronics,2024-07-29,2024-08-30,2024-08-30,1518,1518,52.16,USD,288.42,12100,832.17,1860.83,No,No,FOB
PO-2024-2384,Guadalajara Assembly,DHL Global Forwarding,Air,Express,Mexico,Columbus,USA,USB-C connector module,Electronics,2024-07-29,2024-08-10,2024-08-08,4649,4294,2.05,USD,46.49,2100,194.11,527.93,No,No,FOB
PO-2024-2385,Taipei Micro Systems,Schenker Road,Road,Standard,Taiwan,Fort Worth,USA,Lithium cell pack 5000mAh,Power,2024-07-30,2024-08-21,2024-08-21,2744,2744,18.70,USD,1152.48,12100,1112.71,1955.05,No,No,CIF
PO-2024-2386,Taipei Micro Systems,Maersk Line,Ocean,Standard,Taiwan,Memphis,USA,Cooling fan 40mm,Thermal,2024-07-30,2024-08-14,2024-08-26,3101,3101,3.56,USD,124.04,12100,131.19,334.54,No,No,EXW
PO-2024-2387,Hanoi Components Co,UPS Supply Chain,Parcel,Express,Vietnam,Columbus,USA,"Aluminium enclosure, matte",Housings,2024-07-30,2024-08-10,2024-08-28,73,73,6.39,USD,22.63,13200,361.76,22.93,No,No,DDP
PO-2024-2388,Chennai Industrial Ltd,UPS Supply Chain,Parcel,Express,India,Reno,USA,Lithium cell pack 5000mAh,Power,2024-07-30,2024-08-26,2024-09-13,4395,4395,17.57,USD,1845.90,13500,3778.53,1886.20,No,No,EXW
PO-2024-2389,Shenzhen Precision Works,Schenker Road,Road,Standard,China,Rotterdam,Netherlands,Lithium cell pack 5000mAh,Power,2024-07-30,2024-08-31,2024-09-25,4306,4306,20.12,USD,1808.52,11800,1667.04,2785.65,No,No,DDP
PO-2024-2390,Guadalajara Assembly,Schenker Road,Road,Standard,Mexico,Columbus,USA,Lithium cell pack 5000mAh,Power,2024-07-30,2024-08-21,2024-08-21,1240,1240,19.05,USD,520.80,2100,465.78,651.69,No,No,CIF
PO-2024-2391,Shenzhen Precision Works,DHL Global Forwarding,Air,Express,China,Reno,USA,Steel bracket set,Housings,2024-07-30,2024-08-29,2024-09-06,2882,2882,4.44,USD,1873.30,11800,5338.53,554.61,No,No,EXW
PO-2024-2392,Shenzhen Precision Works,Maersk Line,Ocean,Standard,China,Reno,USA,Cooling fan 40mm,Thermal,2024-07-31,2024-08-15,2024-09-03,3234,3234,3.78,USD,129.36,11800,131.87,598.16,No,No,CIF
PO-2024-2393,Shenzhen Precision Works,Maersk Line,Ocean,Standard,China,Columbus,USA,Cooling fan 40mm,Thermal,2024-07-31,2024-08-15,2024-08-25,1272,1272,3.64,USD,50.88,11800,95.18,235.37,No,No,FOB
PO-2024-2394,Chennai Industrial Ltd,UPS Supply Chain,Parcel,Express,India,Rotterdam,Netherlands,PCB assembly rev-C,Electronics,2024-07-31,2024-08-29,2024-08-27,4665,4665,42.96,USD,373.20,13500,1024.58,12769.87,No,No,EXW
PO-2024-2395,Hanoi Components Co,UPS Supply Chain,Parcel,Express,Vietnam,Rotterdam,Netherlands,Lithium cell pack 5000mAh,Power,2024-07-31,2024-08-21,2024-08-21,3844,3844,19.29,USD,1614.48,13200,3338.52,2430.64,No,No,DDP
PO-2024-2396,Ostrava Metalworks,UPS Supply Chain,Parcel,Express,Czechia,Memphis,USA,PCB assembly rev-C,Electronics,2024-07-31,2024-08-10,2024-08-08,2971,2971,39.08,USD,237.68,7400,623.54,2358.83,No,No,EXW
PO-2024-2397,Shenzhen Precision Works,Schenker Road,Road,Standard,China,Reno,USA,Lithium cell pack 5000mAh,Power,2024-07-31,2024-08-18,2024-08-28,1026,1026,19.01,USD,430.92,11800,496.08,455.15,No,No,DDP
PO-2024-2398,Shenzhen Precision Works,Schenker Road,Road,Standard,China,Fort Worth,USA,"Aluminium enclosure, matte",Housings,2024-08-01,2024-08-26,2024-09-28,4403,4403,6.51,USD,1364.93,11800,1289.99,1316.38,No,No,EXW
PO-2024-2399,Guadalajara Assembly,UPS Supply Chain,Parcel,Express,Mexico,Fort Worth,USA,Display panel 7in IPS,Electronics,2024-08-01,2024-08-28,2024-08-28,1818,1818,55.90,USD,345.42,2100,696.76,6380.54,No,No,DDP
PO-2024-2400,Hanoi Components Co,Maersk Line,Ocean,Standard,Vietnam,Columbus,USA,Lithium cell pack 5000mAh,Power,2024-08-01,2024-08-31,2024-09-12,1379,1379,20.18,USD,579.18,13200,350.63,1027.13,No,No,CIF
PO-2024-2401,Ostrava Metalworks,Schenker Road,Road,Standard,Czechia,Rotterdam,Netherlands,Lithium cell pack 5000mAh,Power,2024-08-01,2024-08-13,2024-08-13,2371,2371,17.68,USD,995.82,7400,927.85,1501.02,No,No,CIF
PO-2024-2402,Taipei Micro Systems,UPS Supply Chain,Parcel,Express,Taiwan,Reno,USA,Steel bracket set,Housings,2024-08-01,2024-08-24,2024-08-24,2943,2943,4.13,USD,1912.95,12100,3870.04,788.15,No,No,DDP
PO-2024-2403,Hanoi Components Co,UPS Supply Chain,Parcel,Express,Vietnam,Fort Worth,USA,Display panel 7in IPS,Electronics,2024-08-01,2024-08-20,2024-09-04,3884,3884,54.27,USD,737.96,13200,1699.43,7118.45,No,No,FOB
PO-2024-2404,Chennai Industrial Ltd,UPS Supply Chain,Parcel,Express,India,Rotterdam,Netherlands,"Aluminium enclosure, matte",Housings,2024-08-01,2024-08-25,2024-09-13,1311,1311,6.13,USD,406.41,13500,1086.69,461.02,No,No,DDP
PO-2024-2405,Shenzhen Precision Works,DHL Global Forwarding,Air,Express,China,Memphis,USA,Lithium cell pack 5000mAh,Power,2024-08-02,2024-08-28,2024-10-01,155,155,18.73,USD,65.10,11800,573.92,78.66,No,No,CIF
PO-2024-2406,Shenzhen Precision Works,Maersk Line,Ocean,Standard,China,Reno,USA,"Aluminium enclosure, matte",Housings,2024-08-02,2024-08-15,2024-09-18,1284,1284,6.12,USD,398.04,11800,257.47,368.09,No,No,DDP
PO-2024-2407,Shenzhen Precision Works,Schenker Road,Road,Standard,China,Memphis,USA,Cooling fan 40mm,Thermal,2024-08-02,2024-08-20,2024-08-20,721,721,3.56,USD,28.84,11800,154.31,107.53,No,No,DDP
PO-2024-2408,Taipei Micro Systems,Schenker Road,Road,Standard,Taiwan,Rotterdam,Netherlands,Display panel 7in IPS,Electronics,2024-08-02,2024-08-12,2024-08-10,1977,1977,53.77,USD,375.63,12100,452.39,3274.65,No,No,DDP
PO-2024-2409,Shenzhen Precision Works,DHL Global Forwarding,Air,Express,China,Columbus,USA,Lithium cell pack 5000mAh,Power,2024-08-02,2024-08-17,2024-08-17,753,753,19.56,USD,316.26,11800,1235.73,634.94,No,No,EXW
PO-2024-2410,Chennai Industrial Ltd,UPS Supply Chain,Parcel,Express,India,Memphis,USA,Cooling fan 40mm,Thermal,2024-08-02,2024-09-02,2024-09-22,4175,4175,3.93,USD,167.00,13500,638.99,475.81,No,No,EXW
PO-2024-2411,Guadalajara Assembly,UPS Supply Chain,Parcel,Express,Mexico,Fort Worth,USA,Cooling fan 40mm,Thermal,2024-08-03,2024-08-20,2024-08-20,3995,3995,3.81,USD,159.80,2100,349.65,702.64,No,No,CIF
PO-2024-2412,Ostrava Metalworks,UPS Supply Chain,Parcel,Express,Czechia,Memphis,USA,"Aluminium enclosure, matte",Housings,2024-08-03,2024-08-21,2024-08-21,539,539,6.29,USD,167.09,7400,491.54,148.67,No,No,EXW
PO-2024-2413,Hanoi Components Co,UPS Supply Chain,Parcel,Express,Vietnam,Columbus,USA,"Aluminium enclosure, matte",Housings,2024-08-03,2024-08-19,2024-08-19,1293,1120,6.74,USD,400.83,13200,1068.99,239.98,No,No,CIF
PO-2024-2414,Chennai Industrial Ltd,Schenker Road,Road,Standard,India,Reno,USA,PCB assembly rev-C,Electronics,2024-08-03,2024-08-28,2024-09-24,3697,3697,40.79,USD,295.76,13500,399.90,4125.96,Yes,No,DDP
PO-2024-2415,Chennai Industrial Ltd,DHL Global Forwarding,Air,Express,India,Fort Worth,USA,Display panel 7in IPS,Electronics,2024-08-03,2024-08-19,2024-08-18,1845,1845,49.91,USD,350.55,13500,1384.05,3699.90,No,No,CIF
PO-2024-2416,Shenzhen Precision Works,Maersk Line,Ocean,Standard,China,Reno,USA,USB-C connector module,Electronics,2024-08-03,2024-09-03,2024-09-19,3916,3916,2.31,USD,39.16,11800,89.70,401.38,No,No,DDP
PO-2024-2417,Taipei Micro Systems,UPS Supply Chain,Parcel,Express,Taiwan,Columbus,USA,Lithium cell pack 5000mAh,Power,2024-08-03,2024-08-25,2024-08-24,2538,2538,19.65,USD,1065.96,12100,2286.17,1005.98,No,No,FOB
PO-2024-2418,Ostrava Metalworks,Maersk Line,Ocean,Standard,Czechia,Fort Worth,USA,Cooling fan 40mm,Thermal,2024-08-04,2024-09-07,2024-09-07,839,839,3.66,USD,33.56,7400,60.46,131.78,No,No,DDP
PO-2024-2419,Guadalajara Assembly,Schenker Road,Road,Standard,Mexico,Columbus,USA,USB-C connector module,Electronics,2024-08-04,2024-08-26,2024-08-25,3372,3372,2.12,USD,33.72,2100,51.76,315.61,No,No,DDP
PO-2024-2420,Shenzhen Precision Works,Maersk Line,Ocean,Standard,China,Fort Worth,USA,Steel bracket set,Housings,2024-08-04,2024-08-16,2024-08-28,2726,2726,4.43,USD,1771.90,11800,899.75,274.88,No,No,EXW
PO-2024-2421,Guadalajara Assembly,UPS Supply Chain,Parcel,Express,Mexico,Reno,USA,Lithium cell pack 5000mAh,Power,2024-08-04,2024-08-20,2024-08-20,2588,2588,18.95,USD,1086.96,2100,2083.44,3167.22,No,No,DDP
PO-2024-2422,Shenzhen Precision Works,Schenker Road,Road,Standard,China,Columbus,USA,Cooling fan 40mm,Thermal,2024-08-04,2024-08-24,2024-09-02,4228,4228,3.51,USD,169.12,11800,273.55,505.36,No,No,CIF
PO-2024-2423,Hanoi Components Co,DHL Global Forwarding,Air,Express,Vietnam,Fort Worth,USA,"Wiring harness, 12-pin",Electrical,2024-08-04,2024-09-06,2024-09-06,985,985,10.73,USD,118.20,13200,761.58,351.71,No,No,CIF
PO-2024-2424,Hanoi Components Co,Schenker Road,Road,Standard,Vietnam,Reno,USA,"Wiring harness, 12-pin",Electrical,2024-08-04,2024-08-16,2024-08-16,2615,2615,9.30,USD,313.80,13200,411.93,1476.96,No,No,FOB
PO-2024-2425,Shenzhen Precision Works,UPS Supply Chain,Parcel,Express,China,Columbus,USA,PCB assembly rev-C,Electronics,2024-08-05,2024-08-18,2024-09-15,2663,2663,41.16,USD,213.04,11800,683.94,6163.84,No,No,FOB
PO-2024-2426,Ostrava Metalworks,Maersk Line,Ocean,Standard,Czechia,Reno,USA,USB-C connector module,Electronics,2024-08-05,2024-08-25,2024-08-24,2014,2014,2.19,USD,20.14,7400,54.19,233.84,No,No,CIF
PO-2024-2427,Shenzhen Precision Works,Schenker Road,Road,Standard,China,Columbus,USA,Cooling fan 40mm,Thermal,2024-08-05,2024-08-19,2024-09-09,1549,1430,3.91,USD,61.96,11800,182.47,376.34,No,No,EXW
PO-2024-2428,Taipei Micro Systems,UPS Supply Chain,Parcel,Express,Taiwan,Memphis,USA,Lithium cell pack 5000mAh,Power,2024-08-05,2024-09-08,2024-10-01,401,401,20.20,USD,168.42,12100,607.77,485.42,No,No,DDP
PO-2024-2429,Shenzhen Precision Works,DHL Global Forwarding,Air,Express,China,Rotterdam,Netherlands,"Wiring harness, 12-pin",Electrical,2024-08-05,2024-08-15,2024-09-10,915,915,10.20,USD,109.80,11800,691.70,530.11,No,No,DDP
PO-2024-2430,Hanoi Components Co,DHL Global Forwarding,Air,Express,Vietnam,Rotterdam,Netherlands,"Wiring harness, 12-pin",Electrical,2024-08-05,2024-09-06,2024-09-21,4616,4121,9.46,USD,553.92,13200,1909.70,2676.89,No,No,CIF
PO-2024-2431,Shenzhen Precision Works,Schenker Road,Road,Standard,China,Rotterdam,Netherlands,Lithium cell pack 5000mAh,Power,2024-08-06,2024-08-28,2024-08-27,3563,3563,19.30,USD,1496.46,11800,1401.79,3034.97,No,No,DDP
PO-2024-2432,Ostrava Metalworks,DHL Global Forwarding,Air,Express,Czechia,Columbus,USA,Display panel 7in IPS,Electronics,2024-08-06,2024-08-18,2024-08-23,4408,4408,49.80,USD,837.52,7400,2459.21,7395.74,No,No,EXW
PO-2024-2433,Shenzhen Precision Works,Schenker Road,Road,Standard,China,Rotterdam,Netherlands,Display panel 7in IPS,Electronics,2024-08-06,2024-08-24,2024-09-22,3184,3184,50.02,USD,604.96,11800,644.02,9176.30,No,No,DDP
PO-2024-2434,Taipei Micro Systems,DHL Global Forwarding,Air,Express,Taiwan,Reno,USA,Lithium cell pack 5000mAh,Power,2024-08-06,2024-08-16,2024-08-14,3437,3437,19.84,USD,1443.54,12100,4216.34,4394.29,No,No,DDP
PO-2024-2435,Shenzhen Precision Works,DHL Global Forwarding,Air,Express,China,Memphis,USA,USB-C connector module,Electronics,2024-08-06,2024-08-28,2024-08-28,3395,3395,2.38,USD,33.95,11800,491.84,230.03,No,No,EXW
PO-2024-2436,Shenzhen Precision Works,Maersk Line,Ocean,Standard,China,Columbus,USA,Display panel 7in IPS,Electronics,2024-08-06,2024-08-18,2024-09-20,3210,3115,52.05,USD,609.90,11800,356.52,4186.24,No,No,FOB
PO-2024-2437,Shenzhen Precision Works,Schenker Road,Road,Standard,China,Rotterdam,Netherlands,"Aluminium enclosure, matte",Housings,2024-08-06,2024-08-31,2024-09-03,116,116,6.31,USD,35.96,11800,160.37,42.69,No,No,EXW
PO-2024-2438,Guadalajara Assembly,UPS Supply Chain,Parcel,Express,Mexico,Reno,USA,USB-C connector module,Electronics,2024-08-07,2024-09-10,2024-09-08,1733,1733,2.26,USD,17.33,2100,83.23,193.55,No,No,FOB
PO-2024-2439,Guadalajara Assembly,Schenker Road,Road,Standard,Mexico,Memphis,USA,PCB assembly rev-C,Electronics,2024-08-07,2024-08-31,2024-08-31,1233,1233,38.69,USD,98.64,2100,106.94,3094.46,No,No,CIF
PO-2024-2440,Hanoi Components Co,UPS Supply Chain,Parcel,Express,Vietnam,Columbus,USA,"Aluminium enclosure, matte",Housings,2024-08-07,2024-09-08,2024-09-07,1576,1576,6.58,USD,488.56,13200,1233.05,489.69,No,No,DDP
PO-2024-2441,Guadalajara Assembly,DHL Global Forwarding,Air,Express,Mexico,Rotterdam,Netherlands,"Wiring harness, 12-pin",Electrical,2024-08-07,2024-09-05,2024-09-05,2507,2507,9.46,USD,300.84,2100,864.32,876.76,No,No,FOB
PO-2024-2442,Shenzhen Precision Works,UPS Supply Chain,Parcel,Express,China,Rotterdam,Netherlands,"Aluminium enclosure, matte",Housings,2024-08-07,2024-08-30,2024-08-29,578,578,5.86,USD,179.18,11800,620.63,94.20,No,No,DDP
PO-2024-2443,Taipei Micro Systems,Maersk Line,Ocean,Standard,Taiwan,Fort Worth,USA,"Aluminium enclosure, matte",Housings,2024-08-07,2024-08-26,2024-09-11,440,440,6.06,USD,136.40,12100,136.97,91.78,No,No,EXW
PO-2024-2444,Shenzhen Precision Works,UPS Supply Chain,Parcel,Express,China,Rotterdam,Netherlands,USB-C connector module,Electronics,2024-08-08,2024-08-26,2024-09-17,1624,1624,2.22,USD,16.24,11800,315.93,185.18,No,No,CIF
PO-2024-2445,Guadalajara Assembly,Schenker Road,Road,Standard,Mexico,Reno,USA,Display panel 7in IPS,Electronics,2024-08-08,2024-09-02,2024-08-31,2985,2985,55.84,USD,567.15,2100,505.18,6349.20,No,No,CIF
PO-2024-2446,Guadalajara Assembly,UPS Supply Chain,Parcel,Express,Mexico,Rotterdam,Netherlands,Steel bracket set,Housings,2024-08-08,2024-09-11,2024-09-10,441,441,4.74,USD,286.65,2100,586.86,82.03,No,No,CIF
PO-2024-2447,Guadalajara Assembly,Schenker Road,Road,Standard,Mexico,Columbus,USA,Steel bracket set,Housings,2024-08-08,2024-09-05,2024-09-04,4258,4258,4.53,USD,2767.70,2100,2375.64,1113.18,No,No,DDP
PO-2024-2448,Shenzhen Precision Works,UPS Supply Chain,Parcel,Express,China,Rotterdam,Netherlands,"Aluminium enclosure, matte",Housings,2024-08-08,2024-08-30,2024-08-30,1480,1480,6.78,USD,458.80,11800,1143.52,388.41,No,No,FOB
PO-2024-2449,Shenzhen Precision Works,Maersk Line,Ocean,Standard,China,Memphis,USA,Lithium cell pack 5000mAh,Power,2024-08-08,2024-08-17,2024-09-13,2320,2320,18.18,USD,974.40,11800,526.92,2328.89,No,No,CIF
PO-2024-2450,Shenzhen Precision Works,DHL Global Forwarding,Air,Express,China,Reno,USA,Steel bracket set,Housings,2024-08-08,2024-08-30,2024-09-16,3127,3127,4.21,USD,2032.55,11800,5758.15,314.66,No,No,FOB
PO-2024-2451,Shenzhen Precision Works,UPS Supply Chain,Parcel,Express,China,Fort Worth,USA,"Wiring harness, 12-pin",Electrical,2024-08-09,2024-09-11,2024-09-30,4236,4236,9.95,USD,508.32,11800,1236.12,2699.24,No,No,CIF
PO-2024-2452,Hanoi Components Co,Schenker Road,Road,Standard,Vietnam,Reno,USA,Display panel 7in IPS,Electronics,2024-08-09,2024-09-10,2024-09-09,2660,2660,50.80,USD,505.40,13200,574.79,7087.49,No,No,EXW
PO-2024-2453,Taipei Micro Systems,Maersk Line,Ocean,Standard,Taiwan,Reno,USA,"Aluminium enclosure, matte",Housings,2024-08-09,2024-08-24,2024-08-24,203,203,6.12,USD,62.93,12100,102.62,26.85,No,No,EXW
PO-2024-2454,Shenzhen Precision Works,Maersk Line,Ocean,Standard,China,Fort Worth,USA,USB-C connector module,Electronics,2024-08-09,2024-08-19,2024-09-01,635,635,2.32,USD,6.35,11800,74.36,69.06,No,No,FOB
PO-2024-2455,Chennai Industrial Ltd,Maersk Line,Ocean,Standard,India,Reno,USA,Cooling fan 40mm,Thermal,2024-08-09,2024-09-07,2024-09-18,1587,1587,3.72,USD,63.48,13500,111.35,146.17,No,No,EXW
PO-2024-2456,Hanoi Components Co,DHL Global Forwarding,Air,Express,Vietnam,Reno,USA,Cooling fan 40mm,Thermal,2024-08-09,2024-09-09,2024-09-21,799,799,3.79,USD,31.96,13200,534.33,92.20,No,No,EXW
PO-2024-2457,Hanoi Components Co,UPS Supply Chain,Parcel,Express,Vietnam,Rotterdam,Netherlands,Cooling fan 40mm,Thermal,2024-08-09,2024-09-12,2024-09-12,128,128,3.93,USD,5.12,13200,329.01,14.94,No,No,FOB
PO-2024-2458,Ostrava Metalworks,DHL Global Forwarding,Air,Express,Czechia,Reno,USA,PCB assembly rev-C,Electronics,2024-08-10,2024-09-04,2024-09-04,155,155,45.74,USD,12.40,7400,285.01,169.79,No,No,CIF
PO-2024-2459,Guadalajara Assembly,Schenker Road,Road,Standard,Mexico,Reno,USA,"Wiring harness, 12-pin",Electrical,2024-08-10,2024-08-26,2024-08-26,3976,3976,10.45,USD,477.12,2100,428.65,1560.04,No,No,EXW
PO-2024-2460,Guadalajara Assembly,Schenker Road,Road,Standard,Mexico,Fort Worth,USA,PCB assembly rev-C,Electronics,2024-08-10,2024-09-10,2024-09-10,1556,1556,41.18,USD,124.48,2100,128.91,1356.67,No,No,EXW
PO-2024-2461,Ostrava Metalworks,Schenker Road,Road,Standard,Czechia,Columbus,USA,"Wiring harness, 12-pin",Electrical,2024-08-10,2024-08-24,2024-08-26,4229,4229,9.19,USD,507.48,7400,512.76,1980.47,No,No,CIF
PO-2024-2462,Hanoi Components Co,UPS Supply Chain,Parcel,Express,Vietnam,Memphis,USA,"Aluminium enclosure, matte",Housings,2024-08-10,2024-09-13,2024-09-13,609,609,6.27,USD,188.79,13200,672.48,90.28,No,No,FOB
PO-2024-2463,Shenzhen Precision Works,UPS Supply Chain,Parcel,Express,China,Columbus,USA,Cooling fan 40mm,Thermal,2024-08-10,2024-08-19,2024-08-18,1818,1818,3.64,USD,72.72,11800,421.55,198.71,No,No,DDP
PO-2024-2464,Hanoi Components Co,Schenker Road,Road,Standard,Vietnam,Columbus,USA,Cooling fan 40mm,Thermal,2024-08-11,2024-09-06,2024-09-25,3259,3259,3.34,USD,130.36,13200,256.01,660.81,No,No,CIF
PO-2024-2465,Shenzhen Precision Works,Maersk Line,Ocean,Standard,China,Memphis,USA,Steel bracket set,Housings,2024-08-11,2024-09-02,2024-10-03,1294,1294,4.68,USD,841.10,11800,464.60,369.79,No,No,FOB
PO-2024-2466,Hanoi Components Co,Schenker Road,Road,Standard,Vietnam,Reno,USA,Cooling fan 40mm,Thermal,2024-08-11,2024-08-20,2024-09-03,1890,1890,3.49,USD,75.60,13200,209.46,261.30,No,No,DDP
PO-2024-2467,Ostrava Metalworks,DHL Global Forwarding,Air,Express,Czechia,Fort Worth,USA,"Aluminium enclosure, matte",Housings,2024-08-11,2024-08-20,2024-08-19,2676,2676,6.06,USD,829.56,7400,2438.23,999.47,No,No,CIF
PO-2024-2468,Hanoi Components Co,DHL Global Forwarding,Air,Express,Vietnam,Reno,USA,"Aluminium enclosure, matte",Housings,2024-08-11,2024-09-03,2024-09-01,4620,4620,6.85,USD,1432.20,13200,4223.97,1827.68,No,No,CIF
PO-2024-2469,Hanoi Components Co,DHL Global Forwarding,Air,Express,Vietnam,Reno,USA,"Wiring harness, 12-pin",Electrical,2024-08-11,2024-08-23,2024-09-07,3346,3346,9.42,USD,401.52,13200,1508.13,2004.79,No,No,EXW
PO-2024-2470,Taipei Micro Systems,UPS Supply Chain,Parcel,Express,Taiwan,Rotterdam,Netherlands,"Wiring harness, 12-pin",Electrical,2024-08-11,2024-08-29,2024-08-28,1050,1050,10.39,USD,126.00,12100,528.44,285.46,No,No,EXW
PO-2024-2471,Guadalajara Assembly,DHL Global Forwarding,Air,Express,Mexico,Memphis,USA,"Aluminium enclosure, matte",Housings,2024-08-12,2024-09-06,2024-09-11,1713,1713,5.79,USD,531.03,2100,1470.87,266.49,No,No,EXW
PO-2024-2472,Shenzhen Precision Works,Maersk Line,Ocean,Standard,China,Rotterdam,Netherlands,Lithium cell pack 5000mAh,Power,2024-08-12,2024-09-11,2024-10-03,859,859,16.94,USD,360.78,11800,240.05,773.05,No,No,DDP
PO-2024-2473,Taipei Micro Systems,Maersk Line,Ocean,Standard,Taiwan,Columbus,USA,Steel bracket set,Housings,2024-08-12,2024-09-06,2024-09-06,407,407,4.67,USD,264.55,12100,196.88,49.21,No,No,FOB
PO-2024-2474,Ostrava Metalworks,UPS Supply Chain,Parcel,Express,Czechia,Memphis,USA,PCB assembly rev-C,Electronics,2024-08-12,2024-08-21,2024-08-21,985,985,42.85,USD,78.80,7400,326.44,2431.47,No,No,FOB
PO-2024-2475,Chennai Industrial Ltd,Maersk Line,Ocean,Standard,India,Columbus,USA,PCB assembly rev-C,Electronics,2024-08-12,2024-09-15,2024-09-29,1470,1470,39.60,USD,117.60,13500,136.65,2326.64,No,No,FOB
PO-2024-2476,Taipei Micro Systems,Schenker Road,Road,Standard,Taiwan,Memphis,USA,"Wiring harness, 12-pin",Electrical,2024-08-12,2024-09-02,2024-09-02,3244,3244,9.84,USD,389.28,12100,463.99,1410.92,No,No,CIF
PO-2024-2477,Shenzhen Precision Works,Maersk Line,Ocean,Standard,China,Columbus,USA,"Aluminium enclosure, matte",Housings,2024-08-13,2024-09-11,2024-09-24,3473,3473,6.79,USD,1076.63,11800,574.71,1498.99,No,No,DDP
PO-2024-2478,Shenzhen Precision Works,UPS Supply Chain,Parcel,Express,China,Reno,USA,"Wiring harness, 12-pin",Electrical,2024-08-13,2024-09-05,2024-10-06,3632,3632,10.26,USD,435.84,11800,1100.58,2236.37,No,No,EXW
PO-2024-2479,Taipei Micro Systems,DHL Global Forwarding,Air,Express,Taiwan,Columbus,USA,USB-C connector module,Electronics,2024-08-13,2024-08-29,2024-08-29,3790,3790,2.15,USD,37.90,12100,512.48,471.92,No,No,FOB
PO-2024-2480,Shenzhen Precision Works,Schenker Road,Road,Standard,China,Reno,USA,Lithium cell pack 5000mAh,Power,2024-08-13,2024-08-31,2024-08-31,1923,1923,18.48,USD,807.66,11800,816.31,1717.46,No,No,EXW
PO-2024-2481,Shenzhen Precision Works,UPS Supply Chain,Parcel,Express,China,Reno,USA,Steel bracket set,Housings,2024-08-13,2024-09-05,2024-09-05,3086,2736,4.56,USD,2005.90,11800,4036.59,391.90,No,No,CIF
PO-2024-2482,Taipei Micro Systems,DHL Global Forwarding,Air,Express,Taiwan,Columbus,USA,Lithium cell pack 5000mAh,Power,2024-08-13,2024-09-05,2024-09-25,3365,3365,19.00,USD,1413.30,12100,4136.66,3597.49,No,No,DDP
PO-2024-2483,Guadalajara Assembly,DHL Global Forwarding,Air,Express,Mexico,Rotterdam,Netherlands,PCB assembly rev-C,Electronics,2024-08-13,2024-09-04,2024-09-04,4311,4311,42.49,USD,344.88,2100,980.37,11027.64,No,No,EXW
PO-2024-2484,Shenzhen Precision Works,UPS Supply Chain,Parcel,Express,China,Rotterdam,Netherlands,USB-C connector module,Electronics,2024-08-14,2024-09-03,2024-09-02,940,940,2.18,USD,9.40,11800,303.14,94.13,No,No,EXW
PO-2024-2485,Taipei Micro Systems,Schenker Road,Road,Standard,Taiwan,Columbus,USA,Display panel 7in IPS,Electronics,2024-08-14,2024-09-04,2024-09-04,1692,1692,54.79,USD,321.48,12100,406.36,4925.83,No,No,CIF
PO-2024-2486,Guadalajara Assembly,DHL Global Forwarding,Air,Express,Mexico,Fort Worth,USA,PCB assembly rev-C,Electronics,2024-08-14,2024-09-11,2024-09-10,344,344,40.89,USD,27.52,2100,144.13,716.52,No,No,CIF
PO-2024-2487,Shenzhen Precision Works,UPS Supply Chain,Parcel,Express,China,Memphis,USA,USB-C connector module,Electronics,2024-08-14,2024-09-01,2024-08-31,70,70,2.18,USD,0.70,11800,286.87,9.11,No,No,EXW
PO-2024-2488,Shenzhen Precision Works,UPS Supply Chain,Parcel,Express,China,Memphis,USA,Cooling fan 40mm,Thermal,2024-08-14,2024-08-26,2024-09-29,2995,2995,3.67,USD,119.80,11800,509.59,559.98,No,No,FOB
PO-2024-2489,Shenzhen Precision Works,DHL Global Forwarding,Air,Express,China,Fort Worth,USA,Steel bracket set,Housings,2024-08-14,2024-08-25,2024-08-25,4176,4176,3.96,USD,2714.40,11800,7554.82,513.45,No,No,CIF
PO-2024-2490,Chennai Industrial Ltd,Schenker Road,Road,Standard,India,Reno,USA,"Aluminium enclosure, matte",Housings,2024-08-14,2024-09-09,2024-10-06,1591,1591,5.96,USD,493.21,13500,567.73,308.24,No,No,CIF
PO-2024-2491,Shenzhen Precision Works,UPS Supply Chain,Parcel,Express,China,Reno,USA,Lithium cell pack 5000mAh,Power,2024-08-15,2024-08-28,2024-09-25,1502,1502,17.42,USD,630.84,11800,1465.23,1262.98,No,No,FOB
PO-2024-2492,Guadalajara Assembly,Schenker Road,Road,Standard,Mexico,Rotterdam,Netherlands,Cooling fan 40mm,Thermal,2024-08-15,2024-09-15,2024-09-15,2754,2754,3.70,USD,110.16,2100,116.74,651.85,No,No,CIF
PO-2024-2493,Hanoi Components Co,Schenker Road,Road,Standard,Vietnam,Reno,USA,PCB assembly rev-C,Electronics,2024-08-15,2024-09-15,2024-10-04,1212,1212,45.81,USD,96.96,13200,227.62,1990.07,No,No,CIF
PO-2024-2494,Shenzhen Precision Works,Schenker Road,Road,Standard,China,Rotterdam,Netherlands,Display panel 7in IPS,Electronics,2024-08-15,2024-09-17,2024-10-02,448,448,52.97,USD,85.12,11800,202.15,612.79,No,No,DDP
PO-2024-2495,Shenzhen Precision Works,Schenker Road,Road,Standard,China,Memphis,USA,USB-C connector module,Electronics,2024-08-15,2024-09-10,2024-09-22,138,138,2.23,USD,1.38,11800,130.97,8.38,No,No,FOB
PO-2024-2496,Hanoi Components Co,UPS Supply Chain,Parcel,Express,Vietnam,Reno,USA,PCB assembly rev-C,Electronics,2024-08-15,2024-09-11,2024-09-24,369,369,40.21,USD,29.52,13200,374.64,734.67,Yes,Yes,CIF
PO-2024-2497,Shenzhen Precision Works,Maersk Line,Ocean,Standard,China,Reno,USA,USB-C connector module,Electronics,2024-08-16,2024-09-13,2024-10-10,4754,4754,2.32,USD,47.54,11800,93.61,462.96,No,No,EXW
PO-2024-2498,Hanoi Components Co,Schenker Road,Road,Standard,Vietnam,Memphis,USA,"Wiring harness, 12-pin",Electrical,2024-08-16,2024-08-29,2024-08-29,3807,3807,10.48,USD,456.84,13200,533.51,1665.39,No,No,CIF
PO-2024-2499,Hanoi Components Co,DHL Global Forwarding,Air,Express,Vietnam,Rotterdam,Netherlands,Cooling fan 40mm,Thermal,2024-08-16,2024-09-06,2024-09-06,711,711,3.93,USD,28.44,13200,525.06,143.60,No,No,EXW
PO-2024-2500,Shenzhen Precision Works,Schenker Road,Road,Standard,China,Memphis,USA,Steel bracket set,Housings,2024-08-16,2024-09-14,2024-10-04,2237,2237,4.70,USD,1454.05,11800,1365.74,370.61,No,No,FOB
PO-2024-2501,Ostrava Metalworks,Schenker Road,Road,Standard,Czechia,Rotterdam,Netherlands,Display panel 7in IPS,Electronics,2024-08-16,2024-09-18,2024-09-18,2628,2628,54.29,USD,499.32,7400,505.82,5866.65,No,No,CIF
PO-2024-2502,Shenzhen Precision Works,DHL Global Forwarding,Air,Express,China,Fort Worth,USA,Steel bracket set,Housings,2024-08-16,2024-08-30,2024-08-30,1777,1777,4.10,USD,1155.05,11800,3445.94,347.58,No,No,DDP
PO-2024-2503,Taipei Micro Systems,UPS Supply Chain,Parcel,Express,Taiwan,Rotterdam,Netherlands,Lithium cell pack 5000mAh,Power,2024-08-16,2024-09-16,2024-09-16,988,988,17.44,USD,414.96,12100,1068.80,407.98,No,No,CIF
PO-2024-2504,Hanoi Components Co,Schenker Road,Road,Standard,Vietnam,Columbus,USA,Display panel 7in IPS,Electronics,2024-08-17,2024-09-13,2024-09-12,2081,2081,50.67,USD,395.39,13200,481.28,5586.97,No,No,FOB
PO-2024-2505,Hanoi Components Co,Schenker Road,Road,Standard,Vietnam,Rotterdam,Netherlands,"Aluminium enclosure, matte",Housings,2024-08-17,2024-09-09,2024-09-09,389,333,6.18,USD,120.59,13200,247.70,84.71,No,No,DDP
PO-2024-2506,Chennai Industrial Ltd,DHL Global Forwarding,Air,Express,India,Columbus,USA,Steel bracket set,Housings,2024-08-17,2024-09-03,2024-09-01,1333,1333,4.32,USD,866.45,13500,2743.45,219.89,No,No,CIF
PO-2024-2507,Shenzhen Precision Works,Schenker Road,Road,Standard,China,Rotterdam,Netherlands,Steel bracket set,Housings,2024-08-17,2024-09-09,2024-09-29,3182,3182,4.35,USD,2068.30,11800,1887.86,750.12,No,No,CIF
PO-2024-2508,Shenzhen Precision Works,Maersk Line,Ocean,Standard,China,Reno,USA,"Aluminium enclosure, matte",Housings,2024-08-17,2024-08-26,2024-09-28,1723,1723,6.61,USD,534.13,11800,321.10,561.65,No,No,FOB
PO-2024-2509,Shenzhen Precision Works,Maersk Line,Ocean,Standard,China,Columbus,USA,"Wiring harness, 12-pin",Electrical,2024-08-17,2024-08-28,2024-09-23,4795,4795,9.91,USD,575.40,11800,340.39,1333.53,No,No,DDP
PO-2024-2510,Hanoi Components Co,DHL Global Forwarding,Air,Express,Vietnam,Memphis,USA,Cooling fan 40mm,Thermal,2024-08-18,2024-09-06,2024-09-06,706,706,3.73,USD,28.24,13200,524.53,144.85,No,No,DDP
PO-2024-2511,Guadalajara Assembly,UPS Supply Chain,Parcel,Express,Mexico,Columbus,USA,Display panel 7in IPS,Electronics,2024-08-18,2024-09-13,2024-09-11,1758,1758,52.91,USD,334.02,2100,675.44,2882.48,No,No,EXW
PO-2024-2512,Hanoi Components Co,Maersk Line,Ocean,Standard,Vietnam,Rotterdam,Netherlands,Display panel 7in IPS,Electronics,2024-08-18,2024-09-14,2024-09-13,4485,4485,55.77,USD,852.15,13200,478.24,9334.75,No,No,DDP
PO-2024-2513,Chennai Industrial Ltd,Maersk Line,Ocean,Standard,India,Reno,USA,USB-C connector module,Electronics,2024-08-18,2024-09-05,2024-10-01,4494,4494,2.00,USD,44.94,13500,102.68,350.80,No,No,CIF
PO-2024-2514,Hanoi Components Co,Maersk Line,Ocean,Standard,Vietnam,Reno,USA,"Wiring harness, 12-pin",Electrical,2024-08-18,2024-09-18,2024-10-02,4775,4775,10.33,USD,573.00,13200,347.74,2977.40,Yes,No,FOB
PO-2024-2515,Hanoi Components Co,UPS Supply Chain,Parcel,Express,Vietnam,Memphis,USA,"Wiring harness, 12-pin",Electrical,2024-08-18,2024-09-19,2024-10-01,4611,4611,9.44,USD,553.32,13200,1354.15,2050.16,No,No,FOB
PO-2024-2516,Hanoi Components Co,DHL Global Forwarding,Air,Express,Vietnam,Columbus,USA,Display panel 7in IPS,Electronics,2024-08-18,2024-08-28,2024-09-08,4174,4174,49.71,USD,793.06,13200,2539.83,13278.63,No,No,EXW
PO-2024-2517,Ostrava Metalworks,Schenker Road,Road,Standard,Czechia,Rotterdam,Netherlands,Lithium cell pack 5000mAh,Power,2024-08-19,2024-08-28,2024-08-26,675,675,18.70,USD,283.50,7400,322.38,418.06,No,No,FOB
PO-2024-2518,Ostrava Metalworks,Maersk Line,Ocean,Standard,Czechia,Fort Worth,USA,Display panel 7in IPS,Electronics,2024-08-19,2024-09-12,2024-09-12,884,884,57.82,USD,167.96,7400,123.29,1823.05,No,No,CIF
PO-2024-2519,Shenzhen Precision Works,Maersk Line,Ocean,Standard,China,Columbus,USA,PCB assembly rev-C,Electronics,2024-08-19,2024-09-12,2024-10-02,3517,3517,41.22,USD,281.36,11800,202.93,6325.85,No,No,FOB
PO-2024-2520,Hanoi Components Co,UPS Supply Chain,Parcel,Express,Vietnam,Memphis,USA,"Wiring harness, 12-pin",Electrical,2024-08-19,2024-09-12,2024-09-24,531,531,9.25,USD,63.72,13200,438.60,257.83,No,No,EXW
PO-2024-2521,Taipei Micro Systems,Maersk Line,Ocean,Standard,Taiwan,Rotterdam,Netherlands,USB-C connector module,Electronics,2024-08-19,2024-08-30,2024-09-14,66,66,2.11,USD,0.66,12100,73.51,4.07,Yes,Yes,DDP
PO-2024-2522,Taipei Micro Systems,DHL Global Forwarding,Air,Express,Taiwan,Fort Worth,USA,PCB assembly rev-C,Electronics,2024-08-19,2024-09-06,2024-09-06,2600,2600,39.66,USD,208.00,12100,960.69,2163.98,No,No,EXW
PO-2024-2523,Hanoi Components Co,Maersk Line,Ocean,Standard,Vietnam,Memphis,USA,"Wiring harness, 12-pin",Electrical,2024-08-19,2024-09-06,2024-09-06,4365,4365,9.92,USD,523.80,13200,324.74,907.16,Yes,Yes,CIF
PO-2024-2524,Guadalajara Assembly,DHL Global Forwarding,Air,Express,Mexico,Rotterdam,Netherlands,"Aluminium enclosure, matte",Housings,2024-08-20,2024-09-11,2024-09-11,1741,1741,6.58,USD,539.71,2100,1493.75,398.05,No,No,DDP
PO-2024-2525,Chennai Industrial Ltd,Schenker Road,Road,Standard,India,Rotterdam,Netherlands,"Aluminium enclosure, matte",Housings,2024-08-20,2024-09-19,2024-10-23,4244,4244,6.89,USD,1315.64,13500,1266.79,1366.91,No,No,FOB
PO-2024-2526,Taipei Micro Systems,Schenker Road,Road,Standard,Taiwan,Fort Worth,USA,Cooling fan 40mm,Thermal,2024-08-20,2024-09-18,2024-10-11,2393,2393,3.89,USD,95.72,12100,214.46,475.54,No,No,DDP
PO-2024-2527,Ostrava Metalworks,DHL Global Forwarding,Air,Express,Czechia,Rotterdam,Netherlands,Cooling fan 40mm,Thermal,2024-08-20,2024-09-01,2024-09-01,2589,2589,3.68,USD,103.56,7400,525.22,369.20,No,No,FOB
PO-2024-2528,Guadalajara Assembly,UPS Supply Chain,Parcel,Express,Mexico,Memphis,USA,"Wiring harness, 12-pin",Electrical,2024-08-20,2024-09-03,2024-09-02,3961,3961,10.39,USD,475.32,2100,939.67,2595.83,No,No,EXW
PO-2024-2529,Chennai Industrial Ltd,DHL Global Forwarding,Air,Express,India,Fort Worth,USA,Lithium cell pack 5000mAh,Power,2024-08-20,2024-09-13,2024-09-13,2498,2498,17.05,USD,1049.16,13500,3224.89,2170.33,No,No,EXW
PO-2024-2530,Shenzhen Precision Works,Maersk Line,Ocean,Standard,China,Columbus,USA,"Aluminium enclosure, matte",Housings,2024-08-21,2024-09-06,2024-09-26,1348,1348,6.12,USD,417.88,11800,266.75,282.58,No,No,FOB
PO-2024-2531,Shenzhen Precision Works,DHL Global Forwarding,Air,Express,China,Memphis,USA,USB-C connector module,Electronics,2024-08-21,2024-09-05,2024-09-18,501,501,2.39,USD,5.01,11800,415.58,73.44,No,No,CIF
PO-2024-2532,Taipei Micro Systems,UPS Supply Chain,Parcel,Express,Taiwan,Rotterdam,Netherlands,Steel bracket set,Housings,2024-08-21,2024-09-14,2024-09-12,174,174,4.15,USD,113.10,12100,504.32,16.45,No,No,DDP
PO-2024-2533,Hanoi Components Co,UPS Supply Chain,Parcel,Express,Vietnam,Columbus,USA,Steel bracket set,Housings,2024-08-21,2024-09-19,2024-09-19,519,519,3.99,USD,337.35,13200,950.28,80.04,No,No,CIF
PO-2024-2534,Guadalajara Assembly,UPS Supply Chain,Parcel,Express,Mexico,Fort Worth,USA,Cooling fan 40mm,Thermal,2024-08-21,2024-08-31,2024-08-30,1091,1091,3.74,USD,43.64,2100,132.43,137.19,No,No,EXW
PO-2024-2535,Hanoi Components Co,Maersk Line,Ocean,Standard,Vietnam,Reno,USA,USB-C connector module,Electronics,2024-08-21,2024-09-17,2024-09-27,3696,3696,2.07,USD,36.96,13200,97.14,492.98,No,No,FOB
PO-2024-2536,Chennai Industrial Ltd,Schenker Road,Road,Standard,India,Memphis,USA,Display panel 7in IPS,Electronics,2024-08-21,2024-09-03,2024-09-24,2163,2163,57.01,USD,410.97,13500,497.82,5691.52,No,No,DDP
PO-2024-2537,Guadalajara Assembly,DHL Global Forwarding,Air,Express,Mexico,Fort Worth,USA,Steel bracket set,Housings,2024-08-22,2024-09-24,2024-09-30,2601,2601,4.64,USD,1690.65,2100,4526.47,338.16,No,No,EXW
PO-2024-2538,Shenzhen Precision Works,Maersk Line,Ocean,Standard,China,Rotterdam,Netherlands,Lithium cell pack 5000mAh,Power,2024-08-22,2024-09-01,2024-09-16,3168,3168,19.43,USD,1330.56,11800,693.43,3080.56,No,No,CIF
PO-2024-2539,Guadalajara Assembly,Schenker Road,Road,Standard,Mexico,Columbus,USA,PCB assembly rev-C,Electronics,2024-08-22,2024-09-07,2024-09-07,901,901,44.36,USD,72.08,2100,84.37,2523.86,No,No,DDP
PO-2024-2540,Guadalajara Assembly,Maersk Line,Ocean,Standard,Mexico,Columbus,USA,PCB assembly rev-C,Electronics,2024-08-22,2024-09-06,2024-09-05,3107,3107,45.11,USD,248.56,2100,128.91,4421.12,No,No,DDP
PO-2024-2541,Hanoi Components Co,Schenker Road,Road,Standard,Vietnam,Rotterdam,Netherlands,Steel bracket set,Housings,2024-08-22,2024-09-01,2024-09-06,1538,1538,4.74,USD,999.70,13200,994.94,263.67,No,No,FOB
PO-2024-2542,Guadalajara Assembly,Schenker Road,Road,Standard,Mexico,Memphis,USA,USB-C connector module,Electronics,2024-08-22,2024-09-09,2024-09-09,4015,4015,2.33,USD,40.15,2100,57.23,547.93,No,No,FOB
PO-2024-2543,Hanoi Components Co,Maersk Line,Ocean,Standard,Vietnam,Columbus,USA,PCB assembly rev-C,Electronics,2024-08-23,2024-09-08,2024-09-16,466,466,44.76,USD,37.28,13200,97.29,1116.68,No,No,CIF
PO-2024-2544,Guadalajara Assembly,Schenker Road,Road,Standard,Mexico,Reno,USA,Display panel 7in IPS,Electronics,2024-08-23,2024-09-06,2024-09-06,2348,2213,56.20,USD,446.12,2100,402.30,5382.56,No,No,CIF
PO-2024-2545,Guadalajara Assembly,Maersk Line,Ocean,Standard,Mexico,Reno,USA,Cooling fan 40mm,Thermal,2024-08-23,2024-09-17,2024-09-21,1315,1315,3.60,USD,52.60,2100,37.30,125.67,No,No,FOB
PO-2024-2546,Taipei Micro Systems,Maersk Line,Ocean,Standard,Taiwan,Memphis,USA,Display panel 7in IPS,Electronics,2024-08-23,2024-09-14,2024-09-25,4455,4455,53.68,USD,846.45,12100,468.92,10895.94,No,No,DDP
PO-2024-2547,Shenzhen Precision Works,DHL Global Forwarding,Air,Express,China,Reno,USA,Cooling fan 40mm,Thermal,2024-08-23,2024-09-02,2024-09-02,3781,3781,3.98,USD,151.24,11800,800.90,866.84,No,No,EXW
PO-2024-2548,Shenzhen Precision Works,Schenker Road,Road,Standard,China,Columbus,USA,Lithium cell pack 5000mAh,Power,2024-08-23,2024-09-09,2024-09-18,4763,4763,18.39,USD,2000.46,11800,1830.19,5035.56,No,No,CIF
PO-2024-2549,Ostrava Metalworks,Schenker Road,Road,Standard,Czechia,Memphis,USA,Lithium cell pack 5000mAh,Power,2024-08-23,2024-09-19,2024-09-24,2014,2014,17.45,USD,845.88,7400,800.40,1087.77,No,No,FOB
PO-2024-2550,Shenzhen Precision Works,UPS Supply Chain,Parcel,Express,China,Reno,USA,USB-C connector module,Electronics,2024-08-24,2024-09-11,2024-10-06,356,356,2.36,USD,3.56,11800,292.22,48.96,No,No,CIF
PO-2024-2551,Hanoi Components Co,Maersk Line,Ocean,Standard,Vietnam,Memphis,USA,PCB assembly rev-C,Electronics,2024-08-24,2024-09-21,2024-09-19,4233,4233,44.49,USD,338.64,13200,238.17,9134.69,No,No,EXW
PO-2024-2552,Shenzhen Precision Works,Schenker Road,Road,Standard,China,Columbus,USA,"Aluminium enclosure, matte",Housings,2024-08-24,2024-09-16,2024-10-17,1184,1184,6.90,USD,367.04,11800,441.78,284.00,No,No,CIF
PO-2024-2553,Shenzhen Precision Works,Maersk Line,Ocean,Standard,China,Columbus,USA,Cooling fan 40mm,Thermal,2024-08-24,2024-09-27,2024-10-09,1325,1325,3.51,USD,53.00,11800,96.17,278.06,No,No,EXW
PO-2024-2554,Chennai Industrial Ltd,UPS Supply Chain,Parcel,Express,India,Rotterdam,Netherlands,"Wiring harness, 12-pin",Electrical,2024-08-24,2024-09-24,2024-09-24,4738,4738,9.68,USD,568.56,13500,1389.91,2024.69,No,No,DDP
PO-2024-2555,Chennai Industrial Ltd,Maersk Line,Ocean,Standard,India,Reno,USA,PCB assembly rev-C,Electronics,2024-08-24,2024-09-08,2024-10-01,2002,2002,43.56,USD,160.16,13500,156.55,1916.13,No,No,FOB
PO-2024-2556,Guadalajara Assembly,DHL Global Forwarding,Air,Express,Mexico,Rotterdam,Netherlands,Display panel 7in IPS,Electronics,2024-08-24,2024-09-12,2024-09-12,3624,3624,57.12,USD,688.56,2100,1885.97,7711.07,No,No,EXW
PO-2024-2557,Shenzhen Precision Works,Maersk Line,Ocean,Standard,China,Rotterdam,Netherlands,USB-C connector module,Electronics,2024-08-25,2024-09-19,2024-10-04,4436,4436,2.30,USD,44.36,11800,92.13,469.02,No,No,EXW
PO-2024-2558,Shenzhen Precision Works,UPS Supply Chain,Parcel,Express,China,Fort Worth,USA,Cooling fan 40mm,Thermal,2024-08-25,2024-09-19,2024-09-19,4520,3977,3.53,USD,180.80,11800,623.66,613.41,No,No,CIF
PO-2024-2559,Shenzhen Precision Works,DHL Global Forwarding,Air,Express,China,Columbus,USA,Lithium cell pack 5000mAh,Power,2024-08-25,2024-09-16,2024-10-06,4406,4406,17.70,USD,1850.52,11800,5278.50,1965.66,No,No,FOB
PO-2024-2560,Shenzhen Precision Works,Schenker Road,Road,Standard,China,Columbus,USA,USB-C connector module,Electronics,2024-08-25,2024-09-21,2024-10-10,2381,2381,2.08,USD,23.81,11800,150.04,148.58,No,No,DDP
PO-2024-2561,Guadalajara Assembly,Maersk Line,Ocean,Standard,Mexico,Reno,USA,Cooling fan 40mm,Thermal,2024-08-25,2024-09-03,2024-09-03,1499,1499,3.97,USD,59.96,2100,40.74,172.19,No,No,DDP
PO-2024-2562,Shenzhen Precision Works,DHL Global Forwarding,Air,Express,China,Reno,USA,Display panel 7in IPS,Electronics,2024-08-25,2024-09-28,2024-10-14,959,959,51.88,USD,182.21,11800,882.50,2584.93,No,No,FOB
PO-2024-2563,Chennai Industrial Ltd,Maersk Line,Ocean,Standard,India,Fort Worth,USA,Steel bracket set,Housings,2024-08-26,2024-09-07,2024-09-27,2383,1931,4.31,USD,1548.95,13500,805.81,346.37,No,No,DDP
PO-2024-2564,Hanoi Components Co,Maersk Line,Ocean,Standard,Vietnam,Columbus,USA,Cooling fan 40mm,Thermal,2024-08-26,2024-09-17,2024-10-01,4241,4241,3.39,USD,169.64,13200,159.17,912.29,No,No,CIF
PO-2024-2565,Hanoi Components Co,Maersk Line,Ocean,Standard,Vietnam,Memphis,USA,Cooling fan 40mm,Thermal,2024-08-26,2024-09-27,2024-10-04,115,115,3.58,USD,4.60,13200,82.01,14.50,No,No,FOB
PO-2024-2566,Guadalajara Assembly,DHL Global Forwarding,Air,Express,Mexico,Memphis,USA,Cooling fan 40mm,Thermal,2024-08-26,2024-09-21,2024-09-21,3779,3779,3.82,USD,151.16,2100,469.92,527.43,No,No,EXW
PO-2024-2567,Hanoi Components Co,UPS Supply Chain,Parcel,Express,Vietnam,Columbus,USA,USB-C connector module,Electronics,2024-08-26,2024-09-16,2024-09-14,2093,2093,2.21,USD,20.93,13200,358.58,112.14,No,No,EXW
PO-2024-2568,Guadalajara Assembly,UPS Supply Chain,Parcel,Express,Mexico,Rotterdam,Netherlands,PCB assembly rev-C,Electronics,2024-08-26,2024-09-20,2024-09-20,233,233,39.81,USD,18.64,2100,85.68,449.87,No,No,DDP
PO-2024-2569,Shenzhen Precision Works,Maersk Line,Ocean,Standard,China,Fort Worth,USA,Display panel 7in IPS,Electronics,2024-08-26,2024-09-05,2024-09-15,2273,2273,54.39,USD,431.87,11800,273.29,5838.45,No,No,EXW
PO-2024-2570,Taipei Micro Systems,Maersk Line,Ocean,Standard,Taiwan,Rotterdam,Netherlands,USB-C connector module,Electronics,2024-08-27,2024-09-18,2024-09-28,3242,3242,2.11,USD,32.42,12100,88.36,201.17,No,No,CIF
PO-2024-2571,Taipei Micro Systems,DHL Global Forwarding,Air,Express,Taiwan,Reno,USA,"Aluminium enclosure, matte",Housings,2024-08-27,2024-09-26,2024-09-24,2504,2504,6.73,USD,776.24,12100,2458.00,458.50,No,No,DDP
PO-2024-2572,Shenzhen Precision Works,DHL Global Forwarding,Air,Express,China,Reno,USA,Steel bracket set,Housings,2024-08-27,2024-09-13,2024-09-23,2071,2071,4.06,USD,1346.15,11800,3949.49,406.12,No,No,DDP
PO-2024-2573,Ostrava Metalworks,Maersk Line,Ocean,Standard,Czechia,Rotterdam,Netherlands,Cooling fan 40mm,Thermal,2024-08-27,2024-09-08,2024-09-07,2171,2171,3.81,USD,86.84,7400,85.37,503.97,No,No,DDP
PO-2024-2574,Shenzhen Precision Works,Schenker Road,Road,Standard,China,Reno,USA,Cooling fan 40mm,Thermal,2024-08-27,2024-09-27,2024-10-19,2916,2916,3.47,USD,116.64,11800,228.94,641.79,No,No,DDP
PO-2024-2575,Hanoi Components Co,Maersk Line,Ocean,Standard,Vietnam,Reno,USA,Cooling fan 40mm,Thermal,2024-08-27,2024-09-16,2024-09-16,3830,3830,3.41,USD,153.20,13200,151.48,767.76,No,No,DDP
PO-2024-2576,Taipei Micro Systems,Schenker Road,Road,Standard,Taiwan,Columbus,USA,"Aluminium enclosure, matte",Housings,2024-08-28,2024-09-09,2024-09-09,1153,1153,5.84,USD,357.43,12100,436.92,192.23,No,No,CIF
PO-2024-2577,Guadalajara Assembly,UPS Supply Chain,Parcel,Express,Mexico,Reno,USA,Cooling fan 40mm,Thermal,2024-08-28,2024-10-01,2024-10-01,4328,4328,3.87,USD,173.12,2100,374.55,682.64,No,No,CIF
PO-2024-2578,Hanoi Components Co,DHL Global Forwarding,Air,Express,Vietnam,Memphis,USA,Display panel 7in IPS,Electronics,2024-08-28,2024-09-13,2024-09-13,4228,4228,52.69,USD,803.32,13200,2566.87,10400.87,No,No,DDP
PO-2024-2579,Shenzhen Precision Works,DHL Global Forwarding,Air,Express,China,Reno,USA,Display panel 7in IPS,Electronics,2024-08-28,2024-09-27,2024-09-25,4232,4232,58.93,USD,804.08,11800,2521.13,6751.94,No,No,CIF
PO-2024-2580,Guadalajara Assembly,UPS Supply Chain,Parcel,Express,Mexico,Memphis,USA,PCB assembly rev-C,Electronics,2024-08-28,2024-09-24,2024-09-23,3881,3881,42.00,USD,310.48,2100,631.42,5684.99,No,No,EXW
PO-2024-2581,Chennai Industrial Ltd,Maersk Line,Ocean,Standard,India,Fort Worth,USA,Steel bracket set,Housings,2024-08-28,2024-09-11,2024-10-11,4430,4430,4.62,USD,2879.50,13500,1427.84,903.66,Yes,Yes,EXW
PO-2024-2582,Hanoi Components Co,DHL Global Forwarding,Air,Express,Vietnam,Memphis,USA,Steel bracket set,Housings,2024-08-28,2024-09-17,2024-09-17,2082,2082,4.37,USD,1353.30,13200,4016.07,201.84,No,No,DDP
PO-2024-2583,Hanoi Components Co,Schenker Road,Road,Standard,Vietnam,Columbus,USA,Display panel 7in IPS,Electronics,2024-08-29,2024-09-07,2024-09-07,1257,1257,55.49,USD,238.83,13200,348.21,3984.26,No,No,EXW
PO-2024-2584,Shenzhen Precision Works,DHL Global Forwarding,Air,Express,China,Memphis,USA,"Aluminium enclosure, matte",Housings,2024-08-29,2024-09-10,2024-09-09,2769,2769,5.94,USD,858.39,11800,2664.24,978.82,No,No,CIF
PO-2024-2585,Chennai Industrial Ltd,DHL Global Forwarding,Air,Express,India,Memphis,USA,Cooling fan 40mm,Thermal,2024-08-29,2024-09-20,2024-09-18,138,117,3.78,USD,5.52,13500,474.90,11.29,No,No,EXW
PO-2024-2586,Taipei Micro Systems,DHL Global Forwarding,Air,Express,Taiwan,Memphis,USA,"Aluminium enclosure, matte",Housings,2024-08-29,2024-09-21,2024-10-03,2896,2542,6.54,USD,897.76,12100,2778.21,517.77,No,No,DDP
PO-2024-2587,Hanoi Components Co,UPS Supply Chain,Parcel,Express,Vietnam,Columbus,USA,Cooling fan 40mm,Thermal,2024-08-29,2024-09-07,2024-09-05,3301,3301,3.69,USD,132.04,13200,566.35,762.31,No,No,DDP
PO-2024-2588,Chennai Industrial Ltd,UPS Supply Chain,Parcel,Express,India,Columbus,USA,Lithium cell pack 5000mAh,Power,2024-08-29,2024-10-01,2024-10-21,4150,4150,18.26,USD,1743.00,13500,3586.11,4777.17,No,No,CIF
PO-2024-2589,Hanoi Components Co,DHL Global Forwarding,Air,Express,Vietnam,Columbus,USA,"Aluminium enclosure, matte",Housings,2024-08-29,2024-09-25,2024-10-01,1977,1977,6.76,USD,612.87,13200,2065.03,762.11,No,No,FOB
PO-2024-2590,Ostrava Metalworks,DHL Global Forwarding,Air,Express,Czechia,Memphis,USA,Display panel 7in IPS,Electronics,2024-08-30,2024-09-13,2024-09-12,2033,2033,49.79,USD,386.27,7400,1270.16,3196.35,No,No,FOB
PO-2024-2591,Hanoi Components Co,DHL Global Forwarding,Air,Express,Vietnam,Reno,USA,Cooling fan 40mm,Thermal,2024-08-30,2024-09-23,2024-10-04,4037,4037,3.75,USD,161.48,13200,875.62,593.33,No,No,DDP
PO-2024-2592,Chennai Industrial Ltd,UPS Supply Chain,Parcel,Express,India,Rotterdam,Netherlands,Steel bracket set,Housings,2024-08-30,2024-09-21,2024-09-21,2550,2550,4.55,USD,1657.50,13500,3426.23,627.63,No,No,CIF
PO-2024-2593,Shenzhen Precision Works,DHL Global Forwarding,Air,Express,China,Columbus,USA,"Wiring harness, 12-pin",Electrical,2024-08-30,2024-09-23,2024-09-23,4185,4185,9.38,USD,502.20,11800,1725.68,2482.33,No,No,FOB
PO-2024-2594,Shenzhen Precision Works,UPS Supply Chain,Parcel,Express,China,Columbus,USA,USB-C connector module,Electronics,2024-08-30,2024-09-12,2024-09-12,514,514,2.24,USD,5.14,11800,295.17,46.77,No,No,CIF
PO-2024-2595,Ostrava Metalworks,Maersk Line,Ocean,Standard,Czechia,Memphis,USA,Lithium cell pack 5000mAh,Power,2024-08-30,2024-09-30,2024-09-30,4105,4105,17.40,USD,1724.10,7400,850.79,2076.02,No,No,FOB
PO-2024-2596,Guadalajara Assembly,UPS Supply Chain,Parcel,Express,Mexico,Fort Worth,USA,PCB assembly rev-C,Electronics,2024-08-31,2024-09-16,2024-09-19,164,164,41.34,USD,13.12,2100,75.35,392.59,No,No,DDP
PO-2024-2597,Taipei Micro Systems,Schenker Road,Road,Standard,Taiwan,Memphis,USA,Cooling fan 40mm,Thermal,2024-08-31,2024-09-11,2024-09-11,4677,4677,3.67,USD,187.08,12100,292.12,482.31,No,No,DDP
PO-2024-2598,Hanoi Components Co,Schenker Road,Road,Standard,Vietnam,Memphis,USA,"Wiring harness, 12-pin",Electrical,2024-08-31,2024-09-20,2024-10-10,3402,3402,10.35,USD,408.24,13200,492.20,1811.87,No,No,DDP
PO-2024-2599,Taipei Micro Systems,Schenker Road,Road,Standard,Taiwan,Memphis,USA,Steel bracket set,Housings,2024-08-31,2024-09-20,2024-10-08,722,656,4.56,USD,469.30,12100,532.00,180.93,No,No,FOB
PO-2024-2600,Taipei Micro Systems,Schenker Road,Road,Standard,Taiwan,Reno,USA,PCB assembly rev-C,Electronics,2024-08-31,2024-10-01,2024-09-29,1629,1629,41.19,USD,130.32,12100,243.87,1823.95,No,No,DDP
PO-2024-2601,Shenzhen Precision Works,DHL Global Forwarding,Air,Express,China,Memphis,USA,Lithium cell pack 5000mAh,Power,2024-08-31,2024-09-17,2024-09-22,3864,3864,19.65,USD,1622.88,11800,4678.67,4065.35,No,No,DDP
PO-2024-2602,Guadalajara Assembly,Schenker Road,Road,Standard,Mexico,Fort Worth,USA,Lithium cell pack 5000mAh,Power,2024-08-31,2024-09-26,2024-09-26,310,310,17.52,USD,130.20,2100,133.77,301.29,No,No,DDP
PO-2024-2603,Taipei Micro Systems,Maersk Line,Ocean,Standard,Taiwan,Fort Worth,USA,Steel bracket set,Housings,2024-09-01,2024-09-17,2024-09-17,1795,1525,4.57,USD,1166.75,12100,618.66,190.33,No,No,EXW
PO-2024-2604,Hanoi Components Co,Maersk Line,Ocean,Standard,Vietnam,Fort Worth,USA,Display panel 7in IPS,Electronics,2024-09-01,2024-09-27,2024-10-14,1106,1036,51.55,USD,210.14,13200,178.10,3602.89,No,No,DDP
PO-2024-2605,Shenzhen Precision Works,Schenker Road,Road,Standard,China,Columbus,USA,"Aluminium enclosure, matte",Housings,2024-09-01,2024-09-12,2024-09-12,41,41,6.61,USD,12.71,11800,140.60,8.38,No,No,FOB
PO-2024-2606,Shenzhen Precision Works,Schenker Road,Road,Standard,China,Memphis,USA,Steel bracket set,Housings,2024-09-01,2024-09-19,2024-10-27,1044,1044,4.44,USD,678.60,11800,706.61,139.51,No,No,FOB
PO-2024-2607,Shenzhen Precision Works,DHL Global Forwarding,Air,Express,China,Memphis,USA,USB-C connector module,Electronics,2024-09-01,2024-09-14,2024-09-24,443,443,2.01,USD,4.43,11800,414.05,38.66,No,No,FOB
PO-2024-2608,Shenzhen Precision Works,DHL Global Forwarding,Air,Express,China,Rotterdam,Netherlands,Lithium cell pack 5000mAh,Power,2024-09-01,2024-09-25,2024-09-25,2374,2374,19.29,USD,997.08,11800,3029.69,2007.38,No,No,DDP
PO-2024-2609,Shenzhen Precision Works,UPS Supply Chain,Parcel,Express,China,Rotterdam,Netherlands,"Wiring harness, 12-pin",Electrical,2024-09-02,2024-09-25,2024-10-07,1423,1423,9.91,USD,170.76,11800,604.88,506.86,No,No,EXW
PO-2024-2610,Chennai Industrial Ltd,Maersk Line,Ocean,Standard,India,Memphis,USA,"Aluminium enclosure, matte",Housings,2024-09-02,2024-09-19,2024-09-19,4691,4691,6.17,USD,1454.21,13500,761.52,1308.13,Yes,Yes,EXW
PO-2024-2611,Chennai Industrial Ltd,Schenker Road,Road,Standard,India,Fort Worth,USA,"Wiring harness, 12-pin",Electrical,2024-09-02,2024-10-06,2024-11-11,2236,2236,10.59,USD,268.32,13500,376.57,1145.43,No,No,CIF
PO-2024-2612,Hanoi Components Co,Schenker Road,Road,Standard,Vietnam,Rotterdam,Netherlands,USB-C connector module,Electronics,2024-09-02,2024-09-22,2024-10-09,2555,2555,2.05,USD,25.55,13200,166.92,143.54,No,No,EXW
PO-2024-2613,Shenzhen Precision Works,UPS Supply Chain,Parcel,Express,China,Columbus,USA,Lithium cell pack 5000mAh,Power,2024-09-02,2024-09-19,2024-10-17,426,426,18.69,USD,178.92,11800,620.14,364.61,No,No,DDP
PO-2024-2614,Shenzhen Precision Works,UPS Supply Chain,Parcel,Express,China,Memphis,USA,"Aluminium enclosure, matte",Housings,2024-09-02,2024-10-01,2024-10-13,208,208,6.18,USD,64.48,11800,406.14,29.33,No,No,DDP
PO-2024-2615,Guadalajara Assembly,Maersk Line,Ocean,Standard,Mexico,Fort Worth,USA,"Wiring harness, 12-pin",Electrical,2024-09-02,2024-09-27,2024-09-27,2371,2371,9.25,USD,284.52,2100,145.72,635.53,No,No,EXW
PO-2024-2616,Taipei Micro Systems,Schenker Road,Road,Standard,Taiwan,Columbus,USA,Cooling fan 40mm,Thermal,2024-09-03,2024-09-27,2024-09-26,2021,2021,3.36,USD,80.84,12100,201.81,224.13,No,No,CIF
PO-2024-2617,Shenzhen Precision Works,UPS Supply Chain,Parcel,Express,China,Memphis,USA,PCB assembly rev-C,Electronics,2024-09-03,2024-09-12,2024-10-06,4712,4712,42.29,USD,376.96,11800,990.48,12494.43,No,No,FOB
PO-2024-2618,Ostrava Metalworks,UPS Supply Chain,Parcel,Express,Czechia,Rotterdam,Netherlands,"Aluminium enclosure, matte",Housings,2024-09-03,2024-10-02,2024-10-01,3510,3510,6.85,USD,1088.10,7400,2213.83,1202.31,No,No,CIF
PO-2024-2619,Shenzhen Precision Works,DHL Global Forwarding,Air,Express,China,Columbus,USA,PCB assembly rev-C,Electronics,2024-09-03,2024-09-22,2024-10-14,3185,3185,44.04,USD,254.80,11800,1073.78,3028.58,No,No,DDP
PO-2024-2620,Guadalajara Assembly,UPS Supply Chain,Parcel,Express,Mexico,Memphis,USA,PCB assembly rev-C,Electronics,2024-09-03,2024-09-29,2024-09-29,1948,1948,40.65,USD,155.84,2100,342.24,2904.54,No,No,CIF
PO-2024-2621,Hanoi Components Co,Schenker Road,Road,Standard,Vietnam,Fort Worth,USA,Display panel 7in IPS,Electronics,2024-09-03,2024-09-12,2024-09-12,1347,1347,51.97,USD,255.93,13200,362.74,1848.10,No,No,CIF
PO-2024-2622,Hanoi Components Co,Maersk Line,Ocean,Standard,Vietnam,Fort Worth,USA,PCB assembly rev-C,Electronics,2024-09-04,2024-10-08,2024-10-08,931,931,39.51,USD,74.48,13200,114.68,1177.64,No,No,FOB
PO-2024-2623,Ostrava Metalworks,DHL Global Forwarding,Air,Express,Czechia,Fort Worth,USA,Steel bracket set,Housings,2024-09-04,2024-10-03,2024-10-01,2548,2548,4.21,USD,1656.20,7400,4616.43,308.11,No,No,DDP
PO-2024-2624,Shenzhen Precision Works,UPS Supply Chain,Parcel,Express,China,Memphis,USA,Cooling fan 40mm,Thermal,2024-09-04,2024-09-19,2024-09-19,1461,1461,3.55,USD,58.44,11800,394.84,127.35,No,No,DDP
PO-2024-2625,Ostrava Metalworks,Maersk Line,Ocean,Standard,Czechia,Reno,USA,Cooling fan 40mm,Thermal,2024-09-04,2024-09-15,2024-09-13,2574,2574,3.76,USD,102.96,7400,92.90,402.26,No,No,FOB
PO-2024-2626,Hanoi Components Co,UPS Supply Chain,Parcel,Express,Vietnam,Columbus,USA,Lithium cell pack 5000mAh,Power,2024-09-04,2024-09-27,2024-09-27,628,628,17.34,USD,263.76,13200,812.67,413.57,No,No,FOB
PO-2024-2627,Taipei Micro Systems,UPS Supply Chain,Parcel,Express,Taiwan,Reno,USA,"Wiring harness, 12-pin",Electrical,2024-09-04,2024-10-06,2024-10-06,2845,2845,9.65,USD,341.40,12100,931.24,804.79,No,No,CIF
PO-2024-2628,Chennai Industrial Ltd,Maersk Line,Ocean,Standard,India,Rotterdam,Netherlands,PCB assembly rev-C,Electronics,2024-09-04,2024-09-16,2024-09-30,2177,2177,40.85,USD,174.16,13500,163.09,5543.98,No,No,FOB
PO-2024-2629,Hanoi Components Co,Schenker Road,Road,Standard,Vietnam,Rotterdam,Netherlands,USB-C connector module,Electronics,2024-09-05,2024-09-26,2024-09-26,4351,4351,2.10,USD,43.51,13200,182.18,318.59,No,No,FOB
PO-2024-2630,Chennai Industrial Ltd,DHL Global Forwarding,Air,Express,India,Rotterdam,Netherlands,Lithium cell pack 5000mAh,Power,2024-09-05,2024-09-20,2024-10-28,1083,1083,17.89,USD,454.86,13500,1658.91,398.94,No,No,CIF
PO-2024-2631,Shenzhen Precision Works,UPS Supply Chain,Parcel,Express,China,Memphis,USA,Cooling fan 40mm,Thermal,2024-09-05,2024-09-29,2024-09-27,3267,3267,3.89,USD,130.68,11800,529.93,326.11,No,No,EXW
PO-2024-2632,Taipei Micro Systems,Schenker Road,Road,Standard,Taiwan,Reno,USA,"Wiring harness, 12-pin",Electrical,2024-09-05,2024-09-19,2024-09-18,3319,3319,9.07,USD,398.28,12100,471.64,828.45,No,No,CIF
PO-2024-2633,Shenzhen Precision Works,Schenker Road,Road,Standard,China,Fort Worth,USA,"Wiring harness, 12-pin",Electrical,2024-09-05,2024-09-23,2024-10-14,1639,1639,10.74,USD,196.68,11800,296.98,932.41,No,No,EXW
PO-2024-2634,Hanoi Components Co,DHL Global Forwarding,Air,Express,Vietnam,Memphis,USA,PCB assembly rev-C,Electronics,2024-09-05,2024-09-29,2024-09-29,4689,4689,44.72,USD,375.12,13200,1438.56,12983.81,No,No,FOB
PO-2024-2635,Guadalajara Assembly,UPS Supply Chain,Parcel,Express,Mexico,Reno,USA,Steel bracket set,Housings,2024-09-05,2024-10-08,2024-10-08,2880,2880,4.09,USD,1872.00,2100,3551.46,243.31,No,No,DDP
PO-2024-2636,Shenzhen Precision Works,DHL Global Forwarding,Air,Express,China,Memphis,USA,Lithium cell pack 5000mAh,Power,2024-09-06,2024-09-22,2024-10-18,3485,3485,18.11,USD,1463.70,11800,4259.23,2872.89,No,No,FOB
PO-2024-2637,Shenzhen Precision Works,DHL Global Forwarding,Air,Express,China,Rotterdam,Netherlands,USB-C connector module,Electronics,2024-09-06,2024-09-27,2024-09-27,4561,3659,2.03,USD,45.61,11800,522.56,403.43,No,No,DDP
PO-2024-2638,Ostrava Metalworks,Maersk Line,Ocean,Standard,Czechia,Columbus,USA,"Wiring harness, 12-pin",Electrical,2024-09-06,2024-09-15,2024-09-14,3195,3195,10.53,USD,383.40,7400,224.01,1106.11,No,No,FOB
PO-2024-2639,Taipei Micro Systems,UPS Supply Chain,Parcel,Express,Taiwan,Columbus,USA,Lithium cell pack 5000mAh,Power,2024-09-06,2024-09-22,2024-09-22,42,42,17.98,USD,17.64,12100,325.81,17.10,No,No,DDP
PO-2024-2640,Shenzhen Precision Works,UPS Supply Chain,Parcel,Express,China,Columbus,USA,USB-C connector module,Electronics,2024-09-06,2024-10-03,2024-10-01,3231,3231,2.17,USD,32.31,11800,345.98,238.12,No,No,CIF
PO-2024-2641,Shenzhen Precision Works,Schenker Road,Road,Standard,China,Fort Worth,USA,Steel bracket set,Housings,2024-09-06,2024-09-25,2024-10-20,2615,2615,4.33,USD,1699.75,11800,1574.59,400.55,No,No,EXW
PO-2024-2642,Shenzhen Precision Works,UPS Supply Chain,Parcel,Express,China,Rotterdam,Netherlands,USB-C connector module,Electronics,2024-09-07,2024-10-07,2024-10-16,2795,2795,2.39,USD,27.95,11800,337.83,294.26,No,No,CIF
PO-2024-2643,Guadalajara Assembly,Schenker Road,Road,Standard,Mexico,Rotterdam,Netherlands,USB-C connector module,Electronics,2024-09-07,2024-09-19,2024-09-19,2143,2143,2.31,USD,21.43,2100,41.32,250.43,No,No,FOB
PO-2024-2644,Guadalajara Assembly,Maersk Line,Ocean,Standard,Mexico,Memphis,USA,"Aluminium enclosure, matte",Housings,2024-09-07,2024-09-25,2024-09-25,727,727,6.67,USD,225.37,2100,118.07,124.25,Yes,No,CIF
PO-2024-2645,Taipei Micro Systems,DHL Global Forwarding,Air,Express,Taiwan,Reno,USA,"Aluminium enclosure, matte",Housings,2024-09-07,2024-09-22,2024-09-23,74,74,6.89,USD,22.94,12100,473.06,29.97,No,No,CIF
PO-2024-2646,Guadalajara Assembly,DHL Global Forwarding,Air,Express,Mexico,Reno,USA,Lithium cell pack 5000mAh,Power,2024-09-07,2024-10-05,2024-10-05,4275,4275,18.45,USD,1795.50,2100,4802.75,3551.39,No,No,DDP
PO-2024-2647,Shenzhen Precision Works,Schenker Road,Road,Standard,China,Memphis,USA,Display panel 7in IPS,Electronics,2024-09-07,2024-10-10,2024-11-11,2991,2991,50.53,USD,568.29,11800,612.85,8694.01,No,No,FOB
PO-2024-2648,Shenzhen Precision Works,Maersk Line,Ocean,Standard,China,Rotterdam,Netherlands,Display panel 7in IPS,Electronics,2024-09-07,2024-09-27,2024-10-24,1077,1077,56.73,USD,204.63,11800,167.05,1405.14,No,No,DDP
PO-2024-2649,Guadalajara Assembly,UPS Supply Chain,Parcel,Express,Mexico,Memphis,USA,"Aluminium enclosure, matte",Housings,2024-09-08,2024-10-04,2024-10-03,4509,4509,6.36,USD,1397.79,2100,2664.69,637.05,No,No,DDP
PO-2024-2650,Shenzhen Precision Works,DHL Global Forwarding,Air,Express,China,Columbus,USA,Lithium cell pack 5000mAh,Power,2024-09-08,2024-10-07,2024-10-26,1718,1718,19.84,USD,721.56,11800,2303.69,842.23,No,No,EXW
PO-2024-2651,Shenzhen Precision Works,Schenker Road,Road,Standard,China,Rotterdam,Netherlands,Steel bracket set,Housings,2024-09-08,2024-10-11,2024-10-27,1635,1635,4.15,USD,1062.75,11800,1033.14,266.51,No,No,FOB
PO-2024-2652,Hanoi Components Co,DHL Global Forwarding,Air,Express,Vietnam,Fort Worth,USA,Lithium cell pack 5000mAh,Power,2024-09-08,2024-10-09,2024-10-09,2781,2781,18.55,USD,1168.02,13200,3527.85,3071.10,No,No,EXW
PO-2024-2653,Shenzhen Precision Works,Maersk Line,Ocean,Standard,China,Fort Worth,USA,"Wiring harness, 12-pin",Electrical,2024-09-08,2024-09-30,2024-10-29,2827,2827,9.07,USD,339.24,11800,229.98,1422.44,No,No,DDP
PO-2024-2654,Chennai Industrial Ltd,UPS Supply Chain,Parcel,Express,India,Rotterdam,Netherlands,Cooling fan 40mm,Thermal,2024-09-08,2024-09-18,2024-09-17,3384,3384,3.83,USD,135.36,13500,579.82,712.38,No,No,FOB
PO-2024-2655,Taipei Micro Systems,UPS Supply Chain,Parcel,Express,Taiwan,Memphis,USA,USB-C connector module,Electronics,2024-09-09,2024-09-19,2024-09-19,1720,1720,2.14,USD,17.20,12100,324.98,179.71,No,No,DDP
PO-2024-2656,Shenzhen Precision Works,Maersk Line,Ocean,Standard,China,Reno,USA,"Wiring harness, 12-pin",Electrical,2024-09-09,2024-09-24,2024-10-12,322,322,10.54,USD,38.64,11800,89.45,70.06,No,No,FOB
PO-2024-2657,Hanoi Components Co,DHL Global Forwarding,Air,Express,Vietnam,Reno,USA,Steel bracket set,Housings,2024-09-09,2024-10-09,2024-10-19,4383,4383,4.38,USD,2848.95,13200,7957.10,539.45,No,No,CIF
PO-2024-2658,Shenzhen Precision Works,Schenker Road,Road,Standard,China,Columbus,USA,Cooling fan 40mm,Thermal,2024-09-09,2024-10-12,2024-11-05,190,190,3.63,USD,7.60,11800,136.26,25.83,No,No,CIF
PO-2024-2659,Ostrava Metalworks,UPS Supply Chain,Parcel,Express,Czechia,Memphis,USA,Lithium cell pack 5000mAh,Power,2024-09-09,2024-09-18,2024-09-18,3231,3231,20.36,USD,1357.02,7400,2716.71,4014.54,No,No,EXW
PO-2024-2660,Hanoi Components Co,Schenker Road,Road,Standard,Vietnam,Reno,USA,Display panel 7in IPS,Electronics,2024-09-09,2024-10-09,2024-10-09,4661,4661,56.68,USD,885.59,13200,897.95,16552.51,No,No,CIF
PO-2024-2661,Chennai Industrial Ltd,DHL Global Forwarding,Air,Express,India,Columbus,USA,USB-C connector module,Electronics,2024-09-09,2024-10-12,2024-11-23,2286,2286,2.27,USD,22.86,13500,520.59,321.00,No,No,FOB
PO-2024-2662,Guadalajara Assembly,UPS Supply Chain,Parcel,Express,Mexico,Fort Worth,USA,"Aluminium enclosure, matte",Housings,2024-09-10,2024-10-12,2024-10-12,3084,3084,6.25,USD,956.04,2100,1838.61,499.43,No,No,EXW
PO-2024-2663,Shenzhen Precision Works,Maersk Line,Ocean,Standard,China,Rotterdam,Netherlands,Cooling fan 40mm,Thermal,2024-09-10,2024-09-28,2024-10-19,3210,3210,3.94,USD,128.40,11800,131.42,786.39,No,No,FOB
PO-2024-2664,Guadalajara Assembly,DHL Global Forwarding,Air,Express,Mexico,Memphis,USA,Steel bracket set,Housings,2024-09-10,2024-10-03,2024-10-03,3572,3572,4.30,USD,2321.80,2100,6189.55,913.36,No,No,DDP
PO-2024-2665,Hanoi Components Co,DHL Global Forwarding,Air,Express,Vietnam,Columbus,USA,PCB assembly rev-C,Electronics,2024-09-10,2024-09-20,2024-09-20,1925,1925,42.80,USD,154.00,13200,855.91,2367.54,No,No,DDP
PO-2024-2666,Shenzhen Precision Works,UPS Supply Chain,Parcel,Express,China,Memphis,USA,"Wiring harness, 12-pin",Electrical,2024-09-10,2024-10-06,2024-10-20,2239,2239,10.48,USD,268.68,11800,787.99,1520.17,No,No,DDP
PO-2024-2667,Shenzhen Precision Works,UPS Supply Chain,Parcel,Express,China,Columbus,USA,PCB assembly rev-C,Electronics,2024-09-10,2024-09-24,2024-09-23,4100,4100,45.09,USD,328.00,11800,898.92,3710.65,No,No,FOB
PO-2024-2668,Chennai Industrial Ltd,DHL Global Forwarding,Air,Express,India,Memphis,USA,"Aluminium enclosure, matte",Housings,2024-09-10,2024-09-26,2024-11-12,2481,2481,6.64,USD,769.11,13500,2486.95,928.16,No,No,FOB
PO-2024-2669,Hanoi Components Co,Schenker Road,Road,Standard,Vietnam,Columbus,USA,"Aluminium enclosure, matte",Housings,2024-09-11,2024-09-21,2024-09-19,4626,4626,5.85,USD,1434.06,13200,1364.15,1651.20,No,No,CIF
PO-2024-2670,Guadalajara Assembly,Maersk Line,Ocean,Standard,Mexico,Columbus,USA,Steel bracket set,Housings,2024-09-11,2024-10-01,2024-10-01,2857,2857,4.15,USD,1857.05,2100,880.88,753.77,No,No,DDP
PO-2024-2671,Shenzhen Precision Works,DHL Global Forwarding,Air,Express,China,Memphis,USA,Cooling fan 40mm,Thermal,2024-09-11,2024-10-05,2024-11-03,1630,1630,3.77,USD,65.20,11800,574.18,368.20,No,No,EXW
PO-2024-2672,Shenzhen Precision Works,DHL Global Forwarding,Air,Express,China,Rotterdam,Netherlands,"Wiring harness, 12-pin",Electrical,2024-09-11,2024-09-25,2024-10-22,4404,4404,10.45,USD,528.48,11800,1794.92,2093.36,No,No,DDP
PO-2024-2673,Taipei Micro Systems,Schenker Road,Road,Standard,Taiwan,Rotterdam,Netherlands,USB-C connector module,Electronics,2024-09-11,2024-10-01,2024-10-18,3178,3178,1.99,USD,31.78,12100,160.11,347.40,No,No,EXW
PO-2024-2674,Guadalajara Assembly,Maersk Line,Ocean,Standard,Mexico,Rotterdam,Netherlands,Lithium cell pack 5000mAh,Power,2024-09-11,2024-10-02,2024-10-01,4409,4409,19.77,USD,1851.78,2100,878.41,2629.39,No,No,EXW
PO-2024-2675,Shenzhen Precision Works,UPS Supply Chain,Parcel,Express,China,Memphis,USA,Cooling fan 40mm,Thermal,2024-09-12,2024-10-09,2024-11-03,886,886,3.68,USD,35.44,11800,351.83,207.82,No,No,FOB
PO-2024-2676,Hanoi Components Co,DHL Global Forwarding,Air,Express,Vietnam,Memphis,USA,Display panel 7in IPS,Electronics,2024-09-12,2024-10-04,2024-10-03,2791,2513,52.90,USD,530.29,13200,1847.43,8745.34,No,No,EXW
PO-2024-2677,Taipei Micro Systems,Maersk Line,Ocean,Standard,Taiwan,Memphis,USA,Cooling fan 40mm,Thermal,2024-09-12,2024-09-29,2024-10-05,4673,4673,3.50,USD,186.92,12100,160.59,707.24,No,No,DDP
PO-2024-2678,Taipei Micro Systems,UPS Supply Chain,Parcel,Express,Taiwan,Reno,USA,Cooling fan 40mm,Thermal,2024-09-12,2024-10-15,2024-10-15,371,371,3.63,USD,14.84,12100,320.57,55.73,No,No,DDP
PO-2024-2679,Hanoi Components Co,Schenker Road,Road,Standard,Vietnam,Memphis,USA,PCB assembly rev-C,Electronics,2024-09-12,2024-09-23,2024-09-22,3178,3178,39.19,USD,254.24,13200,361.30,5520.50,Yes,Yes,EXW
PO-2024-2680,Shenzhen Precision Works,UPS Supply Chain,Parcel,Express,China,Rotterdam,Netherlands,"Wiring harness, 12-pin",Electrical,2024-09-12,2024-10-14,2024-10-28,3938,3938,9.79,USD,472.56,11800,1169.25,1892.96,No,No,FOB
PO-2024-2681,Shenzhen Precision Works,Maersk Line,Ocean,Standard,China,Columbus,USA,Cooling fan 40mm,Thermal,2024-09-12,2024-10-16,2024-10-31,987,987,3.37,USD,39.48,11800,89.85,71.65,No,No,CIF
PO-2024-2682,Hanoi Components Co,DHL Global Forwarding,Air,Express,Vietnam,Columbus,USA,Steel bracket set,Housings,2024-09-13,2024-09-28,2024-09-26,60,60,4.43,USD,39.00,13200,552.88,11.88,No,No,CIF
PO-2024-2683,Shenzhen Precision Works,Schenker Road,Road,Standard,China,Fort Worth,USA,Steel bracket set,Housings,2024-09-13,2024-09-24,2024-09-23,1544,1544,4.13,USD,1003.60,11800,982.86,402.68,No,No,CIF
PO-2024-2684,Guadalajara Assembly,UPS Supply Chain,Parcel,Express,Mexico,Memphis,USA,Display panel 7in IPS,Electronics,2024-09-13,2024-10-06,2024-10-06,885,885,56.73,USD,168.15,2100,365.26,1251.06,No,No,EXW
PO-2024-2685,Ostrava Metalworks,Maersk Line,Ocean,Standard,Czechia,Reno,USA,"Aluminium enclosure, matte",Housings,2024-09-13,2024-09-29,2024-09-28,3615,3615,6.91,USD,1120.65,7400,568.67,1274.41,No,No,CIF
PO-2024-2686,Guadalajara Assembly,Schenker Road,Road,Standard,Mexico,Memphis,USA,Steel bracket set,Housings,2024-09-13,2024-10-17,2024-10-22,4374,4374,4.59,USD,2843.10,2100,2439.73,964.57,No,No,FOB
PO-2024-2687,Taipei Micro Systems,Maersk Line,Ocean,Standard,Taiwan,Rotterdam,Netherlands,Cooling fan 40mm,Thermal,2024-09-13,2024-10-10,2024-10-25,2018,2018,3.65,USD,80.72,12100,110.94,314.04,No,No,DDP
PO-2024-2688,Shenzhen Precision Works,Schenker Road,Road,Standard,China,Columbus,USA,Cooling fan 40mm,Thermal,2024-09-14,2024-10-13,2024-11-17,2847,2847,3.76,USD,113.88,11800,226.60,411.15,No,No,FOB
PO-2024-2689,Hanoi Components Co,DHL Global Forwarding,Air,Express,Vietnam,Reno,USA,"Wiring harness, 12-pin",Electrical,2024-09-14,2024-10-15,2024-10-15,2603,2603,9.63,USD,312.36,13200,1273.19,1350.80,No,No,DDP
PO-2024-2690,Chennai Industrial Ltd,Maersk Line,Ocean,Standard,India,Reno,USA,Lithium cell pack 5000mAh,Power,2024-09-14,2024-10-18,2024-11-11,2382,2382,17.86,USD,1000.44,13500,549.38,1749.77,No,No,FOB
PO-2024-2691,Shenzhen Precision Works,UPS Supply Chain,Parcel,Express,China,Memphis,USA,Lithium cell pack 5000mAh,Power,2024-09-14,2024-10-15,2024-10-15,161,161,20.05,USD,67.62,11800,412.01,185.54,No,No,DDP
PO-2024-2692,Ostrava Metalworks,Maersk Line,Ocean,Standard,Czechia,Reno,USA,Cooling fan 40mm,Thermal,2024-09-14,2024-10-11,2024-10-10,1279,1279,3.86,USD,51.16,7400,68.69,108.86,No,No,EXW
PO-2024-2693,Guadalajara Assembly,Schenker Road,Road,Standard,Mexico,Memphis,USA,Display panel 7in IPS,Electronics,2024-09-14,2024-10-15,2024-10-23,3399,3399,50.00,USD,645.81,2100,572.04,4323.37,No,No,CIF
PO-2024-2694,Taipei Micro Systems,Schenker Road,Road,Standard,Taiwan,Memphis,USA,Lithium cell pack 5000mAh,Power,2024-09-14,2024-10-01,2024-10-18,1810,1526,19.57,USD,760.20,12100,779.27,1304.94,No,No,CIF
PO-2024-2695,Taipei Micro Systems,DHL Global Forwarding,Air,Express,Taiwan,Memphis,USA,Lithium cell pack 5000mAh,Power,2024-09-15,2024-10-13,2024-10-26,3058,3058,19.61,USD,1284.36,12100,3796.90,1479.84,No,No,EXW
PO-2024-2696,Hanoi Components Co,Maersk Line,Ocean,Standard,Vietnam,Reno,USA,PCB assembly rev-C,Electronics,2024-09-15,2024-10-18,2024-10-18,2783,2783,42.60,USD,222.64,13200,183.94,4864.53,No,No,EXW
PO-2024-2697,Taipei Micro Systems,UPS Supply Chain,Parcel,Express,Taiwan,Rotterdam,Netherlands,Display panel 7in IPS,Electronics,2024-09-15,2024-10-05,2024-10-05,4800,4800,51.29,USD,912.00,12100,1998.26,9277.08,No,No,EXW
PO-2024-2698,Shenzhen Precision Works,UPS Supply Chain,Parcel,Express,China,Memphis,USA,PCB assembly rev-C,Electronics,2024-09-15,2024-10-18,2024-10-17,1366,1366,41.84,USD,109.28,11800,489.91,2998.09,No,No,EXW
PO-2024-2699,Shenzhen Precision Works,UPS Supply Chain,Parcel,Express,China,Columbus,USA,USB-C connector module,Electronics,2024-09-15,2024-10-01,2024-10-13,3235,3235,2.25,USD,32.35,11800,346.05,356.91,No,No,CIF
PO-2024-2700,Guadalajara Assembly,Maersk Line,Ocean,Standard,Mexico,Reno,USA,Display panel 7in IPS,Electronics,2024-09-15,2024-10-09,2024-10-09,2039,2039,56.62,USD,387.41,2100,193.82,3868.22,No,No,DDP
PO-2024-2701,Hanoi Components Co,Maersk Line,Ocean,Standard,Vietnam,Memphis,USA,Lithium cell pack 5000mAh,Power,2024-09-15,2024-09-25,2024-09-24,4733,4733,17.00,USD,1987.86,13200,1009.18,2213.58,No,No,DDP
PO-2024-2702,Hanoi Components Co,DHL Global Forwarding,Air,Express,Vietnam,Memphis,USA,"Wiring harness, 12-pin",Electrical,2024-09-16,2024-09-25,2024-09-24,1700,1700,9.39,USD,204.00,13200,987.66,325.50,No,No,CIF
PO-2024-2703,Shenzhen Precision Works,UPS Supply Chain,Parcel,Express,China,Fort Worth,USA,"Wiring harness, 12-pin",Electrical,2024-09-16,2024-10-20,2024-10-18,3495,3495,8.97,USD,419.40,11800,1069.84,908.24,No,No,DDP
PO-2024-2704,Hanoi Components Co,UPS Supply Chain,Parcel,Express,Vietnam,Fort Worth,USA,"Aluminium enclosure, matte",Housings,2024-09-16,2024-10-20,2024-10-19,615,615,6.05,USD,190.65,13200,675.96,75.70,No,No,FOB
PO-2024-2705,Hanoi Components Co,DHL Global Forwarding,Air,Express,Vietnam,Memphis,USA,Cooling fan 40mm,Thermal,2024-09-16,2024-09-30,2024-09-30,4014,3325,3.85,USD,160.56,13200,873.20,982.64,No,No,EXW
PO-2024-2706,Taipei Micro Systems,Maersk Line,Ocean,Standard,Taiwan,Columbus,USA,Steel bracket set,Housings,2024-09-16,2024-09-27,2024-10-04,3641,3641,4.21,USD,2366.65,12100,1179.61,510.05,No,No,DDP
PO-2024-2707,Chennai Industrial Ltd,Maersk Line,Ocean,Standard,India,Memphis,USA,Steel bracket set,Housings,2024-09-16,2024-10-02,2024-10-22,318,318,4.00,USD,206.70,13500,178.31,55.90,No,No,FOB
PO-2024-2708,Guadalajara Assembly,UPS Supply Chain,Parcel,Express,Mexico,Fort Worth,USA,Lithium cell pack 5000mAh,Power,2024-09-17,2024-10-16,2024-10-14,728,728,20.37,USD,305.76,2100,622.59,452.56,No,No,EXW
PO-2024-2709,Hanoi Components Co,Schenker Road,Road,Standard,Vietnam,Rotterdam,Netherlands,PCB assembly rev-C,Electronics,2024-09-17,2024-10-16,2024-10-16,3834,3834,39.06,USD,306.72,13200,405.91,3648.07,No,No,CIF
PO-2024-2710,Hanoi Components Co,UPS Supply Chain,Parcel,Express,Vietnam,Fort Worth,USA,"Aluminium enclosure, matte",Housings,2024-09-17,2024-10-07,2024-10-07,4082,4082,6.65,USD,1265.42,13200,2685.78,1711.49,No,No,FOB
PO-2024-2711,Ostrava Metalworks,Schenker Road,Road,Standard,Czechia,Columbus,USA,Steel bracket set,Housings,2024-09-17,2024-10-05,2024-10-03,2570,2320,4.37,USD,1670.50,7400,1501.33,661.19,No,No,EXW
PO-2024-2712,Guadalajara Assembly,Schenker Road,Road,Standard,Mexico,Rotterdam,Netherlands,USB-C connector module,Electronics,2024-09-17,2024-09-29,2024-09-29,4486,4486,2.23,USD,44.86,2100,61.23,336.71,No,No,CIF
PO-2024-2713,Hanoi Components Co,Maersk Line,Ocean,Standard,Vietnam,Columbus,USA,USB-C connector module,Electronics,2024-09-17,2024-10-21,2024-10-20,3597,3168,2.27,USD,35.97,13200,96.68,416.18,No,No,DDP
PO-2024-2714,Hanoi Components Co,UPS Supply Chain,Parcel,Express,Vietnam,Rotterdam,Netherlands,Steel bracket set,Housings,2024-09-17,2024-10-06,2024-10-06,3553,3553,4.64,USD,2309.45,13200,4638.11,856.98,No,No,DDP
PO-2024-2715,Taipei Micro Systems,Schenker Road,Road,Standard,Taiwan,Memphis,USA,Display panel 7in IPS,Electronics,2024-09-18,2024-09-28,2024-09-27,1005,1005,55.84,USD,190.95,12100,295.41,3099.83,No,No,FOB
PO-2024-2716,Hanoi Components Co,Schenker Road,Road,Standard,Vietnam,Reno,USA,"Aluminium enclosure, matte",Housings,2024-09-18,2024-10-10,2024-10-09,1512,1512,6.44,USD,468.72,13200,543.61,248.25,No,No,CIF
PO-2024-2717,Shenzhen Precision Works,Maersk Line,Ocean,Standard,China,Reno,USA,Cooling fan 40mm,Thermal,2024-09-18,2024-10-08,2024-11-15,1484,1484,3.61,USD,59.36,11800,99.14,220.47,No,No,CIF
PO-2024-2718,Shenzhen Precision Works,Maersk Line,Ocean,Standard,China,Rotterdam,Netherlands,Display panel 7in IPS,Electronics,2024-09-18,2024-09-27,2024-10-22,3043,3043,58.49,USD,578.17,11800,341.68,6100.77,No,No,DDP
PO-2024-2719,Ostrava Metalworks,UPS Supply Chain,Parcel,Express,Czechia,Memphis,USA,Display panel 7in IPS,Electronics,2024-09-18,2024-10-03,2024-10-03,3070,3070,54.35,USD,583.30,7400,1269.85,8122.78,No,No,EXW
PO-2024-2720,Guadalajara Assembly,DHL Global Forwarding,Air,Express,Mexico,Columbus,USA,USB-C connector module,Electronics,2024-09-18,2024-10-18,2024-10-18,982,982,2.32,USD,9.82,2100,97.49,46.51,No,No,FOB
PO-2024-2721,Shenzhen Precision Works,DHL Global Forwarding,Air,Express,China,Rotterdam,Netherlands,"Wiring harness, 12-pin",Electrical,2024-09-19,2024-10-23,2024-11-24,2044,1913,9.40,USD,245.28,11800,1048.69,915.80,No,No,EXW
PO-2024-2722,Guadalajara Assembly,DHL Global Forwarding,Air,Express,Mexico,Rotterdam,Netherlands,Lithium cell pack 5000mAh,Power,2024-09-19,2024-10-20,2024-10-18,2528,2528,19.02,USD,1061.76,2100,2869.35,1349.94,No,No,EXW
PO-2024-2723,Chennai Industrial Ltd,Maersk Line,Ocean,Standard,India,Reno,USA,Steel bracket set,Housings,2024-09-19,2024-09-30,2024-11-01,3709,3709,4.19,USD,2410.85,13500,1208.75,750.57,No,No,EXW
PO-2024-2724,Chennai Industrial Ltd,Schenker Road,Road,Standard,India,Rotterdam,Netherlands,Display panel 7in IPS,Electronics,2024-09-19,2024-10-10,2024-10-10,909,767,57.10,USD,172.71,13500,295.30,3052.89,No,No,FOB
PO-2024-2725,Hanoi Components Co,DHL Global Forwarding,Air,Express,Vietnam,Memphis,USA,USB-C connector module,Electronics,2024-09-19,2024-10-12,2024-10-12,1330,1275,2.12,USD,13.30,13200,485.17,90.91,No,No,CIF
PO-2024-2726,Shenzhen Precision Works,UPS Supply Chain,Parcel,Express,China,Reno,USA,"Aluminium enclosure, matte",Housings,2024-09-19,2024-10-11,2024-11-04,2094,2094,6.52,USD,649.14,11800,1499.45,320.13,No,No,CIF
PO-2024-2727,Chennai Industrial Ltd,Schenker Road,Road,Standard,India,Memphis,USA,Cooling fan 40mm,Thermal,2024-09-19,2024-10-03,2024-10-01,311,311,3.52,USD,12.44,13500,159.07,63.90,No,No,DDP
PO-2024-2728,Shenzhen Precision Works,Maersk Line,Ocean,Standard,China,Reno,USA,"Aluminium enclosure, matte",Housings,2024-09-20,2024-10-21,2024-11-21,3950,3950,6.47,USD,1224.50,11800,643.84,1562.93,No,No,DDP
PO-2024-2729,Guadalajara Assembly,Schenker Road,Road,Standard,Mexico,Rotterdam,Netherlands,USB-C connector module,Electronics,2024-09-20,2024-10-11,2024-10-09,4025,4025,2.34,USD,40.25,2100,57.31,561.51,No,No,FOB
PO-2024-2730,Guadalajara Assembly,Maersk Line,Ocean,Standard,Mexico,Rotterdam,Netherlands,"Wiring harness, 12-pin",Electrical,2024-09-20,2024-10-09,2024-10-07,3722,3722,10.55,USD,446.64,2100,221.51,1133.34,No,No,DDP
PO-2024-2731,Guadalajara Assembly,DHL Global Forwarding,Air,Express,Mexico,Memphis,USA,"Wiring harness, 12-pin",Electrical,2024-09-20,2024-10-02,2024-10-10,1575,1575,9.91,USD,189.00,2100,569.62,654.00,No,No,EXW
PO-2024-2732,Chennai Industrial Ltd,DHL Global Forwarding,Air,Express,India,Columbus,USA,Cooling fan 40mm,Thermal,2024-09-20,2024-10-11,2024-10-25,1809,1809,3.88,USD,72.36,13500,651.02,217.89,No,No,DDP
PO-2024-2733,Hanoi Components Co,UPS Supply Chain,Parcel,Express,Vietnam,Columbus,USA,USB-C connector module,Electronics,2024-09-20,2024-10-21,2024-10-21,1115,1115,2.34,USD,11.15,13200,340.29,145.85,No,No,CIF
PO-2024-2734,Shenzhen Precision Works,DHL Global Forwarding,Air,Express,China,Fort Worth,USA,Lithium cell pack 5000mAh,Power,2024-09-20,2024-10-07,2024-10-27,2762,2762,18.35,USD,1160.04,11800,3459.09,2026.31,No,No,CIF
PO-2024-2735,Shenzhen Precision Works,Maersk Line,Ocean,Standard,China,Fort Worth,USA,PCB assembly rev-C,Electronics,2024-09-21,2024-10-21,2024-11-16,2765,2765,44.81,USD,221.20,11800,174.80,3145.49,No,No,EXW
PO-2024-2736,Hanoi Components Co,Schenker Road,Road,Standard,Vietnam,Reno,USA,"Aluminium enclosure, matte",Housings,2024-09-21,2024-10-17,2024-10-17,4674,4674,6.83,USD,1448.94,13200,1376.80,1267.10,No,No,EXW
PO-2024-2737,Taipei Micro Systems,DHL Global Forwarding,Air,Express,Taiwan,Columbus,USA,Lithium cell pack 5000mAh,Power,2024-09-21,2024-10-02,2024-09-30,4316,4316,20.25,USD,1812.72,12100,5189.13,3744.38,No,No,EXW
PO-2024-2738,Hanoi Components Co,Maersk Line,Ocean,Standard,Vietnam,Fort Worth,USA,Steel bracket set,Housings,2024-09-21,2024-10-14,2024-10-14,770,770,4.38,USD,500.50,13200,313.84,209.56,No,No,EXW
PO-2024-2739,Hanoi Components Co,UPS Supply Chain,Parcel,Express,Vietnam,Columbus,USA,PCB assembly rev-C,Electronics,2024-09-21,2024-10-22,2024-10-21,4665,4665,43.25,USD,373.20,13200,1017.32,8467.45,No,No,FOB
PO-2024-2740,Guadalajara Assembly,Maersk Line,Ocean,Standard,Mexico,Rotterdam,Netherlands,PCB assembly rev-C,Electronics,2024-09-21,2024-10-07,2024-10-05,631,631,40.19,USD,50.48,2100,36.30,937.75,No,No,DDP
PO-2024-2741,Shenzhen Precision Works,Maersk Line,Ocean,Standard,China,Reno,USA,Display panel 7in IPS,Electronics,2024-09-22,2024-10-25,2024-11-16,2049,2049,52.44,USD,389.31,11800,253.39,2729.50,No,No,EXW
PO-2024-2742,Ostrava Metalworks,UPS Supply Chain,Parcel,Express,Czechia,Rotterdam,Netherlands,Steel bracket set,Housings,2024-09-22,2024-10-22,2024-10-26,2386,2386,4.75,USD,1550.90,7400,3079.26,621.60,No,No,EXW
PO-2024-2743,Shenzhen Precision Works,UPS Supply Chain,Parcel,Express,China,Rotterdam,Netherlands,Cooling fan 40mm,Thermal,2024-09-22,2024-10-03,2024-10-25,1426,1426,3.62,USD,57.04,11800,392.22,143.25,No,No,DDP
PO-2024-2744,Guadalajara Assembly,DHL Global Forwarding,Air,Express,Mexico,Memphis,USA,PCB assembly rev-C,Electronics,2024-09-22,2024-10-21,2024-10-21,1677,1677,45.11,USD,134.16,2100,425.12,2212.59,No,No,DDP
PO-2024-2745,Shenzhen Precision Works,UPS Supply Chain,Parcel,Express,China,Memphis,USA,"Aluminium enclosure, matte",Housings,2024-09-22,2024-10-11,2024-10-11,3046,3046,5.90,USD,944.26,11800,2051.33,751.15,No,No,CIF
PO-2024-2746,Taipei Micro Systems,Maersk Line,Ocean,Standard,Taiwan,Rotterdam,Netherlands,"Aluminium enclosure, matte",Housings,2024-09-22,2024-10-22,2024-11-07,304,304,6.02,USD,94.24,12100,117.26,110.11,No,No,EXW
PO-2024-2747,Shenzhen Precision Works,Maersk Line,Ocean,Standard,China,Fort Worth,USA,PCB assembly rev-C,Electronics,2024-09-22,2024-10-02,2024-10-15,3773,3773,43.01,USD,301.84,11800,212.50,3622.79,No,No,CIF
PO-2024-2748,Ostrava Metalworks,UPS Supply Chain,Parcel,Express,Czechia,Reno,USA,Cooling fan 40mm,Thermal,2024-09-23,2024-10-25,2024-10-24,534,534,3.98,USD,21.36,7400,219.02,47.02,No,No,EXW
PO-2024-2749,Chennai Industrial Ltd,UPS Supply Chain,Parcel,Express,India,Reno,USA,Display panel 7in IPS,Electronics,2024-09-23,2024-10-07,2024-11-04,2595,2595,57.31,USD,493.05,13500,1248.70,3276.58,No,No,CIF
PO-2024-2750,Hanoi Components Co,UPS Supply Chain,Parcel,Express,Vietnam,Columbus,USA,USB-C connector module,Electronics,2024-09-23,2024-10-12,2024-10-12,1692,1692,2.21,USD,16.92,13200,351.08,132.18,No,No,EXW
PO-2024-2751,Chennai Industrial Ltd,Schenker Road,Road,Standard,India,Memphis,USA,"Aluminium enclosure, matte",Housings,2024-09-23,2024-10-22,2024-10-22,4588,4588,6.90,USD,1422.28,13500,1357.44,1035.39,No,No,CIF
PO-2024-2752,Shenzhen Precision Works,UPS Supply Chain,Parcel,Express,China,Fort Worth,USA,Cooling fan 40mm,Thermal,2024-09-23,2024-10-20,2024-11-04,3247,3247,3.47,USD,129.88,11800,528.44,463.46,Yes,No,CIF
PO-2024-2753,Ostrava Metalworks,Maersk Line,Ocean,Standard,Czechia,Memphis,USA,Steel bracket set,Housings,2024-09-23,2024-10-15,2024-10-15,4687,4687,4.18,USD,3046.55,7400,1469.03,1202.76,No,No,EXW
PO-2024-2754,Shenzhen Precision Works,Maersk Line,Ocean,Standard,China,Memphis,USA,Display panel 7in IPS,Electronics,2024-09-24,2024-10-16,2024-11-04,1637,1637,56.29,USD,311.03,11800,216.80,5719.34,No,No,FOB
PO-2024-2755,Shenzhen Precision Works,DHL Global Forwarding,Air,Express,China,Columbus,USA,USB-C connector module,Electronics,2024-09-24,2024-10-15,2024-11-08,967,967,2.35,USD,9.67,11800,427.86,120.70,No,No,CIF
PO-2024-2756,Shenzhen Precision Works,DHL Global Forwarding,Air,Express,China,Reno,USA,"Aluminium enclosure, matte",Housings,2024-09-24,2024-10-09,2024-11-07,1570,1368,5.82,USD,486.70,11800,1684.83,490.17,No,No,EXW
PO-2024-2757,Taipei Micro Systems,Schenker Road,Road,Standard,Taiwan,Columbus,USA,USB-C connector module,Electronics,2024-09-24,2024-10-15,2024-10-15,4302,4302,2.15,USD,43.02,12100,169.67,246.72,No,No,DDP
PO-2024-2758,Chennai Industrial Ltd,UPS Supply Chain,Parcel,Express,India,Fort Worth,USA,Display panel 7in IPS,Electronics,2024-09-24,2024-10-22,2024-11-06,2410,2410,58.94,USD,457.90,13500,1182.97,7437.62,No,No,DDP
PO-2024-2759,Guadalajara Assembly,Schenker Road,Road,Standard,Mexico,Columbus,USA,PCB assembly rev-C,Electronics,2024-09-24,2024-10-03,2024-10-05,1648,1648,44.22,USD,131.84,2100,135.16,1569.11,No,No,EXW
PO-2024-2760,Taipei Micro Systems,Maersk Line,Ocean,Standard,Taiwan,Columbus,USA,Steel bracket set,Housings,2024-09-24,2024-10-20,2024-10-18,469,469,4.30,USD,304.85,12100,215.72,121.93,No,No,FOB
PO-2024-2761,Hanoi Components Co,DHL Global Forwarding,Air,Express,Vietnam,Columbus,USA,"Aluminium enclosure, matte",Housings,2024-09-25,2024-10-13,2024-10-13,3581,3581,5.80,USD,1110.11,13200,3375.26,543.50,No,No,FOB
PO-2024-2762,Shenzhen Precision Works,UPS Supply Chain,Parcel,Express,China,Columbus,USA,"Aluminium enclosure, matte",Housings,2024-09-25,2024-10-07,2024-10-07,2074,2074,6.30,USD,642.94,11800,1487.86,282.15,No,No,DDP
PO-2024-2763,Shenzhen Precision Works,DHL Global Forwarding,Air,Express,China,Memphis,USA,Steel bracket set,Housings,2024-09-25,2024-10-22,2024-10-22,2143,2143,4.63,USD,1392.95,11800,4072.80,455.80,No,No,EXW
PO-2024-2764,Hanoi Components Co,Schenker Road,Road,Standard,Vietnam,Reno,USA,USB-C connector module,Electronics,2024-09-25,2024-10-06,2024-10-06,2129,2129,2.30,USD,21.29,13200,163.30,106.14,No,No,DDP
PO-2024-2765,Guadalajara Assembly,UPS Supply Chain,Parcel,Express,Mexico,Rotterdam,Netherlands,Display panel 7in IPS,Electronics,2024-09-25,2024-10-06,2024-10-06,2207,2207,54.42,USD,419.33,2100,834.97,6523.02,No,No,FOB
PO-2024-2766,Shenzhen Precision Works,Maersk Line,Ocean,Standard,China,Reno,USA,Lithium cell pack 5000mAh,Power,2024-09-25,2024-10-09,2024-10-27,2736,2736,19.76,USD,1149.12,11800,608.60,1137.38,No,No,FOB
PO-2024-2767,Hanoi Components Co,UPS Supply Chain,Parcel,Express,Vietnam,Columbus,USA,Lithium cell pack 5000mAh,Power,2024-09-25,2024-10-24,2024-11-11,2249,2249,17.68,USD,944.58,13200,2085.80,1226.88,No,No,EXW
PO-2024-2768,Taipei Micro Systems,Schenker Road,Road,Standard,Taiwan,Memphis,USA,USB-C connector module,Electronics,2024-09-26,2024-10-27,2024-10-26,3240,3240,2.22,USD,32.40,12100,160.64,457.80,No,No,FOB
PO-2024-2769,Shenzhen Precision Works,DHL Global Forwarding,Air,Express,China,Rotterdam,Netherlands,Display panel 7in IPS,Electronics,2024-09-26,2024-10-09,2024-10-08,3773,3773,52.37,USD,716.87,11800,2291.33,9283.12,No,No,FOB
PO-2024-2770,Hanoi Components Co,Schenker Road,Road,Standard,Vietnam,Memphis,USA,"Wiring harness, 12-pin",Electrical,2024-09-26,2024-10-13,2024-10-13,4469,4469,9.03,USD,536.28,13200,601.04,920.06,No,No,FOB
PO-2024-2771,Shenzhen Precision Works,Schenker Road,Road,Standard,China,Rotterdam,Netherlands,PCB assembly rev-C,Electronics,2024-09-26,2024-10-18,2024-11-15,215,215,38.91,USD,17.20,11800,144.42,270.52,No,No,FOB
PO-2024-2772,Chennai Industrial Ltd,DHL Global Forwarding,Air,Express,India,Memphis,USA,"Wiring harness, 12-pin",Electrical,2024-09-26,2024-10-05,2024-10-28,3723,3723,10.49,USD,446.76,13500,1637.56,1786.60,No,No,CIF
PO-2024-2773,Guadalajara Assembly,DHL Global Forwarding,Air,Express,Mexico,Rotterdam,Netherlands,"Aluminium enclosure, matte",Housings,2024-09-26,2024-10-24,2024-10-23,4440,4440,5.81,USD,1376.40,2100,3698.42,910.07,No,No,DDP
PO-2024-2774,Chennai Industrial Ltd,DHL Global Forwarding,Air,Express,India,Memphis,USA,Display panel 7in IPS,Electronics,2024-09-27,2024-10-14,2024-10-14,1609,1609,57.48,USD,305.71,13500,1265.90,3626.47,No,No,CIF
PO-2024-2775,Shenzhen Precision Works,Schenker Road,Road,Standard,China,Rotterdam,Netherlands,Cooling fan 40mm,Thermal,2024-09-27,2024-10-06,2024-10-11,280,280,3.62,USD,11.20,11800,139.32,44.74,No,No,DDP
PO-2024-2776,Hanoi Components Co,Maersk Line,Ocean,Standard,Vietnam,Memphis,USA,"Aluminium enclosure, matte",Housings,2024-09-27,2024-10-15,2024-11-01,1504,1504,5.92,USD,466.24,13200,297.83,466.07,Yes,No,EXW
PO-2024-2777,Hanoi Components Co,Maersk Line,Ocean,Standard,Vietnam,Fort Worth,USA,"Aluminium enclosure, matte",Housings,2024-09-27,2024-10-20,2024-11-02,364,364,6.30,USD,112.84,13200,132.61,84.07,No,No,FOB
PO-2024-2778,Shenzhen Precision Works,Schenker Road,Road,Standard,China,Reno,USA,"Wiring harness, 12-pin",Electrical,2024-09-27,2024-10-09,2024-10-18,1723,1723,9.01,USD,206.76,11800,305.55,897.71,No,No,DDP
PO-2024-2779,Guadalajara Assembly,UPS Supply Chain,Parcel,Express,Mexico,Reno,USA,Lithium cell pack 5000mAh,Power,2024-09-27,2024-10-14,2024-10-14,1019,1019,17.47,USD,427.98,2100,851.14,822.88,No,No,EXW
PO-2024-2780,Guadalajara Assembly,DHL Global Forwarding,Air,Express,Mexico,Reno,USA,USB-C connector module,Electronics,2024-09-27,2024-10-21,2024-10-20,4237,4237,2.13,USD,42.37,2100,183.25,536.91,No,No,CIF
PO-2024-2781,Chennai Industrial Ltd,DHL Global Forwarding,Air,Express,India,Rotterdam,Netherlands,Display panel 7in IPS,Electronics,2024-09-28,2024-10-07,2024-11-17,2880,2880,58.30,USD,547.20,13500,1902.22,7526.14,No,No,EXW
PO-2024-2782,Taipei Micro Systems,DHL Global Forwarding,Air,Express,Taiwan,Fort Worth,USA,Steel bracket set,Housings,2024-09-28,2024-10-25,2024-10-24,3057,3057,4.18,USD,1987.05,12100,5648.49,809.91,No,No,FOB
PO-2024-2783,Guadalajara Assembly,UPS Supply Chain,Parcel,Express,Mexico,Memphis,USA,Cooling fan 40mm,Thermal,2024-09-28,2024-10-17,2024-10-17,100,100,3.50,USD,4.00,2100,58.30,20.52,No,No,DDP
PO-2024-2784,Shenzhen Precision Works,Maersk Line,Ocean,Standard,China,Fort Worth,USA,USB-C connector module,Electronics,2024-09-28,2024-11-01,2024-11-26,1445,1445,2.00,USD,14.45,11800,78.15,160.46,No,No,DDP
PO-2024-2785,Shenzhen Precision Works,UPS Supply Chain,Parcel,Express,China,Reno,USA,Cooling fan 40mm,Thermal,2024-09-28,2024-10-28,2024-11-14,3549,3549,3.43,USD,141.96,11800,551.03,299.82,No,No,FOB
PO-2024-2786,Shenzhen Precision Works,DHL Global Forwarding,Air,Express,China,Reno,USA,Steel bracket set,Housings,2024-09-28,2024-11-01,2024-11-01,4115,4115,4.41,USD,2674.75,11800,7450.35,387.29,No,No,EXW
PO-2024-2787,Hanoi Components Co,UPS Supply Chain,Parcel,Express,Vietnam,Fort Worth,USA,PCB assembly rev-C,Electronics,2024-09-29,2024-10-25,2024-11-13,1778,1778,42.43,USD,142.24,13200,585.43,3181.61,No,No,DDP
PO-2024-2788,Guadalajara Assembly,DHL Global Forwarding,Air,Express,Mexico,Columbus,USA,"Aluminium enclosure, matte",Housings,2024-09-29,2024-11-02,2024-11-02,3584,3584,6.41,USD,1111.04,2100,2999.20,1207.64,No,No,EXW
PO-2024-2789,Guadalajara Assembly,Schenker Road,Road,Standard,Mexico,Fort Worth,USA,Lithium cell pack 5000mAh,Power,2024-09-29,2024-10-26,2024-10-26,1878,1878,19.97,USD,788.76,2100,693.55,1154.45,No,No,DDP
PO-2024-2790,Ostrava Metalworks,Maersk Line,Ocean,Standard,Czechia,Columbus,USA,Display panel 7in IPS,Electronics,2024-09-29,2024-10-28,2024-10-27,2978,2978,49.93,USD,565.82,7400,309.29,6861.23,No,No,EXW
PO-2024-2791,Ostrava Metalworks,Maersk Line,Ocean,Standard,Czechia,Reno,USA,USB-C connector module,Electronics,2024-09-29,2024-10-21,2024-10-21,452,452,2.08,USD,4.52,7400,46.88,27.08,No,No,FOB
PO-2024-2792,Chennai Industrial Ltd,DHL Global Forwarding,Air,Express,India,Fort Worth,USA,Display panel 7in IPS,Electronics,2024-09-29,2024-10-16,2024-11-18,154,154,58.96,USD,29.26,13500,537.45,325.05,No,No,DDP
PO-2024-2793,Shenzhen Precision Works,UPS Supply Chain,Parcel,Express,China,Rotterdam,Netherlands,"Aluminium enclosure, matte",Housings,2024-09-29,2024-10-10,2024-11-02,906,906,6.26,USD,280.86,11800,810.77,147.78,No,No,CIF
PO-2024-2794,Shenzhen Precision Works,UPS Supply Chain,Parcel,Express,China,Fort Worth,USA,"Wiring harness, 12-pin",Electrical,2024-09-30,2024-10-16,2024-11-16,803,728,10.57,USD,96.36,11800,465.75,355.02,Yes,Yes,DDP
PO-2024-2795,Shenzhen Precision Works,Schenker Road,Road,Standard,China,Columbus,USA,Steel bracket set,Housings,2024-09-30,2024-10-12,2024-10-10,4017,4017,4.45,USD,2611.05,11800,2349.19,609.38,No,No,CIF
PO-2024-2796,Shenzhen Precision Works,Schenker Road,Road,Standard,China,Rotterdam,Netherlands,PCB assembly rev-C,Electronics,2024-09-30,2024-10-22,2024-10-31,2949,2949,44.72,USD,235.92,11800,330.33,8299.56,No,No,CIF
PO-2024-2797,Hanoi Components Co,UPS Supply Chain,Parcel,Express,Vietnam,Fort Worth,USA,Display panel 7in IPS,Electronics,2024-09-30,2024-10-29,2024-10-28,1702,1702,49.89,USD,323.38,13200,924.16,3784.30,No,No,EXW
PO-2024-2798,Hanoi Components Co,Maersk Line,Ocean,Standard,Vietnam,Rotterdam,Netherlands,"Aluminium enclosure, matte",Housings,2024-09-30,2024-10-21,2024-10-21,317,317,6.27,USD,98.27,13200,125.80,88.85,No,No,FOB
PO-2024-2799,Shenzhen Precision Works,DHL Global Forwarding,Air,Express,China,Columbus,USA,"Aluminium enclosure, matte",Housings,2024-09-30,2024-10-28,2024-10-28,1641,1641,6.39,USD,508.71,11800,1742.83,521.67,No,No,CIF
PO-2024-2800,Shenzhen Precision Works,Maersk Line,Ocean,Standard,China,Memphis,USA,Display panel 7in IPS,Electronics,2024-10-01,2024-11-01,2024-12-02,3518,3518,55.61,USD,668.42,11800,383.88,9150.80,No,No,CIF
PO-2024-2801,Shenzhen Precision Works,Schenker Road,Road,Standard,China,Reno,USA,Lithium cell pack 5000mAh,Power,2024-10-01,2024-10-30,2024-11-30,4565,4565,18.00,USD,1917.30,11800,1759.50,2697.47,No,No,EXW
PO-2024-2802,Guadalajara Assembly,Maersk Line,Ocean,Standard,Mexico,Rotterdam,Netherlands,Display panel 7in IPS,Electronics,2024-10-01,2024-10-19,2024-10-19,1137,1137,53.54,USD,216.03,2100,113.70,2301.30,No,No,DDP
PO-2024-2803,Shenzhen Precision Works,UPS Supply Chain,Parcel,Express,China,Fort Worth,USA,"Wiring harness, 12-pin",Electrical,2024-10-01,2024-10-14,2024-11-03,1201,1201,9.53,USD,144.12,11800,555.06,547.63,No,No,FOB
PO-2024-2804,Shenzhen Precision Works,UPS Supply Chain,Parcel,Express,China,Reno,USA,"Wiring harness, 12-pin",Electrical,2024-10-01,2024-11-03,2024-12-04,423,423,9.45,USD,50.76,11800,380.48,151.36,No,No,DDP
PO-2024-2805,Hanoi Components Co,Schenker Road,Road,Standard,Vietnam,Rotterdam,Netherlands,PCB assembly rev-C,Electronics,2024-10-01,2024-10-16,2024-10-16,2277,2277,39.08,USD,182.16,13200,300.04,3712.65,No,No,EXW
PO-2024-2806,Chennai Industrial Ltd,Maersk Line,Ocean,Standard,India,Columbus,USA,Cooling fan 40mm,Thermal,2024-10-01,2024-11-03,2024-12-06,1566,1566,3.44,USD,62.64,13500,110.96,263.20,No,No,EXW
PO-2024-2807,Ostrava Metalworks,Maersk Line,Ocean,Standard,Czechia,Fort Worth,USA,Cooling fan 40mm,Thermal,2024-10-02,2024-10-16,2024-10-14,4735,4735,3.91,USD,189.40,7400,133.31,957.13,No,No,EXW
PO-2024-2808,Ostrava Metalworks,UPS Supply Chain,Parcel,Express,Czechia,Rotterdam,Netherlands,Display panel 7in IPS,Electronics,2024-10-02,2024-10-15,2024-10-15,1835,1835,52.56,USD,348.65,7400,831.06,6016.77,Yes,No,EXW
PO-2024-2809,Ostrava Metalworks,Maersk Line,Ocean,Standard,Czechia,Fort Worth,USA,Lithium cell pack 5000mAh,Power,2024-10-02,2024-10-25,2024-10-29,369,369,17.18,USD,154.98,7400,117.22,349.93,No,No,EXW
PO-2024-2810,Shenzhen Precision Works,UPS Supply Chain,Parcel,Express,China,Rotterdam,Netherlands,USB-C connector module,Electronics,2024-10-02,2024-10-13,2024-10-13,284,284,2.18,USD,2.84,11800,290.87,33.22,No,No,EXW
PO-2024-2811,Shenzhen Precision Works,UPS Supply Chain,Parcel,Express,China,Rotterdam,Netherlands,Cooling fan 40mm,Thermal,2024-10-02,2024-10-23,2024-11-17,4077,4077,3.79,USD,163.08,11800,590.52,552.18,No,No,EXW
PO-2024-2812,Chennai Industrial Ltd,UPS Supply Chain,Parcel,Express,India,Memphis,USA,Steel bracket set,Housings,2024-10-02,2024-10-27,2024-11-11,1142,1142,4.59,USD,742.30,13500,1714.80,244.71,No,No,FOB
PO-2024-2813,Shenzhen Precision Works,Maersk Line,Ocean,Standard,China,Columbus,USA,USB-C connector module,Electronics,2024-10-02,2024-10-11,2024-11-17,2637,2637,2.36,USD,26.37,11800,83.72,252.72,No,No,FOB
PO-2024-2814,Hanoi Components Co,UPS Supply Chain,Parcel,Express,Vietnam,Memphis,USA,"Wiring harness, 12-pin",Electrical,2024-10-03,2024-10-31,2024-10-30,1979,1979,10.05,USD,237.48,13200,763.53,1200.80,Yes,No,DDP
PO-2024-2815,Taipei Micro Systems,DHL Global Forwarding,Air,Express,Taiwan,Fort Worth,USA,"Aluminium enclosure, matte",Housings,2024-10-03,2024-10-19,2024-10-17,2565,2565,6.11,USD,795.15,12100,2507.83,481.54,No,No,FOB
PO-2024-2816,Shenzhen Precision Works,DHL Global Forwarding,Air,Express,China,Memphis,USA,Cooling fan 40mm,Thermal,2024-10-03,2024-10-24,2024-10-23,3481,3481,3.75,USD,139.24,11800,769.28,635.35,No,No,CIF
PO-2024-2817,Hanoi Components Co,Maersk Line,Ocean,Standard,Vietnam,Fort Worth,USA,Display panel 7in IPS,Electronics,2024-10-03,2024-10-27,2024-11-09,416,416,53.79,USD,79.04,13200,116.81,510.00,No,No,CIF
PO-2024-2818,Taipei Micro Systems,DHL Global Forwarding,Air,Express,Taiwan,Fort Worth,USA,"Wiring harness, 12-pin",Electrical,2024-10-03,2024-10-16,2024-10-16,2355,2077,9.57,USD,282.60,12100,1157.26,633.27,No,No,EXW
PO-2024-2819,Hanoi Components Co,Maersk Line,Ocean,Standard,Vietnam,Reno,USA,"Aluminium enclosure, matte",Housings,2024-10-03,2024-10-13,2024-10-30,3647,3647,6.83,USD,1130.57,13200,608.40,1602.53,No,No,DDP
PO-2024-2820,Hanoi Components Co,Maersk Line,Ocean,Standard,Vietnam,Memphis,USA,Lithium cell pack 5000mAh,Power,2024-10-04,2024-10-14,2024-11-05,1631,1631,20.21,USD,685.02,13200,400.11,1258.30,No,No,DDP
PO-2024-2821,Guadalajara Assembly,Maersk Line,Ocean,Standard,Mexico,Columbus,USA,"Aluminium enclosure, matte",Housings,2024-10-04,2024-11-05,2024-11-05,1554,1554,6.04,USD,481.74,2100,237.92,470.44,No,No,EXW
PO-2024-2822,Shenzhen Precision Works,UPS Supply Chain,Parcel,Express,China,Columbus,USA,Lithium cell pack 5000mAh,Power,2024-10-04,2024-10-29,2024-10-29,4087,4087,18.86,USD,1716.54,11800,3495.49,2388.61,No,No,FOB
PO-2024-2823,Hanoi Components Co,Maersk Line,Ocean,Standard,Vietnam,Memphis,USA,Lithium cell pack 5000mAh,Power,2024-10-04,2024-11-01,2024-11-07,4726,4726,20.41,USD,1984.92,13200,1007.81,6066.17,No,No,FOB
PO-2024-2824,Shenzhen Precision Works,UPS Supply Chain,Parcel,Express,China,Memphis,USA,USB-C connector module,Electronics,2024-10-04,2024-11-07,2024-11-07,4470,4470,2.07,USD,44.70,11800,369.15,445.53,No,No,EXW
PO-2024-2825,Guadalajara Assembly,Maersk Line,Ocean,Standard,Mexico,Reno,USA,Cooling fan 40mm,Thermal,2024-10-04,2024-10-31,2024-10-31,834,834,3.73,USD,33.36,2100,28.30,199.37,No,No,EXW
PO-2024-2826,Shenzhen Precision Works,Schenker Road,Road,Standard,China,Memphis,USA,"Aluminium enclosure, matte",Housings,2024-10-04,2024-10-27,2024-11-26,2828,2828,6.30,USD,876.68,11800,874.98,922.61,No,No,EXW
PO-2024-2827,Hanoi Components Co,UPS Supply Chain,Parcel,Express,Vietnam,Fort Worth,USA,USB-C connector module,Electronics,2024-10-05,2024-11-08,2024-11-08,4153,4153,2.11,USD,41.53,13200,397.10,178.35,No,No,CIF
PO-2024-2828,Hanoi Components Co,Maersk Line,Ocean,Standard,Vietnam,Rotterdam,Netherlands,Steel bracket set,Housings,2024-10-05,2024-10-15,2024-10-28,2012,2012,4.41,USD,1307.80,13200,691.26,233.32,No,No,CIF
PO-2024-2829,Ostrava Metalworks,Maersk Line,Ocean,Standard,Czechia,Reno,USA,"Aluminium enclosure, matte",Housings,2024-10-05,2024-10-29,2024-10-29,604,581,5.93,USD,187.24,7400,132.30,210.20,No,No,CIF
PO-2024-2830,Hanoi Components Co,UPS Supply Chain,Parcel,Express,Vietnam,Rotterdam,Netherlands,USB-C connector module,Electronics,2024-10-05,2024-11-01,2024-11-08,2710,2710,2.16,USD,27.10,13200,370.12,362.35,No,No,EXW
PO-2024-2831,Hanoi Components Co,Schenker Road,Road,Standard,Vietnam,Fort Worth,USA,Display panel 7in IPS,Electronics,2024-10-05,2024-11-07,2024-11-07,169,169,56.29,USD,32.11,13200,172.49,546.89,No,No,DDP
PO-2024-2832,Hanoi Components Co,UPS Supply Chain,Parcel,Express,Vietnam,Rotterdam,Netherlands,Lithium cell pack 5000mAh,Power,2024-10-05,2024-10-25,2024-10-25,4008,4008,20.14,USD,1683.36,13200,3467.32,4769.78,No,No,DDP
PO-2024-2833,Chennai Industrial Ltd,Schenker Road,Road,Standard,India,Rotterdam,Netherlands,Lithium cell pack 5000mAh,Power,2024-10-06,2024-10-31,2024-12-09,2771,2771,19.98,USD,1163.82,13500,1137.75,2855.42,No,No,FOB
PO-2024-2834,Chennai Industrial Ltd,Maersk Line,Ocean,Standard,India,Rotterdam,Netherlands,PCB assembly rev-C,Electronics,2024-10-06,2024-10-22,2024-11-17,3064,3064,43.56,USD,245.12,13500,196.27,7471.10,No,No,EXW
PO-2024-2835,Hanoi Components Co,Schenker Road,Road,Standard,Vietnam,Memphis,USA,Lithium cell pack 5000mAh,Power,2024-10-06,2024-10-26,2024-11-10,1583,1583,18.37,USD,664.86,13200,710.33,1879.97,No,No,FOB
PO-2024-2836,Hanoi Components Co,UPS Supply Chain,Parcel,Express,Vietnam,Fort Worth,USA,Display panel 7in IPS,Electronics,2024-10-06,2024-10-17,2024-10-30,1107,1107,54.67,USD,210.33,13200,712.76,2682.10,No,No,FOB
PO-2024-2837,Shenzhen Precision Works,Schenker Road,Road,Standard,China,Columbus,USA,Lithium cell pack 5000mAh,Power,2024-10-06,2024-10-17,2024-11-18,1706,1706,19.05,USD,716.52,11800,738.84,1604.32,No,No,FOB
PO-2024-2838,Hanoi Components Co,Maersk Line,Ocean,Standard,Vietnam,Memphis,USA,PCB assembly rev-C,Electronics,2024-10-06,2024-10-27,2024-11-07,2021,2021,41.58,USD,161.68,13200,155.45,3532.19,No,No,DDP
PO-2024-2839,Shenzhen Precision Works,Maersk Line,Ocean,Standard,China,Fort Worth,USA,USB-C connector module,Electronics,2024-10-06,2024-10-30,2024-12-03,3516,3516,2.00,USD,35.16,11800,87.83,329.76,No,No,FOB
PO-2024-2840,Hanoi Components Co,Maersk Line,Ocean,Standard,Vietnam,Columbus,USA,"Wiring harness, 12-pin",Electrical,2024-10-07,2024-10-27,2024-10-25,1122,1122,9.08,USD,134.64,13200,142.80,386.93,No,No,DDP
PO-2024-2841,Shenzhen Precision Works,Schenker Road,Road,Standard,China,Fort Worth,USA,Display panel 7in IPS,Electronics,2024-10-07,2024-10-16,2024-11-14,4625,4625,53.52,USD,878.75,11800,876.74,9058.02,No,No,DDP
PO-2024-2842,Chennai Industrial Ltd,Maersk Line,Ocean,Standard,India,Memphis,USA,USB-C connector module,Electronics,2024-10-07,2024-11-06,2024-11-28,4198,4198,2.30,USD,41.98,13500,101.30,494.98,No,No,EXW
PO-2024-2843,Hanoi Components Co,Schenker Road,Road,Standard,Vietnam,Memphis,USA,Cooling fan 40mm,Thermal,2024-10-07,2024-10-18,2024-10-18,1221,1221,3.55,USD,48.84,13200,186.71,165.44,No,No,EXW
PO-2024-2844,Chennai Industrial Ltd,DHL Global Forwarding,Air,Express,India,Memphis,USA,USB-C connector module,Electronics,2024-10-07,2024-11-08,2024-11-06,743,743,2.36,USD,7.43,13500,479.93,40.29,No,No,DDP
PO-2024-2845,Shenzhen Precision Works,Maersk Line,Ocean,Standard,China,Rotterdam,Netherlands,Steel bracket set,Housings,2024-10-07,2024-11-02,2024-12-01,2903,2903,4.43,USD,1886.95,11800,953.54,804.90,No,No,EXW
PO-2024-2846,Taipei Micro Systems,Maersk Line,Ocean,Standard,Taiwan,Reno,USA,PCB assembly rev-C,Electronics,2024-10-07,2024-10-31,2024-11-11,1348,1348,44.87,USD,107.84,12100,123.62,2027.90,No,No,FOB
PO-2024-2847,Shenzhen Precision Works,Schenker Road,Road,Standard,China,Columbus,USA,"Aluminium enclosure, matte",Housings,2024-10-08,2024-10-26,2024-10-24,104,104,5.75,USD,32.24,11800,157.20,17.00,No,No,CIF
PO-2024-2848,Guadalajara Assembly,Maersk Line,Ocean,Standard,Mexico,Fort Worth,USA,"Wiring harness, 12-pin",Electrical,2024-10-08,2024-10-25,2024-10-25,4467,4467,10.46,USD,536.04,2100,263.30,1165.46,No,No,DDP
PO-2024-2849,Hanoi Components Co,UPS Supply Chain,Parcel,Express,Vietnam,Fort Worth,USA,PCB assembly rev-C,Electronics,2024-10-08,2024-10-27,2024-11-08,1770,1770,41.21,USD,141.60,13200,584.23,2921.85,No,No,DDP
PO-2024-2850,Shenzhen Precision Works,UPS Supply Chain,Parcel,Express,China,Columbus,USA,Lithium cell pack 5000mAh,Power,2024-10-08,2024-11-08,2024-11-08,97,97,18.42,USD,40.74,11800,361.74,48.42,No,No,DDP
PO-2024-2851,Hanoi Components Co,DHL Global Forwarding,Air,Express,Vietnam,Columbus,USA,Display panel 7in IPS,Electronics,2024-10-08,2024-11-05,2024-11-03,4615,4615,54.29,USD,876.85,13200,2760.62,8405.86,No,No,DDP
PO-2024-2852,Shenzhen Precision Works,Maersk Line,Ocean,Standard,China,Reno,USA,Lithium cell pack 5000mAh,Power,2024-10-08,2024-10-29,2024-11-30,3136,3136,17.11,USD,1317.12,11800,687.14,2078.71,No,No,FOB
PO-2024-2853,Chennai Industrial Ltd,Maersk Line,Ocean,Standard,India,Memphis,USA,Cooling fan 40mm,Thermal,2024-10-09,2024-10-27,2024-11-25,3695,3695,3.40,USD,147.80,13500,150.77,598.63,No,No,CIF
PO-2024-2854,Shenzhen Precision Works,Maersk Line,Ocean,Standard,China,Rotterdam,Netherlands,PCB assembly rev-C,Electronics,2024-10-09,2024-11-10,2024-11-28,3948,3948,46.02,USD,315.84,11800,219.05,8180.21,Yes,Yes,FOB
PO-2024-2855,Shenzhen Precision Works,UPS Supply Chain,Parcel,Express,China,Memphis,USA,Steel bracket set,Housings,2024-10-09,2024-11-02,2024-11-02,1645,1645,4.02,USD,1069.25,11800,2285.06,222.86,No,No,FOB
PO-2024-2856,Hanoi Components Co,Schenker Road,Road,Standard,Vietnam,Rotterdam,Netherlands,PCB assembly rev-C,Electronics,2024-10-09,2024-10-20,2024-10-20,4542,4542,39.19,USD,363.36,13200,454.06,9224.83,No,No,CIF
PO-2024-2857,Guadalajara Assembly,DHL Global Forwarding,Air,Express,Mexico,Reno,USA,"Wiring harness, 12-pin",Electrical,2024-10-09,2024-10-18,2024-10-17,1329,1329,9.63,USD,159.48,2100,491.84,415.65,No,No,FOB
PO-2024-2858,Hanoi Components Co,Schenker Road,Road,Standard,Vietnam,Reno,USA,"Aluminium enclosure, matte",Housings,2024-10-09,2024-10-27,2024-11-12,2105,2105,6.17,USD,652.55,13200,699.87,417.04,No,No,EXW
PO-2024-2859,Hanoi Components Co,UPS Supply Chain,Parcel,Express,Vietnam,Fort Worth,USA,"Aluminium enclosure, matte",Housings,2024-10-09,2024-10-24,2024-10-24,4603,4603,6.88,USD,1426.93,13200,2987.80,1896.44,No,No,CIF
PO-2024-2860,Guadalajara Assembly,DHL Global Forwarding,Air,Express,Mexico,Fort Worth,USA,Cooling fan 40mm,Thermal,2024-10-10,2024-11-06,2024-11-06,1631,1631,3.97,USD,65.24,2100,243.52,361.41,No,No,DDP
PO-2024-2861,Hanoi Components Co,Maersk Line,Ocean,Standard,Vietnam,Columbus,USA,"Wiring harness, 12-pin",Electrical,2024-10-10,2024-11-02,2024-11-02,3262,3262,9.46,USD,391.44,13200,262.86,1360.19,No,No,DDP
PO-2024-2862,Hanoi Components Co,Maersk Line,Ocean,Standard,Vietnam,Fort Worth,USA,Lithium cell pack 5000mAh,Power,2024-10-10,2024-11-09,2024-11-09,2008,2008,19.46,USD,843.36,13200,474.13,2309.33,No,No,CIF
PO-2024-2863,Guadalajara Assembly,DHL Global Forwarding,Air,Express,Mexico,Memphis,USA,"Wiring harness, 12-pin",Electrical,2024-10-10,2024-11-13,2024-11-11,2002,2002,10.47,USD,240.24,2100,704.64,1244.09,No,No,DDP
PO-2024-2864,Shenzhen Precision Works,UPS Supply Chain,Parcel,Express,China,Rotterdam,Netherlands,"Aluminium enclosure, matte",Housings,2024-10-10,2024-11-10,2024-11-10,684,684,6.62,USD,212.04,11800,682.07,258.00,No,No,EXW
PO-2024-2865,Hanoi Components Co,Schenker Road,Road,Standard,Vietnam,Columbus,USA,Lithium cell pack 5000mAh,Power,2024-10-10,2024-10-19,2024-10-19,3972,3972,18.27,USD,1668.24,13200,1563.20,2684.25,No,No,DDP
PO-2024-2866,Shenzhen Precision Works,Schenker Road,Road,Standard,China,Reno,USA,USB-C connector module,Electronics,2024-10-11,2024-11-03,2024-11-28,4080,4080,2.28,USD,40.80,11800,164.48,271.81,No,No,DDP
PO-2024-2867,Shenzhen Precision Works,Maersk Line,Ocean,Standard,China,Fort Worth,USA,Cooling fan 40mm,Thermal,2024-10-11,2024-10-27,2024-11-30,2264,2264,3.99,USD,90.56,11800,113.73,432.03,Yes,Yes,EXW
PO-2024-2868,Taipei Micro Systems,Schenker Road,Road,Standard,Taiwan,Memphis,USA,"Aluminium enclosure, matte",Housings,2024-10-11,2024-10-30,2024-10-30,3067,3067,6.41,USD,950.77,12100,941.25,561.76,No,No,EXW
PO-2024-2869,Shenzhen Precision Works,Maersk Line,Ocean,Standard,China,Reno,USA,Cooling fan 40mm,Thermal,2024-10-11,2024-11-09,2024-11-18,4486,4486,3.75,USD,179.44,11800,155.28,872.19,No,No,FOB
PO-2024-2870,Taipei Micro Systems,DHL Global Forwarding,Air,Express,Taiwan,Columbus,USA,Cooling fan 40mm,Thermal,2024-10-11,2024-11-09,2024-11-09,516,516,3.64,USD,20.64,12100,467.00,118.76,No,No,CIF
PO-2024-2871,Taipei Micro Systems,UPS Supply Chain,Parcel,Express,Taiwan,Fort Worth,USA,PCB assembly rev-C,Electronics,2024-10-11,2024-11-08,2024-11-08,627,627,42.64,USD,50.16,12100,386.62,1146.52,No,No,DDP
PO-2024-2872,Hanoi Components Co,DHL Global Forwarding,Air,Express,Vietnam,Rotterdam,Netherlands,"Aluminium enclosure, matte",Housings,2024-10-11,2024-11-08,2024-11-08,2463,2404,6.38,USD,763.53,13200,2462.02,588.82,No,No,CIF
PO-2024-2873,Shenzhen Precision Works,Schenker Road,Road,Standard,China,Rotterdam,Netherlands,Cooling fan 40mm,Thermal,2024-10-12,2024-10-22,2024-10-22,2116,2116,3.42,USD,84.64,11800,201.74,385.69,No,No,DDP
PO-2024-2874,Taipei Micro Systems,Schenker Road,Road,Standard,Taiwan,Memphis,USA,USB-C connector module,Electronics,2024-10-12,2024-11-01,2024-11-01,3260,3260,2.20,USD,32.60,12100,160.81,226.80,No,No,EXW
PO-2024-2875,Ostrava Metalworks,DHL Global Forwarding,Air,Express,Czechia,Rotterdam,Netherlands,Cooling fan 40mm,Thermal,2024-10-12,2024-10-24,2024-10-24,4127,4127,3.65,USD,165.08,7400,687.33,712.31,No,No,CIF
PO-2024-2876,Chennai Industrial Ltd,DHL Global Forwarding,Air,Express,India,Memphis,USA,Lithium cell pack 5000mAh,Power,2024-10-12,2024-11-01,2024-11-01,3579,3579,18.05,USD,1503.18,13500,4421.23,3156.70,No,No,FOB
PO-2024-2877,Taipei Micro Systems,UPS Supply Chain,Parcel,Express,Taiwan,Columbus,USA,PCB assembly rev-C,Electronics,2024-10-12,2024-11-15,2024-11-15,2449,2449,39.68,USD,195.92,12100,659.19,2471.38,No,No,FOB
PO-2024-2878,Taipei Micro Systems,Maersk Line,Ocean,Standard,Taiwan,Rotterdam,Netherlands,Steel bracket set,Housings,2024-10-12,2024-11-12,2024-12-03,723,723,4.44,USD,469.95,12100,292.91,106.98,No,No,DDP
PO-2024-2879,Shenzhen Precision Works,DHL Global Forwarding,Air,Express,China,Reno,USA,"Wiring harness, 12-pin",Electrical,2024-10-12,2024-11-14,2024-11-23,3496,3496,10.19,USD,419.52,11800,1507.82,1532.95,No,No,EXW
PO-2024-2880,Guadalajara Assembly,Schenker Road,Road,Standard,Mexico,Reno,USA,"Aluminium enclosure, matte",Housings,2024-10-13,2024-11-11,2024-11-15,3294,3294,6.79,USD,1021.14,2100,891.07,1285.59,No,No,EXW
PO-2024-2881,Hanoi Components Co,DHL Global Forwarding,Air,Express,Vietnam,Memphis,USA,USB-C connector module,Electronics,2024-10-13,2024-11-08,2024-11-08,4745,4745,2.01,USD,47.45,13200,575.15,282.03,No,No,EXW
PO-2024-2882,Guadalajara Assembly,Schenker Road,Road,Standard,Mexico,Rotterdam,Netherlands,Lithium cell pack 5000mAh,Power,2024-10-13,2024-11-01,2024-11-01,4086,4086,17.34,USD,1716.12,2100,1481.80,4115.70,No,No,CIF
PO-2024-2883,Taipei Micro Systems,Maersk Line,Ocean,Standard,Taiwan,Rotterdam,Netherlands,PCB assembly rev-C,Electronics,2024-10-13,2024-11-06,2024-11-19,1838,1838,46.30,USD,147.04,12100,141.95,3841.59,No,No,CIF
PO-2024-2884,Shenzhen Precision Works,Schenker Road,Road,Standard,China,Reno,USA,"Wiring harness, 12-pin",Electrical,2024-10-13,2024-11-11,2024-12-04,2248,2248,10.07,USD,269.76,11800,359.10,1178.91,No,No,FOB
PO-2024-2885,Shenzhen Precision Works,Maersk Line,Ocean,Standard,China,Rotterdam,Netherlands,USB-C connector module,Electronics,2024-10-13,2024-11-05,2024-11-25,3707,3707,2.08,USD,37.07,11800,88.72,457.99,No,No,FOB
PO-2024-2886,Hanoi Components Co,UPS Supply Chain,Parcel,Express,Vietnam,Fort Worth,USA,Cooling fan 40mm,Thermal,2024-10-14,2024-10-29,2024-11-10,4718,4718,3.32,USD,188.72,13200,672.35,1003.56,No,No,DDP
PO-2024-2887,Guadalajara Assembly,UPS Supply Chain,Parcel,Express,Mexico,Memphis,USA,Lithium cell pack 5000mAh,Power,2024-10-14,2024-11-14,2024-11-13,3630,3630,17.12,USD,1524.60,2100,2901.82,3421.02,No,No,CIF
PO-2024-2888,Shenzhen Precision Works,Maersk Line,Ocean,Standard,China,Memphis,USA,USB-C connector module,Electronics,2024-10-14,2024-11-13,2024-11-29,1147,1147,2.00,USD,11.47,11800,76.75,50.46,No,No,EXW
PO-2024-2889,Taipei Micro Systems,UPS Supply Chain,Parcel,Express,Taiwan,Fort Worth,USA,USB-C connector module,Electronics,2024-10-14,2024-11-04,2024-11-04,2012,2012,2.35,USD,20.12,12100,330.44,236.85,No,No,FOB
PO-2024-2890,Chennai Industrial Ltd,DHL Global Forwarding,Air,Express,India,Rotterdam,Netherlands,Display panel 7in IPS,Electronics,2024-10-14,2024-10-29,2024-10-29,3510,3510,52.80,USD,666.90,13500,2217.63,9608.90,No,No,EXW
PO-2024-2891,Shenzhen Precision Works,DHL Global Forwarding,Air,Express,China,Fort Worth,USA,"Wiring harness, 12-pin",Electrical,2024-10-14,2024-11-03,2024-12-07,3683,3683,9.01,USD,441.96,11800,1566.94,1402.78,No,No,FOB
PO-2024-2892,Taipei Micro Systems,UPS Supply Chain,Parcel,Express,Taiwan,Columbus,USA,"Wiring harness, 12-pin",Electrical,2024-10-14,2024-10-25,2024-11-10,1603,1603,10.58,USD,192.36,12100,652.53,486.83,No,No,EXW
PO-2024-2893,Hanoi Components Co,Schenker Road,Road,Standard,Vietnam,Reno,USA,USB-C connector module,Electronics,2024-10-15,2024-11-18,2024-11-18,1911,1911,2.09,USD,19.11,13200,161.44,184.12,No,No,DDP
PO-2024-2894,Chennai Industrial Ltd,UPS Supply Chain,Parcel,Express,India,Memphis,USA,Cooling fan 40mm,Thermal,2024-10-15,2024-11-13,2024-12-24,3435,3435,3.33,USD,137.40,13500,583.64,319.37,No,No,FOB
PO-2024-2895,Chennai Industrial Ltd,DHL Global Forwarding,Air,Express,India,Memphis,USA,"Wiring harness, 12-pin",Electrical,2024-10-15,2024-11-06,2024-12-11,4359,4359,9.98,USD,523.08,13500,1838.67,1133.90,No,No,FOB
PO-2024-2896,Guadalajara Assembly,UPS Supply Chain,Parcel,Express,Mexico,Rotterdam,Netherlands,Cooling fan 40mm,Thermal,2024-10-15,2024-11-09,2024-11-09,1286,1286,3.45,USD,51.44,2100,147.01,230.83,No,No,DDP
PO-2024-2897,Hanoi Components Co,Maersk Line,Ocean,Standard,Vietnam,Fort Worth,USA,USB-C connector module,Electronics,2024-10-15,2024-11-14,2024-11-21,1546,1546,2.02,USD,15.46,13200,87.09,65.37,No,No,FOB
PO-2024-2898,Shenzhen Precision Works,Schenker Road,Road,Standard,China,Reno,USA,Lithium cell pack 5000mAh,Power,2024-10-15,2024-10-26,2024-11-21,2794,2794,18.25,USD,1173.48,11800,1127.26,1468.43,No,No,EXW
PO-2024-2899,Hanoi Components Co,DHL Global Forwarding,Air,Express,Vietnam,Fort Worth,USA,Steel bracket set,Housings,2024-10-16,2024-11-13,2024-11-13,1681,1681,4.11,USD,1092.65,13200,3329.25,426.49,No,No,FOB
PO-2024-2900,Hanoi Components Co,Maersk Line,Ocean,Standard,Vietnam,Fort Worth,USA,PCB assembly rev-C,Electronics,2024-10-16,2024-10-25,2024-11-10,3500,3500,43.11,USD,280.00,13200,210.76,6166.23,No,No,CIF
PO-2024-2901,Shenzhen Precision Works,Schenker Road,Road,Standard,China,Reno,USA,USB-C connector module,Electronics,2024-10-16,2024-11-03,2024-11-30,3028,3028,2.23,USD,30.28,11800,155.54,285.08,No,No,CIF
PO-2024-2902,Shenzhen Precision Works,Maersk Line,Ocean,Standard,China,Memphis,USA,PCB assembly rev-C,Electronics,2024-10-16,2024-11-15,2024-12-09,4256,4256,41.51,USD,340.48,11800,230.56,5832.95,No,No,EXW
PO-2024-2903,Taipei Micro Systems,DHL Global Forwarding,Air,Express,Taiwan,Rotterdam,Netherlands,"Aluminium enclosure, matte",Housings,2024-10-16,2024-11-17,2024-12-08,3752,3752,6.08,USD,1163.12,12100,3477.43,901.39,No,No,EXW
PO-2024-2904,Guadalajara Assembly,Maersk Line,Ocean,Standard,Mexico,Rotterdam,Netherlands,Display panel 7in IPS,Electronics,2024-10-16,2024-10-26,2024-10-26,4714,4714,57.60,USD,895.66,2100,431.43,15413.46,No,No,FOB
PO-2024-2905,Shenzhen Precision Works,DHL Global Forwarding,Air,Express,China,Rotterdam,Netherlands,USB-C connector module,Electronics,2024-10-16,2024-10-31,2024-11-20,2251,2251,2.12,USD,22.51,11800,461.69,252.02,No,No,EXW
PO-2024-2906,Ostrava Metalworks,DHL Global Forwarding,Air,Express,Czechia,Rotterdam,Netherlands,"Aluminium enclosure, matte",Housings,2024-10-17,2024-11-05,2024-11-05,890,890,6.14,USD,275.90,7400,979.34,312.84,No,No,FOB
PO-2024-2907,Shenzhen Precision Works,UPS Supply Chain,Parcel,Express,China,Reno,USA,"Aluminium enclosure, matte",Housings,2024-10-17,2024-10-26,2024-11-15,2575,2575,6.80,USD,798.25,11800,1778.29,845.65,No,No,FOB
PO-2024-2908,Taipei Micro Systems,Maersk Line,Ocean,Standard,Taiwan,Columbus,USA,"Aluminium enclosure, matte",Housings,2024-10-17,2024-10-29,2024-11-14,636,636,6.21,USD,197.16,12100,165.38,120.10,No,No,EXW
PO-2024-2909,Shenzhen Precision Works,DHL Global Forwarding,Air,Express,China,Columbus,USA,Steel bracket set,Housings,2024-10-17,2024-10-29,2024-10-28,365,365,4.46,USD,237.25,11800,1027.53,91.85,No,No,CIF
PO-2024-2910,Shenzhen Precision Works,DHL Global Forwarding,Air,Express,China,Memphis,USA,Lithium cell pack 5000mAh,Power,2024-10-17,2024-11-10,2024-12-06,2253,2253,18.92,USD,946.26,11800,2895.78,2364.50,No,No,FOB
PO-2024-2911,Shenzhen Precision Works,UPS Supply Chain,Parcel,Express,China,Memphis,USA,Lithium cell pack 5000mAh,Power,2024-10-17,2024-11-11,2024-12-12,3521,3521,19.59,USD,1478.82,11800,3050.95,3820.28,No,No,EXW
PO-2024-2912,Taipei Micro Systems,Schenker Road,Road,Standard,Taiwan,Fort Worth,USA,Display panel 7in IPS,Electronics,2024-10-17,2024-11-05,2024-11-25,2677,2677,56.61,USD,508.63,12100,565.44,4711.20,No,No,DDP
PO-2024-2913,Taipei Micro Systems,DHL Global Forwarding,Air,Express,Taiwan,Memphis,USA,"Wiring harness, 12-pin",Electrical,2024-10-18,2024-10-30,2024-10-30,724,724,10.59,USD,86.88,12100,641.54,326.07,No,No,EXW
PO-2024-2914,Hanoi Components Co,Maersk Line,Ocean,Standard,Vietnam,Rotterdam,Netherlands,Steel bracket set,Housings,2024-10-18,2024-11-02,2024-11-16,2644,2644,4.41,USD,1718.60,13200,883.31,633.82,No,No,FOB
PO-2024-2915,Hanoi Components Co,Maersk Line,Ocean,Standard,Vietnam,Memphis,USA,USB-C connector module,Electronics,2024-10-18,2024-10-31,2024-11-14,3872,3872,2.28,USD,38.72,13200,97.96,356.98,No,No,EXW
PO-2024-2916,Chennai Industrial Ltd,Schenker Road,Road,Standard,India,Memphis,USA,USB-C connector module,Electronics,2024-10-18,2024-11-04,2024-11-02,3284,3284,2.25,USD,32.84,13500,176.41,214.78,No,No,FOB
PO-2024-2917,Taipei Micro Systems,DHL Global Forwarding,Air,Express,Taiwan,Memphis,USA,USB-C connector module,Electronics,2024-10-18,2024-10-31,2024-10-30,2878,2878,2.31,USD,28.78,12100,488.45,425.23,No,No,FOB
PO-2024-2918,Hanoi Components Co,Schenker Road,Road,Standard,Vietnam,Fort Worth,USA,PCB assembly rev-C,Electronics,2024-10-18,2024-11-14,2024-11-22,1056,1056,43.72,USD,84.48,13200,217.01,1164.53,No,No,DDP
PO-2024-2919,Guadalajara Assembly,Schenker Road,Road,Standard,Mexico,Columbus,USA,Steel bracket set,Housings,2024-10-19,2024-10-29,2024-10-29,1416,1416,3.99,USD,920.40,2100,805.44,301.80,No,No,CIF
PO-2024-2920,Hanoi Components Co,Maersk Line,Ocean,Standard,Vietnam,Columbus,USA,Cooling fan 40mm,Thermal,2024-10-19,2024-11-02,2024-11-09,1561,1561,3.35,USD,62.44,13200,109.05,229.73,No,No,CIF
PO-2024-2921,Chennai Industrial Ltd,DHL Global Forwarding,Air,Express,India,Reno,USA,"Wiring harness, 12-pin",Electrical,2024-10-19,2024-11-16,2024-12-19,3866,3866,10.05,USD,463.92,13500,1682.78,2305.26,No,No,CIF
PO-2024-2922,Chennai Industrial Ltd,Schenker Road,Road,Standard,India,Memphis,USA,Lithium cell pack 5000mAh,Power,2024-10-19,2024-11-04,2024-11-27,2280,2280,16.99,USD,957.60,13500,962.46,1008.59,No,No,DDP
PO-2024-2923,Taipei Micro Systems,UPS Supply Chain,Parcel,Express,Taiwan,Columbus,USA,"Wiring harness, 12-pin",Electrical,2024-10-19,2024-11-05,2024-11-05,356,356,9.48,USD,42.72,12100,372.71,173.05,No,No,EXW
PO-2024-2924,Chennai Industrial Ltd,Maersk Line,Ocean,Standard,India,Reno,USA,Lithium cell pack 5000mAh,Power,2024-10-19,2024-10-28,2024-12-08,2159,2159,17.06,USD,906.78,13500,505.59,2240.12,No,No,EXW
PO-2024-2925,Chennai Industrial Ltd,Maersk Line,Ocean,Standard,India,Reno,USA,USB-C connector module,Electronics,2024-10-19,2024-11-21,2024-12-10,3493,3493,2.18,USD,34.93,13500,98.00,318.14,No,No,FOB
PO-2024-2926,Guadalajara Assembly,Schenker Road,Road,Standard,Mexico,Reno,USA,PCB assembly rev-C,Electronics,2024-10-20,2024-11-02,2024-11-02,1090,879,39.32,USD,87.20,2100,97.22,1800.74,No,No,EXW
PO-2024-2927,Hanoi Components Co,Schenker Road,Road,Standard,Vietnam,Memphis,USA,Lithium cell pack 5000mAh,Power,2024-10-20,2024-11-06,2024-11-17,4665,4665,18.27,USD,1959.30,13200,1810.61,5456.90,No,No,DDP
PO-2024-2928,Guadalajara Assembly,Maersk Line,Ocean,Standard,Mexico,Rotterdam,Netherlands,PCB assembly rev-C,Electronics,2024-10-20,2024-11-11,2024-11-11,4188,4188,43.45,USD,335.04,2100,169.34,8562.83,No,No,EXW
PO-2024-2929,Ostrava Metalworks,Schenker Road,Road,Standard,Czechia,Reno,USA,"Aluminium enclosure, matte",Housings,2024-10-20,2024-11-11,2024-11-11,3621,3621,5.81,USD,1122.51,7400,1035.53,1299.61,No,No,EXW
PO-2024-2930,Guadalajara Assembly,DHL Global Forwarding,Air,Express,Mexico,Columbus,USA,PCB assembly rev-C,Electronics,2024-10-20,2024-11-16,2024-11-16,3573,3573,45.59,USD,285.84,2100,824.80,10185.61,No,No,DDP
PO-2024-2931,Chennai Industrial Ltd,DHL Global Forwarding,Air,Express,India,Rotterdam,Netherlands,"Aluminium enclosure, matte",Housings,2024-10-20,2024-11-19,2024-11-17,3491,3491,5.88,USD,1082.21,13500,3311.97,761.93,No,No,DDP
PO-2024-2932,Hanoi Components Co,DHL Global Forwarding,Air,Express,Vietnam,Memphis,USA,PCB assembly rev-C,Electronics,2024-10-21,2024-11-22,2024-11-22,2455,2455,44.63,USD,196.40,13200,967.63,6009.16,No,No,FOB
PO-2024-2933,Hanoi Components Co,UPS Supply Chain,Parcel,Express,Vietnam,Fort Worth,USA,Steel bracket set,Housings,2024-10-21,2024-11-21,2024-12-07,3023,3023,4.26,USD,1964.95,13200,3993.90,358.32,No,No,CIF
PO-2024-2934,Guadalajara Assembly,Maersk Line,Ocean,Standard,Mexico,Fort Worth,USA,"Aluminium enclosure, matte",Housings,2024-10-21,2024-11-04,2024-11-04,3813,3813,6.34,USD,1182.03,2100,565.30,545.09,No,No,DDP
PO-2024-2935,Hanoi Components Co,UPS Supply Chain,Parcel,Express,Vietnam,Columbus,USA,Lithium cell pack 5000mAh,Power,2024-10-21,2024-11-06,2024-11-11,3446,3446,17.16,USD,1447.32,13200,3025.93,1273.03,No,No,FOB
PO-2024-2936,Shenzhen Precision Works,Maersk Line,Ocean,Standard,China,Memphis,USA,"Wiring harness, 12-pin",Electrical,2024-10-21,2024-11-05,2024-12-03,3432,3432,10.30,USD,411.84,11800,263.93,1163.87,No,No,DDP
PO-2024-2937,Shenzhen Precision Works,Schenker Road,Road,Standard,China,Columbus,USA,USB-C connector module,Electronics,2024-10-21,2024-11-17,2024-11-25,4124,4124,2.34,USD,41.24,11800,164.85,407.43,No,No,CIF
PO-2024-2938,Hanoi Components Co,DHL Global Forwarding,Air,Express,Vietnam,Columbus,USA,"Aluminium enclosure, matte",Housings,2024-10-21,2024-11-22,2024-11-20,978,978,6.66,USD,303.18,13200,1249.00,268.57,No,No,FOB
PO-2024-2939,Hanoi Components Co,DHL Global Forwarding,Air,Express,Vietnam,Memphis,USA,Steel bracket set,Housings,2024-10-22,2024-11-13,2024-11-13,840,840,4.17,USD,546.00,13200,1888.83,134.76,No,No,FOB
PO-2024-2940,Hanoi Components Co,UPS Supply Chain,Parcel,Express,Vietnam,Fort Worth,USA,Cooling fan 40mm,Thermal,2024-10-22,2024-11-08,2024-11-25,1727,1727,3.85,USD,69.08,13200,448.62,355.02,No,No,FOB
PO-2024-2941,Guadalajara Assembly,UPS Supply Chain,Parcel,Express,Mexico,Reno,USA,PCB assembly rev-C,Electronics,2024-10-22,2024-11-21,2024-11-19,2993,2993,43.25,USD,239.44,2100,498.57,3567.76,No,No,DDP
PO-2024-2942,Hanoi Components Co,UPS Supply Chain,Parcel,Express,Vietnam,Columbus,USA,Display panel 7in IPS,Electronics,2024-10-22,2024-11-06,2024-11-06,2418,2418,55.29,USD,459.42,13200,1178.56,5023.69,No,No,FOB
PO-2024-2943,Hanoi Components Co,UPS Supply Chain,Parcel,Express,Vietnam,Fort Worth,USA,PCB assembly rev-C,Electronics,2024-10-22,2024-11-22,2024-12-10,4573,4573,39.36,USD,365.84,13200,1003.56,6494.40,No,No,DDP
PO-2024-2944,Guadalajara Assembly,UPS Supply Chain,Parcel,Express,Mexico,Reno,USA,Cooling fan 40mm,Thermal,2024-10-22,2024-11-14,2024-11-19,91,91,3.66,USD,3.64,2100,57.63,20.01,No,No,FOB
PO-2024-2945,Taipei Micro Systems,DHL Global Forwarding,Air,Express,Taiwan,Rotterdam,Netherlands,Lithium cell pack 5000mAh,Power,2024-10-22,2024-10-31,2024-10-31,1053,1053,17.37,USD,442.26,12100,1577.97,647.67,No,No,FOB
PO-2024-2946,Ostrava Metalworks,DHL Global Forwarding,Air,Express,Czechia,Fort Worth,USA,PCB assembly rev-C,Electronics,2024-10-23,2024-11-25,2024-11-25,3747,3747,39.45,USD,299.76,7400,1042.21,3329.89,No,No,DDP
PO-2024-2947,Hanoi Components Co,Schenker Road,Road,Standard,Vietnam,Memphis,USA,"Wiring harness, 12-pin",Electrical,2024-10-23,2024-11-17,2024-11-17,621,621,10.09,USD,74.52,13200,208.54,384.34,No,No,DDP
PO-2024-2948,Chennai Industrial Ltd,DHL Global Forwarding,Air,Express,India,Memphis,USA,Lithium cell pack 5000mAh,Power,2024-10-23,2024-11-18,2024-12-11,2862,2862,19.81,USD,1202.04,13500,3627.73,1566.86,No,No,FOB
PO-2024-2949,Taipei Micro Systems,DHL Global Forwarding,Air,Express,Taiwan,Fort Worth,USA,PCB assembly rev-C,Electronics,2024-10-23,2024-11-18,2024-11-29,4083,4083,38.52,USD,326.64,12100,1273.31,10030.60,No,No,CIF
PO-2024-2950,Shenzhen Precision Works,UPS Supply Chain,Parcel,Express,China,Columbus,USA,USB-C connector module,Electronics,2024-10-23,2024-11-03,2024-12-02,3803,3803,2.05,USD,38.03,11800,356.68,378.41,No,No,EXW
PO-2024-2951,Chennai Industrial Ltd,UPS Supply Chain,Parcel,Express,India,Rotterdam,Netherlands,Cooling fan 40mm,Thermal,2024-10-23,2024-11-13,2024-11-12,2498,2498,3.60,USD,99.92,13500,513.55,558.20,No,No,EXW
PO-2024-2952,Taipei Micro Systems,Maersk Line,Ocean,Standard,Taiwan,Memphis,USA,Lithium cell pack 5000mAh,Power,2024-10-24,2024-11-11,2024-12-05,1412,1412,17.97,USD,593.04,12100,350.45,1320.22,No,No,FOB
PO-2024-2953,Hanoi Components Co,Maersk Line,Ocean,Standard,Vietnam,Reno,USA,"Wiring harness, 12-pin",Electrical,2024-10-24,2024-11-15,2024-11-15,772,772,9.49,USD,92.64,13200,123.17,278.06,No,No,DDP
PO-2024-2954,Guadalajara Assembly,UPS Supply Chain,Parcel,Express,Mexico,Fort Worth,USA,"Aluminium enclosure, matte",Housings,2024-10-24,2024-11-07,2024-11-06,55,55,6.12,USD,17.05,2100,82.70,19.94,No,No,DDP
PO-2024-2955,Ostrava Metalworks,Schenker Road,Road,Standard,Czechia,Fort Worth,USA,PCB assembly rev-C,Electronics,2024-10-24,2024-11-11,2024-11-10,2056,2056,44.05,USD,164.48,7400,221.21,3306.06,No,No,FOB
PO-2024-2956,Hanoi Components Co,DHL Global Forwarding,Air,Express,Vietnam,Reno,USA,Steel bracket set,Housings,2024-10-24,2024-11-09,2024-11-30,1320,1320,4.17,USD,858.00,13200,2710.95,230.79,No,No,DDP
PO-2024-2957,Guadalajara Assembly,DHL Global Forwarding,Air,Express,Mexico,Rotterdam,Netherlands,"Aluminium enclosure, matte",Housings,2024-10-24,2024-11-27,2024-11-27,723,723,6.54,USD,224.13,2100,662.19,290.02,No,No,FOB
PO-2024-2958,Shenzhen Precision Works,Maersk Line,Ocean,Standard,China,Reno,USA,USB-C connector module,Electronics,2024-10-24,2024-11-04,2024-11-30,2727,2727,2.04,USD,27.27,11800,84.14,122.52,No,No,EXW
PO-2024-2959,Hanoi Components Co,Schenker Road,Road,Standard,Vietnam,Memphis,USA,Cooling fan 40mm,Thermal,2024-10-25,2024-11-10,2024-11-21,3446,3446,3.60,USD,137.84,13200,262.36,506.50,No,No,EXW
PO-2024-2960,Hanoi Components Co,UPS Supply Chain,Parcel,Express,Vietnam,Fort Worth,USA,Display panel 7in IPS,Electronics,2024-10-25,2024-11-09,2024-11-07,2000,2000,56.74,USD,380.00,13200,1030.04,4619.61,No,No,CIF
PO-2024-2961,Shenzhen Precision Works,DHL Global Forwarding,Air,Express,China,Memphis,USA,Steel bracket set,Housings,2024-10-25,2024-11-05,2024-11-28,2440,2440,4.50,USD,1586.00,11800,4581.49,519.80,No,No,EXW
PO-2024-2962,Taipei Micro Systems,Maersk Line,Ocean,Standard,Taiwan,Fort Worth,USA,"Wiring harness, 12-pin",Electrical,2024-10-25,2024-11-16,2024-11-28,4163,3924,9.00,USD,499.56,12100,306.75,1550.66,No,No,DDP
PO-2024-2963,Shenzhen Precision Works,Maersk Line,Ocean,Standard,China,Reno,USA,Lithium cell pack 5000mAh,Power,2024-10-25,2024-11-27,2024-12-24,4721,4721,19.86,USD,1982.82,11800,998.36,2851.46,Yes,Yes,CIF
PO-2024-2964,Shenzhen Precision Works,Maersk Line,Ocean,Standard,China,Rotterdam,Netherlands,Display panel 7in IPS,Electronics,2024-10-25,2024-11-18,2024-12-15,4686,4686,54.15,USD,890.34,11800,487.62,10612.50,No,No,CIF
PO-2024-2965,Shenzhen Precision Works,UPS Supply Chain,Parcel,Express,China,Rotterdam,Netherlands,USB-C connector module,Electronics,2024-10-26,2024-11-21,2024-11-21,3815,3815,2.12,USD,38.15,11800,356.90,503.19,No,No,FOB
PO-2024-2966,Guadalajara Assembly,Maersk Line,Ocean,Standard,Mexico,Columbus,USA,Display panel 7in IPS,Electronics,2024-10-26,2024-11-14,2024-11-14,2366,2366,58.53,USD,449.54,2100,222.86,8264.41,No,No,FOB
PO-2024-2967,Shenzhen Precision Works,Maersk Line,Ocean,Standard,China,Reno,USA,USB-C connector module,Electronics,2024-10-26,2024-11-20,2024-12-25,2897,2897,2.07,USD,28.97,11800,84.93,126.58,No,No,EXW
PO-2024-2968,Shenzhen Precision Works,Schenker Road,Road,Standard,China,Columbus,USA,PCB assembly rev-C,Electronics,2024-10-26,2024-11-26,2024-12-25,899,899,43.55,USD,71.92,11800,190.93,975.59,No,No,DDP
PO-2024-2969,Guadalajara Assembly,UPS Supply Chain,Parcel,Express,Mexico,Rotterdam,Netherlands,Steel bracket set,Housings,2024-10-26,2024-11-25,2024-11-25,1122,1122,4.13,USD,729.30,2100,1414.61,107.72,No,No,CIF
PO-2024-2970,Ostrava Metalworks,Schenker Road,Road,Standard,Czechia,Fort Worth,USA,USB-C connector module,Electronics,2024-10-26,2024-11-07,2024-11-06,3370,3370,2.06,USD,33.70,7400,110.04,325.23,No,No,CIF
PO-2024-2971,Hanoi Components Co,Schenker Road,Road,Standard,Vietnam,Rotterdam,Netherlands,USB-C connector module,Electronics,2024-10-26,2024-11-14,2024-12-01,3677,3150,2.20,USD,36.77,13200,176.45,378.73,No,No,DDP
PO-2024-2972,Shenzhen Precision Works,UPS Supply Chain,Parcel,Express,China,Rotterdam,Netherlands,Cooling fan 40mm,Thermal,2024-10-27,2024-11-24,2024-12-09,3744,3744,3.94,USD,149.76,11800,565.61,377.79,No,No,CIF
PO-2024-2973,Shenzhen Precision Works,UPS Supply Chain,Parcel,Express,China,Reno,USA,Lithium cell pack 5000mAh,Power,2024-10-27,2024-11-15,2024-12-18,994,994,18.12,USD,417.48,11800,1066.25,877.95,No,No,DDP
PO-2024-2974,Chennai Industrial Ltd,DHL Global Forwarding,Air,Express,India,Fort Worth,USA,Steel bracket set,Housings,2024-10-27,2024-11-09,2024-12-20,1283,1283,4.45,USD,833.95,13500,2657.81,336.75,No,No,DDP
PO-2024-2975,Shenzhen Precision Works,Schenker Road,Road,Standard,China,Rotterdam,Netherlands,Steel bracket set,Housings,2024-10-27,2024-11-10,2024-11-09,533,533,4.23,USD,346.45,11800,424.28,93.65,Yes,Yes,DDP
PO-2024-2976,Taipei Micro Systems,UPS Supply Chain,Parcel,Express,Taiwan,Columbus,USA,Display panel 7in IPS,Electronics,2024-10-27,2024-11-06,2024-11-06,2956,2956,54.04,USD,561.64,12100,1343.09,3738.55,No,No,CIF
PO-2024-2977,Shenzhen Precision Works,UPS Supply Chain,Parcel,Express,China,Reno,USA,Cooling fan 40mm,Thermal,2024-10-27,2024-11-29,2024-12-10,4666,4666,3.82,USD,186.64,11800,634.58,916.58,No,No,DDP
PO-2024-2978,Hanoi Components Co,Schenker Road,Road,Standard,Vietnam,Columbus,USA,Lithium cell pack 5000mAh,Power,2024-10-27,2024-11-12,2024-11-11,4435,4435,19.93,USD,1862.70,13200,1728.50,2432.57,No,No,EXW
PO-2024-2979,Taipei Micro Systems,UPS Supply Chain,Parcel,Express,Taiwan,Reno,USA,"Wiring harness, 12-pin",Electrical,2024-10-28,2024-11-06,2024-11-06,3470,3470,9.36,USD,416.40,12100,1071.49,1766.12,No,No,DDP
PO-2024-2980,Ostrava Metalworks,Maersk Line,Ocean,Standard,Czechia,Columbus,USA,PCB assembly rev-C,Electronics,2024-10-28,2024-11-14,2024-11-13,4622,4622,44.89,USD,369.76,7400,217.63,5997.26,No,No,EXW
PO-2024-2981,Taipei Micro Systems,Schenker Road,Road,Standard,Taiwan,Columbus,USA,Display panel 7in IPS,Electronics,2024-10-28,2024-11-19,2024-11-19,4133,4133,54.21,USD,785.27,12100,800.58,9887.26,No,No,CIF
PO-2024-2982,Hanoi Components Co,Schenker Road,Road,Standard,Vietnam,Memphis,USA,Cooling fan 40mm,Thermal,2024-10-28,2024-11-27,2024-11-26,3682,3682,3.71,USD,147.28,13200,270.39,639.37,No,No,FOB
PO-2024-2983,Shenzhen Precision Works,DHL Global Forwarding,Air,Express,China,Memphis,USA,Cooling fan 40mm,Thermal,2024-10-28,2024-11-19,2024-12-08,4532,4532,3.98,USD,181.28,11800,880.05,941.09,No,No,CIF
PO-2024-2984,Guadalajara Assembly,Schenker Road,Road,Standard,Mexico,Columbus,USA,Display panel 7in IPS,Electronics,2024-10-28,2024-11-17,2024-11-17,3466,3466,59.33,USD,658.54,2100,582.86,9455.69,No,No,EXW
PO-2024-2985,Hanoi Components Co,DHL Global Forwarding,Air,Express,Vietnam,Reno,USA,Lithium cell pack 5000mAh,Power,2024-10-29,2024-11-28,2024-11-26,928,928,20.27,USD,389.76,13200,1477.14,738.51,No,No,DDP
PO-2024-2986,Guadalajara Assembly,UPS Supply Chain,Parcel,Express,Mexico,Rotterdam,Netherlands,Cooling fan 40mm,Thermal,2024-10-29,2024-11-14,2024-11-12,4095,4095,3.90,USD,163.80,2100,357.13,365.28,No,No,DDP
PO-2024-2987,Shenzhen Precision Works,UPS Supply Chain,Parcel,Express,China,Fort Worth,USA,Lithium cell pack 5000mAh,Power,2024-10-29,2024-11-20,2024-12-16,1589,1589,19.51,USD,667.38,11800,1533.56,664.24,No,No,EXW
PO-2024-2988,Chennai Industrial Ltd,Schenker Road,Road,Standard,India,Memphis,USA,"Wiring harness, 12-pin",Electrical,2024-10-29,2024-11-27,2024-12-17,230,230,10.61,USD,27.60,13500,171.96,124.28,No,No,FOB
PO-2024-2989,Taipei Micro Systems,Schenker Road,Road,Standard,Taiwan,Columbus,USA,"Wiring harness, 12-pin",Electrical,2024-10-29,2024-11-26,2024-12-16,1523,1523,9.98,USD,182.76,12100,288.45,981.47,No,No,CIF
PO-2024-2990,Guadalajara Assembly,DHL Global Forwarding,Air,Express,Mexico,Memphis,USA,Cooling fan 40mm,Thermal,2024-10-29,2024-11-27,2024-11-27,1349,1349,3.52,USD,53.96,2100,213.79,225.22,No,No,CIF
PO-2024-2991,Taipei Micro Systems,DHL Global Forwarding,Air,Express,Taiwan,Rotterdam,Netherlands,Lithium cell pack 5000mAh,Power,2024-10-29,2024-11-18,2024-12-07,205,205,18.22,USD,86.10,12100,639.48,176.12,No,No,EXW
PO-2024-2992,Hanoi Components Co,UPS Supply Chain,Parcel,Express,Vietnam,Columbus,USA,"Wiring harness, 12-pin",Electrical,2024-10-30,2024-11-08,2024-11-08,3693,3046,9.95,USD,443.16,13200,1148.15,1457.29,No,No,FOB
PO-2024-2993,Guadalajara Assembly,UPS Supply Chain,Parcel,Express,Mexico,Memphis,USA,"Wiring harness, 12-pin",Electrical,2024-10-30,2024-11-20,2024-11-18,349,349,9.14,USD,41.88,2100,129.14,109.92,No,No,FOB
PO-2024-2994,Shenzhen Precision Works,Maersk Line,Ocean,Standard,China,Rotterdam,Netherlands,Cooling fan 40mm,Thermal,2024-10-30,2024-11-23,2024-12-22,541,541,3.55,USD,21.64,11800,81.51,76.84,No,No,CIF
PO-2024-2995,Shenzhen Precision Works,Maersk Line,Ocean,Standard,China,Fort Worth,USA,"Aluminium enclosure, matte",Housings,2024-10-30,2024-11-11,2024-11-25,4602,4602,6.40,USD,1426.62,11800,738.33,989.92,No,No,DDP
PO-2024-2996,Shenzhen Precision Works,Maersk Line,Ocean,Standard,China,Rotterdam,Netherlands,"Wiring harness, 12-pin",Electrical,2024-10-30,2024-11-10,2024-11-24,335,335,9.80,USD,40.20,11800,90.18,162.01,No,No,DDP
PO-2024-2997,Shenzhen Precision Works,UPS Supply Chain,Parcel,Express,China,Columbus,USA,"Aluminium enclosure, matte",Housings,2024-10-30,2024-11-09,2024-11-27,4260,4260,6.15,USD,1320.60,11800,2755.08,1628.58,No,No,FOB
PO-2024-2998,Taipei Micro Systems,DHL Global Forwarding,Air,Express,Taiwan,Fort Worth,USA,Lithium cell pack 5000mAh,Power,2024-10-31,2024-11-22,2024-11-22,4554,4554,19.45,USD,1912.68,12100,5452.52,3307.39,No,No,EXW
PO-2024-2999,Shenzhen Precision Works,Maersk Line,Ocean,Standard,China,Rotterdam,Netherlands,"Aluminium enclosure, matte",Housings,2024-10-31,2024-12-01,2024-12-19,3965,3965,5.96,USD,1229.15,11800,646.02,1496.45,No,No,FOB
PO-2024-3000,Hanoi Components Co,UPS Supply Chain,Parcel,Express,Vietnam,Fort Worth,USA,PCB assembly rev-C,Electronics,2024-10-31,2024-11-20,2024-11-26,4185,4185,42.26,USD,334.80,13200,945.52,9329.48,No,No,CIF
PO-2024-3001,Hanoi Components Co,DHL Global Forwarding,Air,Express,Vietnam,Reno,USA,Cooling fan 40mm,Thermal,2024-10-31,2024-11-21,2024-11-21,1751,1751,3.55,USD,70.04,13200,634.68,390.00,No,No,FOB
PO-2024-3002,Guadalajara Assembly,Maersk Line,Ocean,Standard,Mexico,Memphis,USA,Cooling fan 40mm,Thermal,2024-10-31,2024-11-21,2024-11-20,3651,3651,3.93,USD,146.04,2100,80.98,299.45,No,No,FOB
PO-2024-3003,Shenzhen Precision Works,UPS Supply Chain,Parcel,Express,China,Columbus,USA,Display panel 7in IPS,Electronics,2024-10-31,2024-11-26,2024-12-14,4788,4788,55.99,USD,909.72,11800,1986.74,17371.04,No,No,FOB
PO-2024-3004,Guadalajara Assembly,Schenker Road,Road,Standard,Mexico,Memphis,USA,Steel bracket set,Housings,2024-10-31,2024-11-26,2024-12-01,1729,1729,4.00,USD,1123.85,2100,978.37,195.76,No,No,CIF
PO-2024-3005,Shenzhen Precision Works,Maersk Line,Ocean,Standard,China,Columbus,USA,USB-C connector module,Electronics,2024-11-01,2024-11-29,2024-12-11,4484,4484,2.33,USD,44.84,11800,92.35,228.96,No,No,EXW
PO-2024-3006,Shenzhen Precision Works,DHL Global Forwarding,Air,Express,China,Memphis,USA,Cooling fan 40mm,Thermal,2024-11-01,2024-11-21,2024-11-21,4274,4274,3.36,USD,170.96,11800,852.86,538.23,No,No,DDP
PO-2024-3007,Taipei Micro Systems,Schenker Road,Road,Standard,Taiwan,Columbus,USA,USB-C connector module,Electronics,2024-11-01,2024-11-12,2024-11-12,1227,1227,2.07,USD,12.27,12100,143.53,161.20,No,No,DDP
PO-2024-3008,Guadalajara Assembly,DHL Global Forwarding,Air,Express,Mexico,Memphis,USA,Cooling fan 40mm,Thermal,2024-11-01,2024-11-12,2024-11-19,2069,2069,3.32,USD,82.76,2100,289.68,333.01,No,No,FOB
PO-2024-3009,Hanoi Components Co,Schenker Road,Road,Standard,Vietnam,Reno,USA,Cooling fan 40mm,Thermal,2024-11-01,2024-11-10,2024-11-24,4505,4505,3.74,USD,180.20,13200,298.37,663.18,No,No,EXW
PO-2024-3010,Shenzhen Precision Works,Maersk Line,Ocean,Standard,China,Columbus,USA,PCB assembly rev-C,Electronics,2024-11-01,2024-11-25,2025-01-01,1254,1254,44.33,USD,100.32,11800,118.29,1550.44,No,No,CIF
PO-2024-3011,Hanoi Components Co,Schenker Road,Road,Standard,Vietnam,Columbus,USA,USB-C connector module,Electronics,2024-11-02,2024-12-04,2024-12-03,3039,3039,2.15,USD,30.39,13200,171.03,370.31,No,No,CIF
PO-2024-3012,Hanoi Components Co,Schenker Road,Road,Standard,Vietnam,Columbus,USA,Lithium cell pack 5000mAh,Power,2024-11-02,2024-12-01,2024-12-16,2785,2785,17.50,USD,1169.70,13200,1139.44,1665.09,No,No,CIF
PO-2024-3013,Shenzhen Precision Works,DHL Global Forwarding,Air,Express,China,Memphis,USA,Cooling fan 40mm,Thermal,2024-11-02,2024-11-13,2024-11-13,1656,1656,3.59,USD,66.24,11800,576.92,340.52,No,No,FOB
PO-2024-3014,Hanoi Components Co,Maersk Line,Ocean,Standard,Vietnam,Reno,USA,Lithium cell pack 5000mAh,Power,2024-11-02,2024-11-12,2024-11-12,3614,3614,20.20,USD,1517.88,13200,789.47,2634.37,No,No,EXW
PO-2024-3015,Chennai Industrial Ltd,Schenker Road,Road,Standard,India,Memphis,USA,Display panel 7in IPS,Electronics,2024-11-02,2024-11-22,2024-12-18,492,492,52.53,USD,93.48,13500,227.96,1330.38,Yes,No,FOB
PO-2024-3016,Shenzhen Precision Works,UPS Supply Chain,Parcel,Express,China,Memphis,USA,Steel bracket set,Housings,2024-11-02,2024-11-30,2024-11-30,3219,3219,4.44,USD,2092.35,11800,4198.25,684.87,No,No,CIF
PO-2024-3017,Shenzhen Precision Works,DHL Global Forwarding,Air,Express,China,Fort Worth,USA,USB-C connector module,Electronics,2024-11-02,2024-11-29,2024-12-24,3881,3881,2.15,USD,38.81,11800,504.64,484.84,No,No,CIF
PO-2024-3018,Shenzhen Precision Works,Schenker Road,Road,Standard,China,Columbus,USA,PCB assembly rev-C,Electronics,2024-11-03,2024-11-29,2024-12-24,570,570,39.70,USD,45.60,11800,168.56,988.16,No,No,DDP
PO-2024-3019,Shenzhen Precision Works,Maersk Line,Ocean,Standard,China,Rotterdam,Netherlands,Lithium cell pack 5000mAh,Power,2024-11-03,2024-11-29,2024-12-19,4248,4248,19.04,USD,1784.16,11800,905.48,4517.07,No,No,DDP
PO-2024-3020,Shenzhen Precision Works,UPS Supply Chain,Parcel,Express,China,Fort Worth,USA,USB-C connector module,Electronics,2024-11-03,2024-11-25,2024-12-19,4691,4691,2.34,USD,46.91,11800,373.28,562.70,No,No,FOB
PO-2024-3021,Guadalajara Assembly,Maersk Line,Ocean,Standard,Mexico,Fort Worth,USA,"Wiring harness, 12-pin",Electrical,2024-11-03,2024-11-16,2024-11-16,2861,2861,9.50,USD,343.32,2100,173.21,630.86,No,No,CIF
PO-2024-3022,Hanoi Components Co,UPS Supply Chain,Parcel,Express,Vietnam,Memphis,USA,"Wiring harness, 12-pin",Electrical,2024-11-03,2024-11-26,2024-11-26,2795,2795,10.33,USD,335.40,13200,946.64,619.26,No,No,FOB
PO-2024-3023,Shenzhen Precision Works,DHL Global Forwarding,Air,Express,China,Memphis,USA,Steel bracket set,Housings,2024-11-03,2024-11-19,2024-12-07,284,284,4.47,USD,184.60,11800,888.80,81.71,No,No,EXW
PO-2024-3024,Ostrava Metalworks,Schenker Road,Road,Standard,Czechia,Fort Worth,USA,"Wiring harness, 12-pin",Electrical,2024-11-03,2024-11-19,2024-11-19,2094,2094,10.08,USD,251.28,7400,294.99,625.14,No,No,EXW
PO-2024-3025,Shenzhen Precision Works,Maersk Line,Ocean,Standard,China,Columbus,USA,Lithium cell pack 5000mAh,Power,2024-11-04,2024-11-20,2024-12-20,3919,3919,18.91,USD,1645.98,11800,840.89,4585.61,No,No,FOB
PO-2024-3026,Shenzhen Precision Works,Maersk Line,Ocean,Standard,China,Memphis,USA,Lithium cell pack 5000mAh,Power,2024-11-04,2024-12-02,2024-12-10,132,132,19.50,USD,55.44,11800,97.31,102.25,No,No,CIF
PO-2024-3027,Taipei Micro Systems,Schenker Road,Road,Standard,Taiwan,Fort Worth,USA,PCB assembly rev-C,Electronics,2024-11-04,2024-11-16,2024-11-16,2061,2061,45.96,USD,164.88,12100,273.25,6025.92,No,No,EXW
PO-2024-3028,Shenzhen Precision Works,DHL Global Forwarding,Air,Express,China,Columbus,USA,Lithium cell pack 5000mAh,Power,2024-11-04,2024-12-08,2024-12-31,2630,2630,19.53,USD,1104.60,11800,3313.00,2967.24,No,No,FOB
PO-2024-3029,Taipei Micro Systems,Schenker Road,Road,Standard,Taiwan,Columbus,USA,Steel bracket set,Housings,2024-11-04,2024-11-24,2024-11-24,790,790,4.71,USD,513.50,12100,569.57,162.38,No,No,EXW
PO-2024-3030,Shenzhen Precision Works,Maersk Line,Ocean,Standard,China,Rotterdam,Netherlands,Steel bracket set,Housings,2024-11-04,2024-12-08,2024-12-26,155,155,4.77,USD,100.75,11800,118.49,37.87,No,No,CIF
PO-2024-3031,Shenzhen Precision Works,UPS Supply Chain,Parcel,Express,China,Memphis,USA,"Aluminium enclosure, matte",Housings,2024-11-05,2024-11-25,2024-12-15,3981,3981,6.93,USD,1234.11,11800,2593.35,823.00,No,No,EXW
PO-2024-3032,Chennai Industrial Ltd,UPS Supply Chain,Parcel,Express,India,Memphis,USA,USB-C connector module,Electronics,2024-11-05,2024-12-05,2024-12-03,4366,4366,2.06,USD,43.66,13500,408.34,385.90,No,No,CIF
PO-2024-3033,Taipei Micro Systems,DHL Global Forwarding,Air,Express,Taiwan,Columbus,USA,USB-C connector module,Electronics,2024-11-05,2024-12-04,2024-12-03,2072,2072,2.21,USD,20.72,12100,467.21,145.41,No,No,DDP
PO-2024-3034,Shenzhen Precision Works,Maersk Line,Ocean,Standard,China,Columbus,USA,"Wiring harness, 12-pin",Electrical,2024-11-05,2024-12-02,2024-12-15,1934,1934,9.64,USD,232.08,11800,179.89,1007.20,No,No,DDP
PO-2024-3035,Hanoi Components Co,DHL Global Forwarding,Air,Express,Vietnam,Rotterdam,Netherlands,Steel bracket set,Housings,2024-11-05,2024-11-19,2024-11-18,4615,4615,4.75,USD,2999.75,13200,8354.46,804.98,No,No,EXW
PO-2024-3036,Chennai Industrial Ltd,Maersk Line,Ocean,Standard,India,Memphis,USA,Lithium cell pack 5000mAh,Power,2024-11-05,2024-11-23,2024-12-29,1764,1764,17.60,USD,740.88,13500,428.04,1984.12,No,No,DDP
PO-2024-3037,Shenzhen Precision Works,Schenker Road,Road,Standard,China,Fort Worth,USA,Cooling fan 40mm,Thermal,2024-11-05,2024-12-07,2024-12-24,3716,3716,3.96,USD,148.64,11800,256.14,434.46,No,No,DDP
PO-2024-3038,Hanoi Components Co,UPS Supply Chain,Parcel,Express,Vietnam,Fort Worth,USA,PCB assembly rev-C,Electronics,2024-11-06,2024-11-19,2024-11-28,921,921,39.96,USD,73.68,13200,457.22,1224.00,No,No,DDP
PO-2024-3039,Chennai Industrial Ltd,DHL Global Forwarding,Air,Express,India,Memphis,USA,Cooling fan 40mm,Thermal,2024-11-06,2024-11-30,2025-01-04,4168,4168,3.64,USD,166.72,13500,899.66,701.19,No,No,FOB
PO-2024-3040,Guadalajara Assembly,DHL Global Forwarding,Air,Express,Mexico,Rotterdam,Netherlands,USB-C connector module,Electronics,2024-11-06,2024-12-08,2024-12-08,991,923,2.09,USD,9.91,2100,97.72,47.45,No,No,DDP
PO-2024-3041,Shenzhen Precision Works,Schenker Road,Road,Standard,China,Fort Worth,USA,Display panel 7in IPS,Electronics,2024-11-06,2024-12-02,2024-12-19,3917,3917,53.45,USD,744.23,11800,762.40,8624.08,No,No,EXW
PO-2024-3042,Guadalajara Assembly,Maersk Line,Ocean,Standard,Mexico,Fort Worth,USA,"Aluminium enclosure, matte",Housings,2024-11-06,2024-11-15,2024-11-21,1654,1654,6.38,USD,512.74,2100,252.41,283.60,Yes,No,DDP
PO-2024-3043,Ostrava Metalworks,Maersk Line,Ocean,Standard,Czechia,Fort Worth,USA,"Wiring harness, 12-pin",Electrical,2024-11-06,2024-11-27,2024-11-25,403,403,10.77,USD,48.36,7400,67.38,95.87,No,No,FOB
PO-2024-3044,Chennai Industrial Ltd,Maersk Line,Ocean,Standard,India,Columbus,USA,USB-C connector module,Electronics,2024-11-07,2024-11-27,2025-01-05,224,224,2.38,USD,2.24,13500,82.72,24.79,No,No,FOB
PO-2024-3045,Shenzhen Precision Works,UPS Supply Chain,Parcel,Express,China,Columbus,USA,PCB assembly rev-C,Electronics,2024-11-07,2024-12-06,2025-01-02,1823,1823,38.99,USD,145.84,11800,558.28,4145.45,No,No,FOB
PO-2024-3046,Hanoi Components Co,Schenker Road,Road,Standard,Vietnam,Rotterdam,Netherlands,Lithium cell pack 5000mAh,Power,2024-11-07,2024-11-17,2024-12-04,2403,2220,20.03,USD,1009.26,13200,1003.07,1749.53,No,No,FOB
PO-2024-3047,Chennai Industrial Ltd,UPS Supply Chain,Parcel,Express,India,Rotterdam,Netherlands,"Wiring harness, 12-pin",Electrical,2024-11-07,2024-11-30,2024-11-30,1713,1713,9.34,USD,205.56,13500,711.10,1013.48,No,No,CIF
PO-2024-3048,Ostrava Metalworks,DHL Global Forwarding,Air,Express,Czechia,Memphis,USA,Cooling fan 40mm,Thermal,2024-11-07,2024-11-25,2024-11-29,3282,3282,3.63,USD,131.28,7400,598.26,746.49,No,No,DDP
PO-2024-3049,Taipei Micro Systems,UPS Supply Chain,Parcel,Express,Taiwan,Columbus,USA,USB-C connector module,Electronics,2024-11-07,2024-11-21,2024-11-21,2323,2323,2.03,USD,23.23,12100,336.26,226.87,No,No,FOB
PO-2024-3050,Taipei Micro Systems,UPS Supply Chain,Parcel,Express,Taiwan,Columbus,USA,Cooling fan 40mm,Thermal,2024-11-07,2024-12-11,2024-12-10,3606,3606,3.66,USD,144.24,12100,562.55,469.11,No,No,EXW
PO-2024-3051,Shenzhen Precision Works,UPS Supply Chain,Parcel,Express,China,Rotterdam,Netherlands,Lithium cell pack 5000mAh,Power,2024-11-08,2024-11-22,2024-11-20,2194,2194,18.68,USD,921.48,11800,2008.73,1501.82,No,No,DDP
PO-2024-3052,Chennai Industrial Ltd,Schenker Road,Road,Standard,India,Rotterdam,Netherlands,"Wiring harness, 12-pin",Electrical,2024-11-08,2024-12-12,2025-01-14,4084,4084,10.20,USD,490.08,13500,565.07,2331.06,No,No,DDP
PO-2024-3053,Hanoi Components Co,DHL Global Forwarding,Air,Express,Vietnam,Memphis,USA,Display panel 7in IPS,Electronics,2024-11-08,2024-11-17,2024-11-17,869,869,57.49,USD,165.11,13200,885.18,2041.71,No,No,EXW
PO-2024-3054,Shenzhen Precision Works,UPS Supply Chain,Parcel,Express,China,Memphis,USA,Display panel 7in IPS,Electronics,2024-11-08,2024-12-04,2024-12-02,3773,3773,52.08,USD,716.87,11800,1626.11,4538.04,No,No,EXW
PO-2024-3055,Shenzhen Precision Works,Schenker Road,Road,Standard,China,Rotterdam,Netherlands,Cooling fan 40mm,Thermal,2024-11-08,2024-12-10,2025-01-04,4562,4562,3.82,USD,182.48,11800,284.91,476.31,No,No,EXW
PO-2024-3056,Hanoi Components Co,UPS Supply Chain,Parcel,Express,Vietnam,Columbus,USA,"Aluminium enclosure, matte",Housings,2024-11-08,2024-12-09,2024-12-09,1047,1047,5.95,USD,324.57,13200,926.39,364.02,No,No,EXW
PO-2024-3057,Shenzhen Precision Works,DHL Global Forwarding,Air,Express,China,Columbus,USA,PCB assembly rev-C,Electronics,2024-11-08,2024-11-28,2025-01-07,3187,3187,39.98,USD,254.96,11800,1074.20,8223.50,No,No,FOB
PO-2024-3058,Shenzhen Precision Works,DHL Global Forwarding,Air,Express,China,Columbus,USA,"Wiring harness, 12-pin",Electrical,2024-11-09,2024-11-25,2024-12-12,3520,3520,9.27,USD,422.40,11800,1515.40,1346.53,Yes,Yes,CIF
PO-2024-3059,Hanoi Components Co,DHL Global Forwarding,Air,Express,Vietnam,Rotterdam,Netherlands,Steel bracket set,Housings,2024-11-09,2024-12-13,2024-12-13,4088,4088,4.66,USD,2657.20,13200,7451.84,515.93,No,No,DDP
PO-2024-3060,Ostrava Metalworks,UPS Supply Chain,Parcel,Express,Czechia,Memphis,USA,USB-C connector module,Electronics,2024-11-09,2024-12-01,2024-12-01,114,114,2.16,USD,1.14,7400,181.21,15.28,No,No,EXW
PO-2024-3061,Hanoi Components Co,UPS Supply Chain,Parcel,Express,Vietnam,Rotterdam,Netherlands,"Wiring harness, 12-pin",Electrical,2024-11-09,2024-11-25,2024-11-23,211,211,9.59,USD,25.32,13200,366.79,116.96,No,No,DDP
PO-2024-3062,Taipei Micro Systems,Maersk Line,Ocean,Standard,Taiwan,Columbus,USA,Cooling fan 40mm,Thermal,2024-11-09,2024-11-19,2024-11-17,4511,3736,3.60,USD,180.44,12100,157.56,943.31,No,No,EXW
PO-2024-3063,Chennai Industrial Ltd,Schenker Road,Road,Standard,India,Rotterdam,Netherlands,USB-C connector module,Electronics,2024-11-09,2024-11-18,2024-11-16,1627,1627,2.23,USD,16.27,13500,162.33,74.79,No,No,FOB
PO-2024-3064,Guadalajara Assembly,DHL Global Forwarding,Air,Express,Mexico,Columbus,USA,USB-C connector module,Electronics,2024-11-10,2024-11-21,2024-11-21,2632,2632,2.37,USD,26.32,2100,140.96,385.49,No,No,FOB
PO-2024-3065,Guadalajara Assembly,Schenker Road,Road,Standard,Mexico,Memphis,USA,"Aluminium enclosure, matte",Housings,2024-11-10,2024-11-26,2024-11-26,2887,2887,6.75,USD,894.97,2100,783.82,397.91,No,No,EXW
PO-2024-3066,Hanoi Components Co,Maersk Line,Ocean,Standard,Vietnam,Rotterdam,Netherlands,Steel bracket set,Housings,2024-11-10,2024-11-27,2024-12-10,674,674,4.28,USD,438.10,13200,284.67,169.34,No,No,DDP
PO-2024-3067,Hanoi Components Co,UPS Supply Chain,Parcel,Express,Vietnam,Rotterdam,Netherlands,PCB assembly rev-C,Electronics,2024-11-10,2024-11-20,2024-11-20,827,827,42.74,USD,66.16,13200,443.16,2286.40,No,No,FOB
PO-2024-3068,Chennai Industrial Ltd,Schenker Road,Road,Standard,India,Columbus,USA,"Wiring harness, 12-pin",Electrical,2024-11-10,2024-11-28,2024-12-22,1368,1368,9.82,USD,164.16,13500,288.04,283.35,No,No,CIF
PO-2024-3069,Shenzhen Precision Works,Schenker Road,Road,Standard,China,Rotterdam,Netherlands,PCB assembly rev-C,Electronics,2024-11-10,2024-12-04,2024-12-23,1092,1092,43.07,USD,87.36,11800,204.06,1757.72,No,No,CIF
PO-2024-3070,Chennai Industrial Ltd,Maersk Line,Ocean,Standard,India,Columbus,USA,Display panel 7in IPS,Electronics,2024-11-10,2024-11-20,2024-12-27,394,394,52.46,USD,74.86,13500,116.67,1045.66,No,No,DDP
PO-2024-3071,Shenzhen Precision Works,UPS Supply Chain,Parcel,Express,China,Reno,USA,USB-C connector module,Electronics,2024-11-11,2024-12-05,2025-01-04,4293,4293,2.30,USD,42.93,11800,365.84,266.36,No,No,CIF
PO-2024-3072,Shenzhen Precision Works,Maersk Line,Ocean,Standard,China,Columbus,USA,Cooling fan 40mm,Thermal,2024-11-11,2024-12-04,2024-12-31,3543,3543,3.51,USD,141.72,11800,137.64,323.61,No,No,FOB
PO-2024-3073,Hanoi Components Co,Maersk Line,Ocean,Standard,Vietnam,Fort Worth,USA,"Wiring harness, 12-pin",Electrical,2024-11-11,2024-12-01,2024-12-28,4542,4542,10.65,USD,545.04,13200,334.67,1168.90,No,No,FOB
PO-2024-3074,Hanoi Components Co,UPS Supply Chain,Parcel,Express,Vietnam,Memphis,USA,Steel bracket set,Housings,2024-11-11,2024-12-13,2024-12-12,1119,1119,4.61,USD,727.35,13200,1679.58,130.05,No,No,EXW
PO-2024-3075,Guadalajara Assembly,Maersk Line,Ocean,Standard,Mexico,Columbus,USA,"Wiring harness, 12-pin",Electrical,2024-11-11,2024-12-09,2024-12-09,2783,2675,9.12,USD,333.96,2100,168.83,1648.18,No,No,CIF
PO-2024-3076,Shenzhen Precision Works,DHL Global Forwarding,Air,Express,China,Fort Worth,USA,PCB assembly rev-C,Electronics,2024-11-11,2024-12-04,2024-12-02,74,74,43.32,USD,5.92,11800,417.98,204.52,No,No,EXW
PO-2024-3077,Hanoi Components Co,Maersk Line,Ocean,Standard,Vietnam,Rotterdam,Netherlands,"Aluminium enclosure, matte",Housings,2024-11-12,2024-12-09,2024-12-09,3222,3222,5.91,USD,998.82,13200,546.81,832.24,No,No,DDP
PO-2024-3078,Shenzhen Precision Works,Schenker Road,Road,Standard,China,Rotterdam,Netherlands,"Aluminium enclosure, matte",Housings,2024-11-12,2024-12-05,2024-12-22,3552,3552,5.83,USD,1101.12,11800,1065.75,510.52,No,No,CIF
PO-2024-3079,Shenzhen Precision Works,Schenker Road,Road,Standard,China,Fort Worth,USA,"Wiring harness, 12-pin",Electrical,2024-11-12,2024-11-30,2025-01-02,883,883,10.26,USD,105.96,11800,219.87,239.38,No,No,FOB
PO-2024-3080,Shenzhen Precision Works,Schenker Road,Road,Standard,China,Reno,USA,Lithium cell pack 5000mAh,Power,2024-11-12,2024-11-28,2024-12-19,2303,2303,19.56,USD,967.26,11800,951.97,1065.62,No,No,CIF
PO-2024-3081,Shenzhen Precision Works,Schenker Road,Road,Standard,China,Rotterdam,Netherlands,Display panel 7in IPS,Electronics,2024-11-12,2024-11-21,2024-12-04,1553,1553,49.94,USD,295.07,11800,380.61,1721.55,No,No,FOB
PO-2024-3082,Taipei Micro Systems,Maersk Line,Ocean,Standard,Taiwan,Rotterdam,Netherlands,Display panel 7in IPS,Electronics,2024-11-12,2024-12-11,2025-01-08,3324,3324,57.85,USD,631.56,12100,368.46,7400.22,No,No,DDP
PO-2024-3083,Chennai Industrial Ltd,Maersk Line,Ocean,Standard,India,Rotterdam,Netherlands,"Aluminium enclosure, matte",Housings,2024-11-12,2024-12-06,2025-01-01,4473,4473,6.59,USD,1386.63,13500,729.92,1039.32,Yes,Yes,DDP
PO-2024-3084,Hanoi Components Co,UPS Supply Chain,Parcel,Express,Vietnam,Columbus,USA,USB-C connector module,Electronics,2024-11-13,2024-12-17,2024-12-27,4553,4553,2.15,USD,45.53,13200,404.58,438.65,No,No,FOB
PO-2024-3085,Taipei Micro Systems,DHL Global Forwarding,Air,Express,Taiwan,Reno,USA,PCB assembly rev-C,Electronics,2024-11-13,2024-12-05,2024-12-05,334,334,44.84,USD,26.72,12100,483.02,394.99,No,No,EXW
PO-2024-3086,Hanoi Components Co,Schenker Road,Road,Standard,Vietnam,Memphis,USA,Lithium cell pack 5000mAh,Power,2024-11-13,2024-12-02,2024-12-02,3166,3166,17.34,USD,1329.72,13200,1275.46,3016.20,No,No,DDP
PO-2024-3087,Taipei Micro Systems,DHL Global Forwarding,Air,Express,Taiwan,Reno,USA,Cooling fan 40mm,Thermal,2024-11-13,2024-11-23,2024-11-21,83,83,3.66,USD,3.32,12100,421.36,18.30,No,No,DDP
PO-2024-3088,Shenzhen Precision Works,UPS Supply Chain,Parcel,Express,China,Fort Worth,USA,Lithium cell pack 5000mAh,Power,2024-11-13,2024-12-15,2025-01-10,2345,2345,20.12,USD,984.90,11800,2127.32,2728.12,No,No,CIF
PO-2024-3089,Ostrava Metalworks,UPS Supply Chain,Parcel,Express,Czechia,Memphis,USA,Display panel 7in IPS,Electronics,2024-11-13,2024-12-04,2024-12-02,1328,1328,55.56,USD,252.32,7400,650.92,3241.09,No,No,DDP
PO-2024-3090,Taipei Micro Systems,UPS Supply Chain,Parcel,Express,Taiwan,Columbus,USA,Steel bracket set,Housings,2024-11-13,2024-12-17,2024-12-16,860,860,4.70,USD,559.00,12100,1338.15,131.82,No,No,EXW
PO-2024-3091,Guadalajara Assembly,Maersk Line,Ocean,Standard,Mexico,Rotterdam,Netherlands,Lithium cell pack 5000mAh,Power,2024-11-14,2024-11-29,2024-12-05,1352,1352,17.93,USD,567.84,2100,278.17,816.77,No,No,FOB
PO-2024-3092,Shenzhen Precision Works,Schenker Road,Road,Standard,China,Reno,USA,Cooling fan 40mm,Thermal,2024-11-14,2024-12-14,2025-01-13,2597,2597,3.44,USD,103.88,11800,218.10,355.34,No,No,CIF
PO-2024-3093,Taipei Micro Systems,UPS Supply Chain,Parcel,Express,Taiwan,Fort Worth,USA,Display panel 7in IPS,Electronics,2024-11-14,2024-12-07,2024-12-07,859,859,57.49,USD,163.21,12100,598.02,2964.60,No,No,DDP
PO-2024-3094,Ostrava Metalworks,DHL Global Forwarding,Air,Express,Czechia,Rotterdam,Netherlands,Cooling fan 40mm,Thermal,2024-11-14,2024-12-07,2024-12-06,1958,1958,3.41,USD,78.32,7400,458.71,209.80,No,No,DDP
PO-2024-3095,Shenzhen Precision Works,DHL Global Forwarding,Air,Express,China,Columbus,USA,"Aluminium enclosure, matte",Housings,2024-11-14,2024-12-13,2025-01-09,4186,4186,6.05,USD,1297.66,11800,3821.71,1048.15,No,No,EXW
PO-2024-3096,Chennai Industrial Ltd,Schenker Road,Road,Standard,India,Memphis,USA,Cooling fan 40mm,Thermal,2024-11-14,2024-12-02,2025-01-09,2017,2017,3.93,USD,80.68,13500,217.08,182.82,No,No,CIF
PO-2024-3097,Shenzhen Precision Works,DHL Global Forwarding,Air,Express,China,Rotterdam,Netherlands,Cooling fan 40mm,Thermal,2024-11-15,2024-12-09,2025-01-02,2136,2136,3.70,USD,85.44,11800,627.51,456.42,No,No,FOB
PO-2024-3098,Chennai Industrial Ltd,Schenker Road,Road,Standard,India,Columbus,USA,"Wiring harness, 12-pin",Electrical,2024-11-15,2024-12-05,2024-12-05,1263,1263,9.08,USD,151.56,13500,277.33,612.90,No,No,DDP
PO-2024-3099,Shenzhen Precision Works,Maersk Line,Ocean,Standard,China,Columbus,USA,Cooling fan 40mm,Thermal,2024-11-15,2024-11-30,2024-12-20,3599,3599,3.96,USD,143.96,11800,138.69,401.35,No,No,DDP
PO-2024-3100,Guadalajara Assembly,Schenker Road,Road,Standard,Mexico,Fort Worth,USA,PCB assembly rev-C,Electronics,2024-11-15,2024-12-15,2024-12-19,2278,2278,46.05,USD,182.24,2100,178.00,3716.30,No,No,CIF
PO-2024-3101,Shenzhen Precision Works,UPS Supply Chain,Parcel,Express,China,Columbus,USA,PCB assembly rev-C,Electronics,2024-11-15,2024-12-17,2025-01-01,2779,2779,46.13,USD,222.32,11800,701.30,7436.07,No,No,EXW
PO-2024-3102,Taipei Micro Systems,Schenker Road,Road,Standard,Taiwan,Rotterdam,Netherlands,Display panel 7in IPS,Electronics,2024-11-15,2024-11-26,2024-12-24,3306,3306,59.79,USD,628.14,12100,667.02,5989.35,No,No,EXW
PO-2024-3103,Hanoi Components Co,Maersk Line,Ocean,Standard,Vietnam,Reno,USA,PCB assembly rev-C,Electronics,2024-11-15,2024-12-19,2024-12-31,1977,1977,38.48,USD,158.16,13200,153.80,3511.34,Yes,No,CIF
PO-2024-3104,Taipei Micro Systems,Maersk Line,Ocean,Standard,Taiwan,Reno,USA,Cooling fan 40mm,Thermal,2024-11-16,2024-12-12,2024-12-31,4148,4148,3.49,USD,165.92,12100,150.77,841.06,No,No,EXW
PO-2024-3105,Guadalajara Assembly,Schenker Road,Road,Standard,Mexico,Reno,USA,PCB assembly rev-C,Electronics,2024-11-16,2024-12-15,2024-12-13,648,585,46.19,USD,51.84,2100,67.16,978.42,No,No,DDP
PO-2024-3106,Hanoi Components Co,UPS Supply Chain,Parcel,Express,Vietnam,Reno,USA,Steel bracket set,Housings,2024-11-16,2024-11-26,2024-11-26,4221,4221,4.71,USD,2743.65,13200,5450.07,1021.47,No,No,DDP
PO-2024-3107,Ostrava Metalworks,Schenker Road,Road,Standard,Czechia,Rotterdam,Netherlands,PCB assembly rev-C,Electronics,2024-11-16,2024-12-09,2024-12-09,426,426,40.29,USD,34.08,7400,110.37,355.47,No,No,DDP
PO-2024-3108,Taipei Micro Systems,Maersk Line,Ocean,Standard,Taiwan,Rotterdam,Netherlands,PCB assembly rev-C,Electronics,2024-11-16,2024-12-05,2024-12-03,2448,2448,45.34,USD,195.84,12100,164.76,6970.24,No,No,DDP
PO-2024-3109,Ostrava Metalworks,UPS Supply Chain,Parcel,Express,Czechia,Memphis,USA,Cooling fan 40mm,Thermal,2024-11-16,2024-12-10,2024-12-12,214,214,3.63,USD,8.56,7400,195.09,24.17,No,No,EXW
PO-2024-3110,Ostrava Metalworks,DHL Global Forwarding,Air,Express,Czechia,Reno,USA,Cooling fan 40mm,Thermal,2024-11-17,2024-12-11,2024-12-10,3087,3087,3.84,USD,123.48,7400,577.71,628.11,No,No,EXW
PO-2024-3111,Ostrava Metalworks,Maersk Line,Ocean,Standard,Czechia,Memphis,USA,PCB assembly rev-C,Electronics,2024-11-17,2024-12-05,2024-12-10,462,462,43.27,USD,36.96,7400,62.05,892.72,No,No,CIF
PO-2024-3112,Hanoi Components Co,Maersk Line,Ocean,Standard,Vietnam,Memphis,USA,PCB assembly rev-C,Electronics,2024-11-17,2024-12-06,2024-12-06,4394,4394,45.92,USD,351.52,13200,244.20,10814.57,No,No,CIF
PO-2024-3113,Hanoi Components Co,DHL Global Forwarding,Air,Express,Vietnam,Columbus,USA,USB-C connector module,Electronics,2024-11-17,2024-12-01,2024-12-01,1289,1289,2.38,USD,12.89,13200,484.09,196.58,No,No,FOB
PO-2024-3114,Taipei Micro Systems,Maersk Line,Ocean,Standard,Taiwan,Rotterdam,Netherlands,Lithium cell pack 5000mAh,Power,2024-11-17,2024-12-02,2024-12-02,955,955,19.74,USD,401.10,12100,260.72,467.72,No,No,CIF
PO-2024-3115,Chennai Industrial Ltd,Schenker Road,Road,Standard,India,Rotterdam,Netherlands,Steel bracket set,Housings,2024-11-17,2024-12-13,2025-01-11,3322,3322,4.63,USD,2159.30,13500,1983.91,405.17,No,No,FOB
PO-2024-3116,Hanoi Components Co,DHL Global Forwarding,Air,Express,Vietnam,Reno,USA,Lithium cell pack 5000mAh,Power,2024-11-17,2024-11-29,2024-11-29,2644,2644,19.14,USD,1110.48,13200,3376.23,2966.89,No,No,CIF
PO-2024-3117,Guadalajara Assembly,DHL Global Forwarding,Air,Express,Mexico,Reno,USA,PCB assembly rev-C,Electronics,2024-11-18,2024-12-12,2024-12-12,3002,3002,40.72,USD,240.16,2100,704.43,4224.62,No,No,FOB
PO-2024-3118,Guadalajara Assembly,Schenker Road,Road,Standard,Mexico,Fort Worth,USA,Cooling fan 40mm,Thermal,2024-11-18,2024-12-22,2024-12-20,3326,3326,3.71,USD,133.04,2100,136.18,566.06,No,No,EXW
PO-2024-3119,Taipei Micro Systems,DHL Global Forwarding,Air,Express,Taiwan,Columbus,USA,USB-C connector module,Electronics,2024-11-18,2024-12-15,2024-12-13,3890,3890,2.07,USD,38.90,12100,515.11,492.20,No,No,DDP
PO-2024-3120,Shenzhen Precision Works,Maersk Line,Ocean,Standard,China,Reno,USA,Display panel 7in IPS,Electronics,2024-11-18,2024-12-09,2024-12-25,4678,4678,52.39,USD,888.82,11800,486.91,7117.42,No,No,FOB
PO-2024-3121,Shenzhen Precision Works,Maersk Line,Ocean,Standard,China,Columbus,USA,"Wiring harness, 12-pin",Electrical,2024-11-18,2024-12-04,2024-12-30,666,666,9.60,USD,79.92,11800,108.75,257.63,No,No,EXW
PO-2024-3122,Shenzhen Precision Works,Schenker Road,Road,Standard,China,Columbus,USA,Steel bracket set,Housings,2024-11-18,2024-12-05,2024-12-20,705,705,4.59,USD,458.25,11800,519.31,136.69,No,No,EXW
PO-2024-3123,Shenzhen Precision Works,Schenker Road,Road,Standard,China,Rotterdam,Netherlands,Lithium cell pack 5000mAh,Power,2024-11-18,2024-12-14,2025-01-14,3453,3453,18.38,USD,1450.26,11800,1362.52,1596.61,No,No,DDP
PO-2024-3124,Ostrava Metalworks,Schenker Road,Road,Standard,Czechia,Reno,USA,"Aluminium enclosure, matte",Housings,2024-11-19,2024-12-05,2024-12-05,989,989,6.68,USD,306.59,7400,342.00,178.60,No,No,FOB
PO-2024-3125,Shenzhen Precision Works,Maersk Line,Ocean,Standard,China,Rotterdam,Netherlands,USB-C connector module,Electronics,2024-11-19,2024-12-09,2025-01-05,531,531,2.36,USD,5.31,11800,73.87,37.42,No,No,CIF
PO-2024-3126,Chennai Industrial Ltd,Maersk Line,Ocean,Standard,India,Memphis,USA,Display panel 7in IPS,Electronics,2024-11-19,2024-12-12,2025-01-05,341,341,54.80,USD,64.79,13500,111.96,906.13,No,No,EXW
PO-2024-3127,Taipei Micro Systems,Maersk Line,Ocean,Standard,Taiwan,Columbus,USA,"Aluminium enclosure, matte",Housings,2024-11-19,2024-11-28,2024-11-28,2592,2592,6.85,USD,803.52,12100,448.85,1050.84,No,No,CIF
PO-2024-3128,Shenzhen Precision Works,Schenker Road,Road,Standard,China,Columbus,USA,USB-C connector module,Electronics,2024-11-19,2024-12-10,2025-01-15,2492,2492,2.21,USD,24.92,11800,150.98,178.96,No,No,FOB
PO-2024-3129,Taipei Micro Systems,DHL Global Forwarding,Air,Express,Taiwan,Rotterdam,Netherlands,"Wiring harness, 12-pin",Electrical,2024-11-19,2024-12-22,2024-12-21,1442,1442,10.05,USD,173.04,12100,868.57,638.18,No,No,DDP
PO-2024-3130,Shenzhen Precision Works,Maersk Line,Ocean,Standard,China,Fort Worth,USA,Steel bracket set,Housings,2024-11-20,2024-12-14,2025-01-13,235,235,4.52,USD,152.75,11800,142.80,27.23,No,No,FOB
PO-2024-3131,Shenzhen Precision Works,UPS Supply Chain,Parcel,Express,China,Reno,USA,Cooling fan 40mm,Thermal,2024-11-20,2024-12-01,2024-12-28,1148,1148,3.37,USD,45.92,11800,371.43,202.59,No,No,DDP
PO-2024-3132,Guadalajara Assembly,Maersk Line,Ocean,Standard,Mexico,Columbus,USA,Display panel 7in IPS,Electronics,2024-11-20,2024-12-24,2024-12-22,689,689,50.38,USD,130.91,2100,73.91,2253.42,No,No,FOB
PO-2024-3133,Guadalajara Assembly,Maersk Line,Ocean,Standard,Mexico,Columbus,USA,PCB assembly rev-C,Electronics,2024-11-20,2024-11-30,2024-11-30,2857,2422,38.91,USD,228.56,2100,119.56,5042.64,No,No,DDP
PO-2024-3134,Hanoi Components Co,DHL Global Forwarding,Air,Express,Vietnam,Fort Worth,USA,Cooling fan 40mm,Thermal,2024-11-20,2024-12-24,2025-01-11,4288,4288,3.64,USD,171.52,13200,902.08,1002.47,No,No,FOB
PO-2024-3135,Ostrava Metalworks,Maersk Line,Ocean,Standard,Czechia,Memphis,USA,Steel bracket set,Housings,2024-11-20,2024-12-15,2024-12-13,946,946,4.70,USD,614.90,7400,332.24,92.83,No,No,DDP
PO-2024-3136,Ostrava Metalworks,Schenker Road,Road,Standard,Czechia,Fort Worth,USA,"Aluminium enclosure, matte",Housings,2024-11-20,2024-12-13,2024-12-13,4097,4097,6.40,USD,1270.07,7400,1160.96,1642.12,No,No,CIF
PO-2024-3137,Taipei Micro Systems,Maersk Line,Ocean,Standard,Taiwan,Columbus,USA,PCB assembly rev-C,Electronics,2024-11-21,2024-12-20,2024-12-31,1269,1269,45.29,USD,101.52,12100,120.67,3204.55,No,No,DDP
PO-2024-3138,Ostrava Metalworks,Schenker Road,Road,Standard,Czechia,Columbus,USA,Display panel 7in IPS,Electronics,2024-11-21,2024-12-08,2024-12-08,1272,1272,53.09,USD,241.68,7400,286.83,1993.67,No,No,FOB
PO-2024-3139,Guadalajara Assembly,Maersk Line,Ocean,Standard,Mexico,Rotterdam,Netherlands,PCB assembly rev-C,Electronics,2024-11-21,2024-12-08,2024-12-11,527,527,43.68,USD,42.16,2100,32.41,817.99,No,No,FOB
PO-2024-3140,Shenzhen Precision Works,Maersk Line,Ocean,Standard,China,Reno,USA,Display panel 7in IPS,Electronics,2024-11-21,2024-12-04,2025-01-04,343,343,56.78,USD,65.17,11800,101.86,498.95,No,No,EXW
PO-2024-3141,Ostrava Metalworks,UPS Supply Chain,Parcel,Express,Czechia,Memphis,USA,Steel bracket set,Housings,2024-11-21,2024-12-16,2024-12-14,4412,4412,4.37,USD,2867.80,7400,5541.87,683.90,No,No,FOB
PO-2024-3142,Hanoi Components Co,UPS Supply Chain,Parcel,Express,Vietnam,Rotterdam,Netherlands,Display panel 7in IPS,Electronics,2024-11-21,2024-12-24,2024-12-23,733,733,56.56,USD,139.27,13200,579.87,2013.25,Yes,No,CIF
PO-2024-3143,Taipei Micro Systems,UPS Supply Chain,Parcel,Express,Taiwan,Rotterdam,Netherlands,Display panel 7in IPS,Electronics,2024-11-22,2024-12-25,2024-12-23,307,307,58.29,USD,58.33,12100,401.90,1057.77,No,No,FOB
PO-2024-3144,Shenzhen Precision Works,UPS Supply Chain,Parcel,Express,China,Memphis,USA,PCB assembly rev-C,Electronics,2024-11-22,2024-12-03,2024-12-01,1170,1170,39.96,USD,93.60,11800,460.59,2268.40,No,No,DDP
PO-2024-3145,Guadalajara Assembly,DHL Global Forwarding,Air,Express,Mexico,Fort Worth,USA,"Wiring harness, 12-pin",Electrical,2024-11-22,2024-12-01,2024-12-01,4764,4764,10.06,USD,571.68,2100,1577.99,1512.98,No,No,CIF
PO-2024-3146,Shenzhen Precision Works,UPS Supply Chain,Parcel,Express,China,Columbus,USA,Lithium cell pack 5000mAh,Power,2024-11-22,2024-12-24,2024-12-22,4760,4760,20.04,USD,1999.20,11800,4024.06,5204.29,No,No,CIF
PO-2024-3147,Guadalajara Assembly,Maersk Line,Ocean,Standard,Mexico,Columbus,USA,"Aluminium enclosure, matte",Housings,2024-11-22,2024-12-03,2024-12-08,3710,3710,5.84,USD,1150.10,2100,550.38,1305.63,No,No,DDP
PO-2024-3148,Ostrava Metalworks,Maersk Line,Ocean,Standard,Czechia,Reno,USA,Lithium cell pack 5000mAh,Power,2024-11-22,2024-12-16,2024-12-21,285,285,17.12,USD,119.70,7400,100.73,182.81,No,No,CIF
PO-2024-3149,Shenzhen Precision Works,UPS Supply Chain,Parcel,Express,China,Fort Worth,USA,USB-C connector module,Electronics,2024-11-22,2024-12-08,2025-01-10,4752,4752,2.32,USD,47.52,11800,374.42,522.90,No,No,DDP
PO-2024-3150,Hanoi Components Co,DHL Global Forwarding,Air,Express,Vietnam,Rotterdam,Netherlands,Lithium cell pack 5000mAh,Power,2024-11-23,2024-12-24,2025-01-07,2845,2845,18.22,USD,1194.90,13200,3598.68,2337.09,No,No,CIF
PO-2024-3151,Hanoi Components Co,Schenker Road,Road,Standard,Vietnam,Fort Worth,USA,USB-C connector module,Electronics,2024-11-23,2024-12-06,2024-12-21,4323,4323,2.04,USD,43.23,13200,181.95,398.35,No,No,FOB
PO-2024-3152,Shenzhen Precision Works,DHL Global Forwarding,Air,Express,China,Reno,USA,PCB assembly rev-C,Electronics,2024-11-23,2024-12-11,2024-12-11,4340,4340,40.51,USD,347.20,11800,1317.25,8401.10,No,No,DDP
PO-2024-3153,Shenzhen Precision Works,DHL Global Forwarding,Air,Express,China,Reno,USA,Lithium cell pack 5000mAh,Power,2024-11-23,2024-12-07,2025-01-06,939,939,17.18,USD,394.38,11800,1441.57,573.04,No,No,FOB
PO-2024-3154,Guadalajara Assembly,DHL Global Forwarding,Air,Express,Mexico,Fort Worth,USA,"Wiring harness, 12-pin",Electrical,2024-11-23,2024-12-10,2024-12-10,2243,2243,9.91,USD,269.16,2100,780.85,717.79,No,No,DDP
PO-2024-3155,Hanoi Components Co,Schenker Road,Road,Standard,Vietnam,Reno,USA,"Wiring harness, 12-pin",Electrical,2024-11-23,2024-12-17,2024-12-17,1063,1063,9.22,USD,127.56,13200,253.63,396.20,No,No,CIF
PO-2024-3156,Ostrava Metalworks,DHL Global Forwarding,Air,Express,Czechia,Fort Worth,USA,"Wiring harness, 12-pin",Electrical,2024-11-23,2024-12-25,2024-12-24,1864,1864,9.89,USD,223.68,7400,841.74,1069.56,No,No,EXW
PO-2024-3157,Hanoi Components Co,Maersk Line,Ocean,Standard,Vietnam,Rotterdam,Netherlands,"Wiring harness, 12-pin",Electrical,2024-11-24,2024-12-22,2025-01-05,4503,3726,10.66,USD,540.36,13200,332.48,2424.30,No,No,FOB
PO-2024-3158,Taipei Micro Systems,Schenker Road,Road,Standard,Taiwan,Fort Worth,USA,USB-C connector module,Electronics,2024-11-24,2024-12-17,2025-01-01,4207,4207,2.33,USD,42.07,12100,168.86,635.43,No,No,FOB
PO-2024-3159,Ostrava Metalworks,DHL Global Forwarding,Air,Express,Czechia,Memphis,USA,USB-C connector module,Electronics,2024-11-24,2024-12-28,2024-12-27,1479,1479,2.36,USD,14.79,7400,291.31,92.60,No,No,CIF
PO-2024-3160,Guadalajara Assembly,DHL Global Forwarding,Air,Express,Mexico,Columbus,USA,PCB assembly rev-C,Electronics,2024-11-24,2024-12-26,2024-12-25,2146,1917,45.19,USD,171.68,2100,523.99,4177.04,No,No,CIF
PO-2024-3161,Guadalajara Assembly,Maersk Line,Ocean,Standard,Mexico,Memphis,USA,"Aluminium enclosure, matte",Housings,2024-11-24,2024-12-13,2024-12-13,2832,2832,6.73,USD,877.92,2100,423.13,674.85,No,No,CIF
PO-2024-3162,Chennai Industrial Ltd,DHL Global Forwarding,Air,Express,India,Reno,USA,Steel bracket set,Housings,2024-11-24,2024-12-25,2025-02-11,3261,3261,4.55,USD,2119.65,13500,6045.63,915.07,Yes,Yes,CIF
PO-2024-3163,Shenzhen Precision Works,DHL Global Forwarding,Air,Express,China,Rotterdam,Netherlands,"Aluminium enclosure, matte",Housings,2024-11-25,2024-12-15,2024-12-29,3875,3875,5.93,USD,1201.25,11800,3567.67,795.46,Yes,Yes,EXW
PO-2024-3164,Shenzhen Precision Works,DHL Global Forwarding,Air,Express,China,Columbus,USA,Cooling fan 40mm,Thermal,2024-11-25,2024-12-13,2025-01-05,655,655,3.41,USD,26.20,11800,471.42,122.97,No,No,FOB
PO-2024-3165,Chennai Industrial Ltd,Maersk Line,Ocean,Standard,India,Reno,USA,PCB assembly rev-C,Electronics,2024-11-25,2024-12-25,2025-01-23,822,822,46.08,USD,65.76,13500,112.42,868.22,No,No,FOB
PO-2024-3166,Taipei Micro Systems,Schenker Road,Road,Standard,Taiwan,Reno,USA,"Wiring harness, 12-pin",Electrical,2024-11-25,2024-12-06,2024-12-06,1406,1406,9.35,USD,168.72,12100,276.51,436.79,No,No,CIF
PO-2024-3167,Shenzhen Precision Works,Maersk Line,Ocean,Standard,China,Fort Worth,USA,Display panel 7in IPS,Electronics,2024-11-25,2024-12-14,2025-01-18,3851,3851,58.14,USD,731.69,11800,413.46,8543.20,No,No,CIF
PO-2024-3168,Ostrava Metalworks,Maersk Line,Ocean,Standard,Czechia,Memphis,USA,USB-C connector module,Electronics,2024-11-25,2024-12-07,2024-12-07,1606,1606,2.36,USD,16.06,7400,52.28,234.35,No,No,FOB
PO-2024-3169,Shenzhen Precision Works,Maersk Line,Ocean,Standard,China,Reno,USA,Display panel 7in IPS,Electronics,2024-11-25,2024-12-15,2025-01-03,1498,1498,51.02,USD,284.62,11800,204.45,3678.36,No,No,CIF
PO-2024-3170,Shenzhen Precision Works,DHL Global Forwarding,Air,Express,China,Rotterdam,Netherlands,"Wiring harness, 12-pin",Electrical,2024-11-26,2024-12-13,2024-12-12,2765,2765,9.04,USD,331.80,11800,1276.67,579.42,No,No,DDP
PO-2024-3171,Ostrava Metalworks,Schenker Road,Road,Standard,Czechia,Rotterdam,Netherlands,"Aluminium enclosure, matte",Housings,2024-11-26,2024-12-15,2024-12-20,1126,1126,6.51,USD,349.06,7400,378.10,181.09,No,No,FOB
PO-2024-3172,Shenzhen Precision Works,Schenker Road,Road,Standard,China,Memphis,USA,"Aluminium enclosure, matte",Housings,2024-11-26,2024-12-19,2025-01-20,670,670,5.93,USD,207.70,11800,306.34,191.75,No,No,DDP
PO-2024-3173,Shenzhen Precision Works,UPS Supply Chain,Parcel,Express,China,Rotterdam,Netherlands,Cooling fan 40mm,Thermal,2024-11-26,2024-12-30,2025-01-25,3905,3905,3.61,USD,156.20,11800,577.65,770.70,No,No,EXW
PO-2024-3174,Shenzhen Precision Works,Schenker Road,Road,Standard,China,Fort Worth,USA,USB-C connector module,Electronics,2024-11-26,2024-12-30,2025-01-17,3260,3260,2.29,USD,32.60,11800,157.51,292.33,No,No,DDP
PO-2024-3175,Shenzhen Precision Works,Maersk Line,Ocean,Standard,China,Reno,USA,Steel bracket set,Housings,2024-11-26,2024-12-27,2025-01-28,1600,1600,4.32,USD,1040.00,11800,557.59,263.55,No,No,FOB
PO-2024-3176,Shenzhen Precision Works,DHL Global Forwarding,Air,Express,China,Memphis,USA,USB-C connector module,Electronics,2024-11-27,2024-12-19,2025-01-14,117,117,1.99,USD,1.17,11800,405.46,9.39,Yes,No,CIF
PO-2024-3177,Guadalajara Assembly,Maersk Line,Ocean,Standard,Mexico,Memphis,USA,"Wiring harness, 12-pin",Electrical,2024-11-27,2024-12-24,2024-12-22,2092,2092,10.13,USD,251.04,2100,130.07,846.61,No,No,FOB
PO-2024-3178,Hanoi Components Co,UPS Supply Chain,Parcel,Express,Vietnam,Reno,USA,"Wiring harness, 12-pin",Electrical,2024-11-27,2024-12-14,2024-12-26,2554,2554,9.71,USD,306.48,13200,892.56,1498.55,No,No,FOB
PO-2024-3179,Chennai Industrial Ltd,UPS Supply Chain,Parcel,Express,India,Memphis,USA,PCB assembly rev-C,Electronics,2024-11-27,2024-12-28,2024-12-28,3941,3941,40.69,USD,315.28,13500,916.27,3685.40,No,No,CIF
PO-2024-3180,Ostrava Metalworks,Maersk Line,Ocean,Standard,Czechia,Rotterdam,Netherlands,"Aluminium enclosure, matte",Housings,2024-11-27,2024-12-12,2024-12-17,1734,1734,6.18,USD,537.54,7400,296.07,679.98,No,No,CIF
PO-2024-3181,Shenzhen Precision Works,Schenker Road,Road,Standard,China,Rotterdam,Netherlands,PCB assembly rev-C,Electronics,2024-11-27,2024-12-16,2025-01-15,3814,3814,46.24,USD,305.12,11800,389.15,6155.27,No,No,CIF
PO-2024-3182,Hanoi Components Co,DHL Global Forwarding,Air,Express,Vietnam,Memphis,USA,USB-C connector module,Electronics,2024-11-27,2024-12-15,2025-01-02,4631,4631,2.13,USD,46.31,13200,572.15,513.37,No,No,CIF
PO-2024-3183,Hanoi Components Co,DHL Global Forwarding,Air,Express,Vietnam,Fort Worth,USA,Steel bracket set,Housings,2024-11-28,2024-12-21,2025-01-02,3782,3782,4.07,USD,2458.30,13200,6927.74,683.29,No,No,FOB
PO-2024-3184,Guadalajara Assembly,UPS Supply Chain,Parcel,Express,Mexico,Reno,USA,Display panel 7in IPS,Electronics,2024-11-28,2024-12-11,2024-12-20,2664,2664,52.70,USD,506.16,2100,997.34,5317.24,No,No,DDP
PO-2024-3185,Taipei Micro Systems,Schenker Road,Road,Standard,Taiwan,Columbus,USA,"Aluminium enclosure, matte",Housings,2024-11-28,2024-12-31,2024-12-31,883,883,6.76,USD,273.73,12100,365.77,318.06,No,No,DDP
PO-2024-3186,Chennai Industrial Ltd,Maersk Line,Ocean,Standard,India,Columbus,USA,"Aluminium enclosure, matte",Housings,2024-11-28,2024-12-12,2025-01-06,3534,3534,6.85,USD,1095.54,13500,593.84,1099.32,No,No,CIF
PO-2024-3187,Shenzhen Precision Works,DHL Global Forwarding,Air,Express,China,Fort Worth,USA,Display panel 7in IPS,Electronics,2024-11-28,2024-12-12,2025-01-05,4105,4105,53.81,USD,779.95,11800,2457.55,7629.63,No,No,DDP
PO-2024-3188,Shenzhen Precision Works,Schenker Road,Road,Standard,China,Reno,USA,Cooling fan 40mm,Thermal,2024-11-28,2024-12-16,2025-01-03,3021,3021,3.74,USD,120.84,11800,232.51,449.77,No,No,FOB
PO-2024-3189,Chennai Industrial Ltd,DHL Global Forwarding,Air,Express,India,Fort Worth,USA,Cooling fan 40mm,Thermal,2024-11-28,2024-12-07,2024-12-07,2246,2246,3.54,USD,89.84,13500,697.08,228.29,No,No,DDP
PO-2024-3190,Hanoi Components Co,UPS Supply Chain,Parcel,Express,Vietnam,Columbus,USA,Steel bracket set,Housings,2024-11-29,2024-12-21,2024-12-21,2140,2140,4.22,USD,1391.00,13200,2920.61,354.53,No,No,CIF
PO-2024-3191,Guadalajara Assembly,DHL Global Forwarding,Air,Express,Mexico,Reno,USA,Cooling fan 40mm,Thermal,2024-11-29,2024-12-30,2024-12-29,3447,3447,3.52,USD,137.88,2100,434.92,419.58,No,No,CIF
PO-2024-3192,Chennai Industrial Ltd,DHL Global Forwarding,Air,Express,India,Reno,USA,Display panel 7in IPS,Electronics,2024-11-29,2024-12-20,2025-01-18,1836,1836,58.12,USD,348.84,13500,1379.54,6150.15,No,No,EXW
PO-2024-3193,Guadalajara Assembly,Maersk Line,Ocean,Standard,Mexico,Reno,USA,Display panel 7in IPS,Electronics,2024-11-29,2024-12-24,2024-12-24,3868,3868,50.07,USD,734.92,2100,356.28,8520.10,No,No,DDP
PO-2024-3194,Taipei Micro Systems,Maersk Line,Ocean,Standard,Taiwan,Memphis,USA,Steel bracket set,Housings,2024-11-29,2024-12-18,2024-12-23,2417,2417,4.12,USD,1571.05,12100,807.67,451.98,No,No,EXW
PO-2024-3195,Hanoi Components Co,Schenker Road,Road,Standard,Vietnam,Memphis,USA,"Aluminium enclosure, matte",Housings,2024-11-29,2024-12-09,2024-12-21,1174,1174,6.16,USD,363.94,13200,454.55,347.59,No,No,DDP
PO-2024-3196,Hanoi Components Co,DHL Global Forwarding,Air,Express,Vietnam,Reno,USA,"Aluminium enclosure, matte",Housings,2024-11-30,2024-12-31,2025-01-15,2861,2861,6.93,USD,886.91,13200,2787.13,476.82,No,No,DDP
PO-2024-3197,Hanoi Components Co,Schenker Road,Road,Standard,Vietnam,Fort Worth,USA,"Wiring harness, 12-pin",Electrical,2024-11-30,2024-12-12,2024-12-26,1467,1467,10.66,USD,176.04,13200,294.83,1001.79,No,No,DDP
PO-2024-3198,Hanoi Components Co,Maersk Line,Ocean,Standard,Vietnam,Columbus,USA,Steel bracket set,Housings,2024-11-30,2024-12-31,2025-01-18,4023,4023,4.69,USD,2614.95,13200,1302.35,533.54,No,No,EXW
PO-2024-3199,Taipei Micro Systems,Maersk Line,Ocean,Standard,Taiwan,Memphis,USA,PCB assembly rev-C,Electronics,2024-11-30,2024-12-22,2025-01-04,1801,1801,38.92,USD,144.08,12100,140.56,2866.65,No,No,EXW
PO-2024-3200,Guadalajara Assembly,Schenker Road,Road,Standard,Mexico,Fort Worth,USA,"Aluminium enclosure, matte",Housings,2024-11-30,2025-01-03,2025-01-03,2176,2176,6.74,USD,674.56,2100,596.48,759.00,No,No,FOB
PO-2024-3201,Ostrava Metalworks,Schenker Road,Road,Standard,Czechia,Reno,USA,Display panel 7in IPS,Electronics,2024-11-30,2024-12-23,2024-12-23,1256,1256,52.87,USD,238.64,7400,284.24,3127.80,No,No,DDP
PO-2024-3202,Shenzhen Precision Works,Schenker Road,Road,Standard,China,Fort Worth,USA,"Wiring harness, 12-pin",Electrical,2024-11-30,2024-12-21,2025-01-24,1167,1167,10.64,USD,140.04,11800,248.83,441.04,No,No,DDP
PO-2024-3203,Guadalajara Assembly,Maersk Line,Ocean,Standard,Mexico,Reno,USA,Cooling fan 40mm,Thermal,2024-12-01,2025-01-02,2025-01-05,1197,1197,3.78,USD,47.88,2100,35.09,220.58,No,No,DDP
PO-2024-3204,Chennai Industrial Ltd,DHL Global Forwarding,Air,Express,India,Memphis,USA,"Wiring harness, 12-pin",Electrical,2024-12-01,2025-01-01,2025-01-09,3023,3023,10.28,USD,362.76,13500,1416.22,1012.66,No,No,EXW
PO-2024-3205,Shenzhen Precision Works,UPS Supply Chain,Parcel,Express,China,Rotterdam,Netherlands,"Wiring harness, 12-pin",Electrical,2024-12-01,2024-12-19,2024-12-26,3763,3763,10.78,USD,451.56,11800,1129.98,1211.90,No,No,EXW
PO-2024-3206,Shenzhen Precision Works,Maersk Line,Ocean,Standard,China,Reno,USA,Steel bracket set,Housings,2024-12-01,2024-12-17,2025-01-13,1142,1142,4.03,USD,742.30,11800,418.42,124.17,No,No,DDP
PO-2024-3207,Hanoi Components Co,Maersk Line,Ocean,Standard,Vietnam,Reno,USA,Display panel 7in IPS,Electronics,2024-12-01,2024-12-26,2025-01-16,1087,1087,51.32,USD,206.53,13200,176.41,2719.74,No,No,DDP
PO-2024-3208,Shenzhen Precision Works,DHL Global Forwarding,Air,Express,China,Reno,USA,"Aluminium enclosure, matte",Housings,2024-12-01,2025-01-02,2025-01-27,4256,4256,5.89,USD,1319.36,11800,3878.89,1560.72,No,No,DDP
PO-2024-3209,Shenzhen Precision Works,DHL Global Forwarding,Air,Express,China,Rotterdam,Netherlands,PCB assembly rev-C,Electronics,2024-12-02,2024-12-15,2024-12-14,4431,4431,41.25,USD,354.48,11800,1336.43,3716.81,No,No,EXW
PO-2024-3210,Guadalajara Assembly,Schenker Road,Road,Standard,Mexico,Columbus,USA,Display panel 7in IPS,Electronics,2024-12-02,2024-12-18,2024-12-17,613,613,49.76,USD,116.47,2100,122.10,616.30,No,No,EXW
PO-2024-3211,Hanoi Components Co,UPS Supply Chain,Parcel,Express,Vietnam,Memphis,USA,Lithium cell pack 5000mAh,Power,2024-12-02,2024-12-19,2024-12-18,338,338,20.42,USD,141.96,13200,584.91,154.32,No,No,FOB
PO-2024-3212,Ostrava Metalworks,DHL Global Forwarding,Air,Express,Czechia,Memphis,USA,USB-C connector module,Electronics,2024-12-02,2025-01-04,2025-01-10,713,713,2.11,USD,7.13,7400,271.13,82.41,No,No,EXW
PO-2024-3213,Guadalajara Assembly,DHL Global Forwarding,Air,Express,Mexico,Columbus,USA,Cooling fan 40mm,Thermal,2024-12-02,2025-01-02,2025-01-01,2640,2443,3.40,USD,105.60,2100,349.87,455.00,No,No,DDP
PO-2024-3214,Chennai Industrial Ltd,Maersk Line,Ocean,Standard,India,Reno,USA,"Wiring harness, 12-pin",Electrical,2024-12-02,2024-12-25,2025-01-27,961,961,9.89,USD,115.32,13500,135.59,274.21,No,No,DDP
PO-2024-3215,Guadalajara Assembly,UPS Supply Chain,Parcel,Express,Mexico,Fort Worth,USA,Steel bracket set,Housings,2024-12-02,2025-01-04,2025-01-04,1559,1559,4.32,USD,1013.35,2100,1945.78,340.29,No,No,DDP
PO-2024-3216,Guadalajara Assembly,DHL Global Forwarding,Air,Express,Mexico,Rotterdam,Netherlands,"Wiring harness, 12-pin",Electrical,2024-12-03,2024-12-15,2024-12-15,4696,4003,9.38,USD,563.52,2100,1556.49,1687.42,No,No,FOB
PO-2024-3217,Ostrava Metalworks,DHL Global Forwarding,Air,Express,Czechia,Columbus,USA,USB-C connector module,Electronics,2024-12-03,2024-12-28,2024-12-28,1069,1036,2.15,USD,10.69,7400,280.51,56.16,No,No,CIF
PO-2024-3218,Ostrava Metalworks,Schenker Road,Road,Standard,Czechia,Fort Worth,USA,Lithium cell pack 5000mAh,Power,2024-12-03,2025-01-03,2025-01-02,3129,3129,18.01,USD,1314.18,7400,1198.45,2456.53,No,No,EXW
PO-2024-3219,Guadalajara Assembly,DHL Global Forwarding,Air,Express,Mexico,Columbus,USA,"Wiring harness, 12-pin",Electrical,2024-12-03,2024-12-14,2024-12-14,2981,2981,10.24,USD,357.72,2100,1014.20,1468.74,No,No,CIF
PO-2024-3220,Hanoi Components Co,DHL Global Forwarding,Air,Express,Vietnam,Memphis,USA,Cooling fan 40mm,Thermal,2024-12-03,2024-12-28,2024-12-28,2677,2677,3.77,USD,107.08,13200,732.28,642.39,No,No,CIF
PO-2024-3221,Guadalajara Assembly,Maersk Line,Ocean,Standard,Mexico,Memphis,USA,Display panel 7in IPS,Electronics,2024-12-03,2024-12-22,2024-12-22,4188,4188,58.75,USD,795.72,2100,384.70,11823.13,No,No,FOB
PO-2024-3222,Taipei Micro Systems,DHL Global Forwarding,Air,Express,Taiwan,Fort Worth,USA,PCB assembly rev-C,Electronics,2024-12-04,2025-01-06,2025-01-06,3708,3708,45.00,USD,296.64,12100,1194.26,7194.14,No,No,FOB
PO-2024-3223,Ostrava Metalworks,UPS Supply Chain,Parcel,Express,Czechia,Fort Worth,USA,Lithium cell pack 5000mAh,Power,2024-12-04,2024-12-28,2024-12-30,4413,4413,20.14,USD,1853.46,7400,3645.05,3556.90,No,No,FOB
PO-2024-3224,Ostrava Metalworks,Maersk Line,Ocean,Standard,Czechia,Reno,USA,Display panel 7in IPS,Electronics,2024-12-04,2024-12-18,2024-12-16,3053,3053,57.40,USD,580.07,7400,315.95,7255.75,No,No,EXW
PO-2024-3225,Hanoi Components Co,DHL Global Forwarding,Air,Express,Vietnam,Memphis,USA,"Aluminium enclosure, matte",Housings,2024-12-04,2024-12-15,2025-01-08,4415,4415,5.86,USD,1368.65,13200,4056.51,1207.90,No,No,DDP
PO-2024-3226,Guadalajara Assembly,DHL Global Forwarding,Air,Express,Mexico,Memphis,USA,Cooling fan 40mm,Thermal,2024-12-04,2024-12-13,2024-12-13,4499,4499,3.55,USD,179.96,2100,545.80,748.05,No,No,CIF
PO-2024-3227,Hanoi Components Co,Maersk Line,Ocean,Standard,Vietnam,Fort Worth,USA,Display panel 7in IPS,Electronics,2024-12-04,2024-12-20,2024-12-30,3572,3572,56.81,USD,678.68,13200,397.14,4315.23,No,No,DDP
PO-2024-3228,Shenzhen Precision Works,Maersk Line,Ocean,Standard,China,Rotterdam,Netherlands,Steel bracket set,Housings,2024-12-04,2024-12-29,2025-01-18,1675,1675,4.72,USD,1088.75,11800,580.38,364.66,No,No,FOB
PO-2024-3229,Taipei Micro Systems,Schenker Road,Road,Standard,Taiwan,Memphis,USA,"Wiring harness, 12-pin",Electrical,2024-12-05,2025-01-05,2025-01-04,3346,3346,9.70,USD,401.52,12100,474.39,1491.36,No,No,DDP
PO-2024-3230,Shenzhen Precision Works,Maersk Line,Ocean,Standard,China,Columbus,USA,Steel bracket set,Housings,2024-12-05,2025-01-01,2025-02-05,4348,4348,4.11,USD,2826.20,11800,1392.64,876.16,No,No,FOB
PO-2024-3231,Hanoi Components Co,DHL Global Forwarding,Air,Express,Vietnam,Rotterdam,Netherlands,"Aluminium enclosure, matte",Housings,2024-12-05,2024-12-19,2025-01-04,260,260,5.94,USD,80.60,13200,662.50,64.68,No,No,CIF
PO-2024-3232,Guadalajara Assembly,UPS Supply Chain,Parcel,Express,Mexico,Columbus,USA,Steel bracket set,Housings,2024-12-05,2025-01-06,2025-01-06,1956,1956,4.69,USD,1271.40,2100,2428.34,274.30,No,No,FOB
PO-2024-3233,Shenzhen Precision Works,DHL Global Forwarding,Air,Express,China,Rotterdam,Netherlands,Steel bracket set,Housings,2024-12-05,2024-12-16,2025-01-04,571,571,4.64,USD,371.15,11800,1380.36,147.98,No,No,EXW
PO-2024-3234,Shenzhen Precision Works,DHL Global Forwarding,Air,Express,China,Fort Worth,USA,Lithium cell pack 5000mAh,Power,2024-12-05,2024-12-23,2025-01-22,2554,2554,18.91,USD,1072.68,11800,3228.89,1866.90,No,No,FOB
PO-2024-3235,Shenzhen Precision Works,Maersk Line,Ocean,Standard,China,Rotterdam,Netherlands,Lithium cell pack 5000mAh,Power,2024-12-05,2024-12-16,2024-12-22,2139,2139,18.61,USD,898.38,11800,491.38,1467.08,No,No,EXW
PO-2024-3236,Guadalajara Assembly,DHL Global Forwarding,Air,Express,Mexico,Memphis,USA,USB-C connector module,Electronics,2024-12-06,2025-01-01,2025-01-01,4250,4250,2.24,USD,42.50,2100,183.60,231.79,No,No,CIF
PO-2024-3237,Taipei Micro Systems,DHL Global Forwarding,Air,Express,Taiwan,Memphis,USA,Steel bracket set,Housings,2024-12-06,2024-12-29,2024-12-27,593,593,4.03,USD,385.45,12100,1428.27,145.75,No,No,FOB
PO-2024-3238,Guadalajara Assembly,Maersk Line,Ocean,Standard,Mexico,Columbus,USA,Cooling fan 40mm,Thermal,2024-12-06,2025-01-02,2025-01-09,261,261,3.77,USD,10.44,2100,17.59,37.75,No,No,EXW
PO-2024-3239,Taipei Micro Systems,Schenker Road,Road,Standard,Taiwan,Rotterdam,Netherlands,Cooling fan 40mm,Thermal,2024-12-06,2025-01-01,2025-01-24,1824,1824,3.59,USD,72.96,12100,195.12,135.80,No,No,EXW
PO-2024-3240,Taipei Micro Systems,Maersk Line,Ocean,Standard,Taiwan,Memphis,USA,"Wiring harness, 12-pin",Electrical,2024-12-06,2024-12-26,2025-01-22,1029,1029,10.38,USD,123.48,12100,130.93,357.66,No,No,DDP
PO-2024-3241,Taipei Micro Systems,UPS Supply Chain,Parcel,Express,Taiwan,Memphis,USA,"Wiring harness, 12-pin",Electrical,2024-12-06,2024-12-20,2024-12-19,714,714,9.45,USD,85.68,12100,453.04,307.53,No,No,FOB
PO-2024-3242,Shenzhen Precision Works,Schenker Road,Road,Standard,China,Rotterdam,Netherlands,Cooling fan 40mm,Thermal,2024-12-07,2024-12-19,2025-01-27,4458,4458,3.45,USD,178.32,11800,281.37,922.29,No,No,EXW
PO-2024-3243,Shenzhen Precision Works,Schenker Road,Road,Standard,China,Rotterdam,Netherlands,Cooling fan 40mm,Thermal,2024-12-07,2024-12-23,2025-01-23,4345,4345,3.59,USD,173.80,11800,277.53,925.11,No,No,DDP
PO-2024-3244,Guadalajara Assembly,DHL Global Forwarding,Air,Express,Mexico,Columbus,USA,USB-C connector module,Electronics,2024-12-07,2025-01-10,2025-01-10,207,207,2.30,USD,2.07,2100,77.06,30.27,No,No,FOB
PO-2024-3245,Shenzhen Precision Works,Schenker Road,Road,Standard,China,Rotterdam,Netherlands,Display panel 7in IPS,Electronics,2024-12-07,2025-01-04,2025-02-03,1085,1085,58.55,USD,206.15,11800,305.03,3053.75,No,No,FOB
PO-2024-3246,Taipei Micro Systems,UPS Supply Chain,Parcel,Express,Taiwan,Memphis,USA,PCB assembly rev-C,Electronics,2024-12-07,2025-01-04,2025-01-03,153,153,44.03,USD,12.24,12100,315.71,172.40,No,No,EXW
PO-2024-3247,Taipei Micro Systems,UPS Supply Chain,Parcel,Express,Taiwan,Fort Worth,USA,Display panel 7in IPS,Electronics,2024-12-07,2024-12-20,2024-12-18,2363,2363,53.97,USD,448.97,12100,1132.39,5565.31,No,No,CIF
PO-2024-3248,Guadalajara Assembly,Maersk Line,Ocean,Standard,Mexico,Reno,USA,Cooling fan 40mm,Thermal,2024-12-07,2024-12-24,2024-12-31,359,359,3.42,USD,14.36,2100,19.42,61.26,No,No,EXW
PO-2024-3249,Chennai Industrial Ltd,UPS Supply Chain,Parcel,Express,India,Memphis,USA,USB-C connector module,Electronics,2024-12-08,2025-01-06,2025-01-06,2083,2083,2.30,USD,20.83,13500,365.65,113.79,No,No,DDP
PO-2024-3250,Taipei Micro Systems,UPS Supply Chain,Parcel,Express,Taiwan,Rotterdam,Netherlands,Lithium cell pack 5000mAh,Power,2024-12-08,2025-01-05,2025-01-05,2129,2129,20.05,USD,894.18,12100,1964.94,1199.53,No,No,EXW
PO-2024-3251,Shenzhen Precision Works,DHL Global Forwarding,Air,Express,China,Memphis,USA,"Wiring harness, 12-pin",Electrical,2024-12-08,2024-12-30,2024-12-30,1467,1467,10.03,USD,176.04,11800,866.25,938.05,No,No,DDP
PO-2024-3252,Taipei Micro Systems,Schenker Road,Road,Standard,Taiwan,Rotterdam,Netherlands,USB-C connector module,Electronics,2024-12-08,2024-12-19,2024-12-18,3144,3144,2.18,USD,31.44,12100,159.82,159.21,No,No,CIF
PO-2024-3253,Chennai Industrial Ltd,DHL Global Forwarding,Air,Express,India,Reno,USA,PCB assembly rev-C,Electronics,2024-12-08,2024-12-27,2024-12-26,649,649,42.39,USD,51.92,13500,597.16,1666.00,No,No,EXW
PO-2024-3254,Guadalajara Assembly,DHL Global Forwarding,Air,Express,Mexico,Reno,USA,PCB assembly rev-C,Electronics,2024-12-08,2024-12-20,2024-12-20,3947,3947,44.80,USD,315.76,2100,903.64,4433.71,Yes,Yes,EXW
PO-2024-3255,Taipei Micro Systems,UPS Supply Chain,Parcel,Express,Taiwan,Rotterdam,Netherlands,PCB assembly rev-C,Electronics,2024-12-09,2025-01-03,2025-01-03,1308,1308,39.98,USD,104.64,12100,488.50,3316.55,No,No,DDP
PO-2024-3256,Shenzhen Precision Works,Schenker Road,Road,Standard,China,Columbus,USA,"Aluminium enclosure, matte",Housings,2024-12-09,2025-01-03,2025-02-13,349,349,6.57,USD,108.19,11800,221.76,112.16,No,No,FOB
PO-2024-3257,Shenzhen Precision Works,Schenker Road,Road,Standard,China,Columbus,USA,Steel bracket set,Housings,2024-12-09,2025-01-03,2025-01-18,3070,3070,3.97,USD,1995.50,11800,1825.97,453.09,No,No,DDP
PO-2024-3258,Guadalajara Assembly,UPS Supply Chain,Parcel,Express,Mexico,Reno,USA,"Wiring harness, 12-pin",Electrical,2024-12-09,2024-12-23,2024-12-23,853,806,10.63,USD,102.36,2100,242.23,554.51,No,No,CIF
PO-2024-3259,Shenzhen Precision Works,DHL Global Forwarding,Air,Express,China,Fort Worth,USA,Lithium cell pack 5000mAh,Power,2024-12-09,2025-01-07,2025-02-03,3469,3469,19.05,USD,1456.98,11800,4241.52,2331.79,Yes,No,CIF
PO-2024-3260,Hanoi Components Co,UPS Supply Chain,Parcel,Express,Vietnam,Fort Worth,USA,Lithium cell pack 5000mAh,Power,2024-12-09,2024-12-22,2025-01-09,2577,2577,19.35,USD,1082.34,13200,2343.42,2757.54,No,No,FOB
PO-2024-3261,Taipei Micro Systems,DHL Global Forwarding,Air,Express,Taiwan,Rotterdam,Netherlands,PCB assembly rev-C,Electronics,2024-12-09,2024-12-24,2024-12-23,3357,3357,43.67,USD,268.56,12100,1120.27,6150.86,No,No,CIF
PO-2024-3262,Ostrava Metalworks,DHL Global Forwarding,Air,Express,Czechia,Reno,USA,Steel bracket set,Housings,2024-12-10,2025-01-11,2025-01-11,1274,1274,4.65,USD,828.10,7400,2434.38,315.07,No,No,CIF
PO-2024-3263,Guadalajara Assembly,UPS Supply Chain,Parcel,Express,Mexico,Columbus,USA,Steel bracket set,Housings,2024-12-10,2024-12-21,2024-12-19,2308,2308,4.17,USD,1500.20,2100,2856.19,523.22,No,No,DDP
PO-2024-3264,Shenzhen Precision Works,Maersk Line,Ocean,Standard,China,Fort Worth,USA,"Aluminium enclosure, matte",Housings,2024-12-10,2024-12-24,2025-01-17,499,499,5.87,USD,154.69,11800,143.71,149.85,No,No,FOB
PO-2024-3265,Shenzhen Precision Works,UPS Supply Chain,Parcel,Express,China,Columbus,USA,Steel bracket set,Housings,2024-12-10,2024-12-26,2025-01-27,1529,1529,4.45,USD,993.85,11800,2144.06,195.30,No,No,DDP
PO-2024-3266,Chennai Industrial Ltd,DHL Global Forwarding,Air,Express,India,Reno,USA,Lithium cell pack 5000mAh,Power,2024-12-10,2025-01-12,2025-01-12,2055,2055,19.61,USD,863.10,13500,2734.62,1935.07,No,No,FOB
PO-2024-3267,Shenzhen Precision Works,Maersk Line,Ocean,Standard,China,Reno,USA,Display panel 7in IPS,Electronics,2024-12-10,2025-01-01,2025-01-11,1338,1338,58.59,USD,254.22,11800,190.24,1612.85,No,No,CIF
PO-2024-3268,Hanoi Components Co,UPS Supply Chain,Parcel,Express,Vietnam,Fort Worth,USA,Display panel 7in IPS,Electronics,2024-12-10,2024-12-26,2024-12-26,3432,3432,50.45,USD,652.08,13200,1538.83,9957.67,No,No,CIF
PO-2024-3269,Ostrava Metalworks,DHL Global Forwarding,Air,Express,Czechia,Columbus,USA,Cooling fan 40mm,Thermal,2024-12-11,2025-01-05,2025-01-05,1238,1238,3.97,USD,49.52,7400,382.83,159.07,No,No,DDP
PO-2024-3270,Guadalajara Assembly,UPS Supply Chain,Parcel,Express,Mexico,Reno,USA,Display panel 7in IPS,Electronics,2024-12-11,2025-01-10,2025-01-19,2503,2242,52.32,USD,475.57,2100,940.14,4431.95,No,No,EXW
PO-2024-3271,Ostrava Metalworks,Maersk Line,Ocean,Standard,Czechia,Columbus,USA,Steel bracket set,Housings,2024-12-11,2025-01-07,2025-01-07,3910,3910,4.14,USD,2541.50,7400,1232.92,363.66,No,No,FOB
PO-2024-3272,Ostrava Metalworks,Schenker Road,Road,Standard,Czechia,Reno,USA,Cooling fan 40mm,Thermal,2024-12-11,2024-12-29,2024-12-28,122,122,3.84,USD,4.88,7400,85.55,19.56,No,No,DDP
PO-2024-3273,Hanoi Components Co,Maersk Line,Ocean,Standard,Vietnam,Fort Worth,USA,Display panel 7in IPS,Electronics,2024-12-11,2024-12-22,2025-01-03,2438,2438,59.01,USD,463.22,13200,296.42,6532.57,No,No,FOB
PO-2024-3274,Shenzhen Precision Works,DHL Global Forwarding,Air,Express,China,Columbus,USA,Lithium cell pack 5000mAh,Power,2024-12-11,2025-01-13,2025-01-11,1420,1420,19.27,USD,596.40,11800,1973.89,1099.24,No,No,EXW
PO-2024-3275,Hanoi Components Co,Maersk Line,Ocean,Standard,Vietnam,Rotterdam,Netherlands,Lithium cell pack 5000mAh,Power,2024-12-12,2025-01-11,2025-01-11,737,737,17.27,USD,309.54,13200,224.57,284.52,No,No,CIF
PO-2024-3276,Guadalajara Assembly,Schenker Road,Road,Standard,Mexico,Reno,USA,"Wiring harness, 12-pin",Electrical,2024-12-12,2025-01-05,2025-01-03,2932,2932,9.46,USD,351.84,2100,322.16,1489.35,No,No,EXW
PO-2024-3277,Shenzhen Precision Works,UPS Supply Chain,Parcel,Express,China,Rotterdam,Netherlands,Steel bracket set,Housings,2024-12-12,2024-12-31,2025-01-31,3960,3960,4.76,USD,2574.00,11800,5098.94,719.76,No,No,FOB
PO-2024-3278,Shenzhen Precision Works,DHL Global Forwarding,Air,Express,China,Rotterdam,Netherlands,"Aluminium enclosure, matte",Housings,2024-12-12,2025-01-11,2025-02-09,3292,3292,6.45,USD,1020.52,11800,3091.45,1223.15,No,No,CIF
PO-2024-3279,Taipei Micro Systems,Schenker Road,Road,Standard,Taiwan,Reno,USA,Lithium cell pack 5000mAh,Power,2024-12-12,2025-01-15,2025-01-15,797,797,18.01,USD,334.74,12100,417.63,591.03,No,No,CIF
PO-2024-3280,Shenzhen Precision Works,Maersk Line,Ocean,Standard,China,Columbus,USA,Cooling fan 40mm,Thermal,2024-12-12,2025-01-09,2025-02-12,430,430,3.35,USD,17.20,11800,79.43,85.89,No,No,CIF
PO-2024-3281,Guadalajara Assembly,DHL Global Forwarding,Air,Express,Mexico,Rotterdam,Netherlands,Lithium cell pack 5000mAh,Power,2024-12-12,2025-01-10,2025-01-09,2033,2033,17.41,USD,853.86,2100,2321.53,789.53,No,No,FOB
PO-2024-3282,Hanoi Components Co,Schenker Road,Road,Standard,Vietnam,Rotterdam,Netherlands,Cooling fan 40mm,Thermal,2024-12-13,2025-01-12,2025-01-12,136,136,3.40,USD,5.44,13200,149.82,16.30,No,No,CIF
PO-2024-3283,Shenzhen Precision Works,Maersk Line,Ocean,Standard,China,Columbus,USA,Display panel 7in IPS,Electronics,2024-12-13,2024-12-24,2025-01-25,1072,1072,50.48,USD,203.68,11800,166.61,1907.63,No,No,FOB
PO-2024-3284,Ostrava Metalworks,Schenker Road,Road,Standard,Czechia,Reno,USA,"Wiring harness, 12-pin",Electrical,2024-12-13,2024-12-26,2024-12-24,1202,1202,9.56,USD,144.24,7400,204.00,235.22,No,No,FOB
PO-2024-3285,Chennai Industrial Ltd,DHL Global Forwarding,Air,Express,India,Reno,USA,PCB assembly rev-C,Electronics,2024-12-13,2025-01-16,2025-02-21,432,432,44.74,USD,34.56,13500,551.42,988.89,Yes,No,FOB
PO-2024-3286,Shenzhen Precision Works,DHL Global Forwarding,Air,Express,China,Fort Worth,USA,Display panel 7in IPS,Electronics,2024-12-13,2024-12-25,2024-12-25,98,98,53.97,USD,18.62,11800,451.44,202.03,No,No,EXW
PO-2024-3287,Guadalajara Assembly,Maersk Line,Ocean,Standard,Mexico,Fort Worth,USA,Display panel 7in IPS,Electronics,2024-12-13,2024-12-29,2025-01-02,3958,3958,58.67,USD,752.02,2100,364.27,9521.29,No,No,FOB
PO-2024-3288,Guadalajara Assembly,Maersk Line,Ocean,Standard,Mexico,Reno,USA,Lithium cell pack 5000mAh,Power,2024-12-14,2025-01-10,2025-01-15,2941,2941,17.27,USD,1235.22,2100,590.17,3300.21,No,No,CIF
PO-2024-3289,Chennai Industrial Ltd,DHL Global Forwarding,Air,Express,India,Fort Worth,USA,Cooling fan 40mm,Thermal,2024-12-14,2025-01-15,2025-01-14,1362,1362,3.83,USD,54.48,13500,603.90,147.59,No,No,CIF
PO-2024-3290,Ostrava Metalworks,Schenker Road,Road,Standard,Czechia,Memphis,USA,"Wiring harness, 12-pin",Electrical,2024-12-14,2025-01-12,2025-01-12,637,637,9.01,USD,76.44,7400,146.37,323.08,No,No,DDP
PO-2024-3291,Chennai Industrial Ltd,Maersk Line,Ocean,Standard,India,Memphis,USA,Lithium cell pack 5000mAh,Power,2024-12-14,2025-01-01,2025-01-23,39,39,19.83,USD,16.38,13500,89.33,19.46,No,No,FOB
PO-2024-3292,Taipei Micro Systems,UPS Supply Chain,Parcel,Express,Taiwan,Reno,USA,Cooling fan 40mm,Thermal,2024-12-14,2025-01-03,2025-01-03,3872,3872,3.65,USD,154.88,12100,582.45,684.58,No,No,CIF
PO-2024-3293,Hanoi Components Co,Maersk Line,Ocean,Standard,Vietnam,Fort Worth,USA,"Wiring harness, 12-pin",Electrical,2024-12-14,2025-01-16,2025-01-15,176,176,9.31,USD,21.12,13200,89.73,72.30,No,No,CIF
PO-2024-3294,Shenzhen Precision Works,Maersk Line,Ocean,Standard,China,Reno,USA,"Aluminium enclosure, matte",Housings,2024-12-14,2024-12-24,2025-02-01,465,465,5.80,USD,144.15,11800,138.78,162.14,No,No,CIF
PO-2024-3295,Taipei Micro Systems,Schenker Road,Road,Standard,Taiwan,Columbus,USA,Lithium cell pack 5000mAh,Power,2024-12-15,2025-01-01,2024-12-31,2291,2291,19.75,USD,962.22,12100,950.99,2816.17,No,No,DDP
PO-2024-3296,Guadalajara Assembly,Schenker Road,Road,Standard,Mexico,Reno,USA,USB-C connector module,Electronics,2024-12-15,2025-01-18,2025-01-23,3871,3871,2.19,USD,38.71,2100,56.00,420.27,No,No,FOB
PO-2024-3297,Guadalajara Assembly,DHL Global Forwarding,Air,Express,Mexico,Reno,USA,PCB assembly rev-C,Electronics,2024-12-15,2025-01-18,2025-01-18,2064,2064,45.56,USD,165.12,2100,506.70,5908.39,No,No,EXW
PO-2024-3298,Chennai Industrial Ltd,UPS Supply Chain,Parcel,Express,India,Reno,USA,Lithium cell pack 5000mAh,Power,2024-12-15,2025-01-06,2025-02-21,1520,1520,17.20,USD,638.40,13500,1520.51,1118.39,Yes,Yes,DDP
PO-2024-3299,Ostrava Metalworks,UPS Supply Chain,Parcel,Express,Czechia,Rotterdam,Netherlands,USB-C connector module,Electronics,2024-12-15,2025-01-06,2025-01-06,3856,3856,2.09,USD,38.56,7400,251.19,451.32,No,No,CIF
PO-2024-3300,Ostrava Metalworks,DHL Global Forwarding,Air,Express,Czechia,Memphis,USA,"Aluminium enclosure, matte",Housings,2024-12-15,2025-01-06,2025-01-10,3649,3649,5.99,USD,1131.19,7400,3233.03,590.80,No,No,CIF
PO-2024-3301,Ostrava Metalworks,Maersk Line,Ocean,Standard,Czechia,Rotterdam,Netherlands,Steel bracket set,Housings,2024-12-15,2025-01-06,2025-01-04,2430,2430,4.09,USD,1579.50,7400,783.19,211.02,No,No,FOB
PO-2024-3302,Ostrava Metalworks,UPS Supply Chain,Parcel,Express,Czechia,Fort Worth,USA,Display panel 7in IPS,Electronics,2024-12-16,2024-12-29,2025-01-03,1307,1307,57.25,USD,248.33,7400,643.46,2244.41,No,No,CIF
PO-2024-3303,Taipei Micro Systems,Schenker Road,Road,Standard,Taiwan,Columbus,USA,Lithium cell pack 5000mAh,Power,2024-12-16,2025-01-13,2025-02-03,551,551,17.41,USD,231.42,12100,329.81,198.41,No,No,EXW
PO-2024-3304,Taipei Micro Systems,Schenker Road,Road,Standard,Taiwan,Reno,USA,Display panel 7in IPS,Electronics,2024-12-16,2024-12-28,2025-01-12,3337,3337,55.59,USD,634.03,12100,672.03,8854.21,No,No,EXW
PO-2024-3305,Ostrava Metalworks,UPS Supply Chain,Parcel,Express,Czechia,Fort Worth,USA,"Wiring harness, 12-pin",Electrical,2024-12-16,2025-01-06,2025-01-06,2179,2179,9.66,USD,261.48,7400,668.05,780.35,No,No,CIF
PO-2024-3306,Shenzhen Precision Works,UPS Supply Chain,Parcel,Express,China,Reno,USA,"Wiring harness, 12-pin",Electrical,2024-12-16,2025-01-05,2025-01-04,2779,2779,10.07,USD,333.48,11800,909.17,1566.89,No,No,EXW
PO-2024-3307,Shenzhen Precision Works,DHL Global Forwarding,Air,Express,China,Columbus,USA,"Wiring harness, 12-pin",Electrical,2024-12-16,2025-01-04,2025-01-31,2568,2568,9.58,USD,308.16,11800,1214.38,1235.21,No,No,CIF
PO-2024-3308,Hanoi Components Co,Schenker Road,Road,Standard,Vietnam,Rotterdam,Netherlands,Display panel 7in IPS,Electronics,2024-12-17,2025-01-02,2025-01-13,4171,4171,51.27,USD,792.49,13200,818.82,4796.29,No,No,FOB
PO-2024-3309,Ostrava Metalworks,DHL Global Forwarding,Air,Express,Czechia,Fort Worth,USA,"Wiring harness, 12-pin",Electrical,2024-12-17,2024-12-28,2024-12-27,1585,1585,10.13,USD,190.20,7400,753.52,370.82,No,No,FOB
PO-2024-3310,Shenzhen Precision Works,UPS Supply Chain,Parcel,Express,China,Rotterdam,Netherlands,Cooling fan 40mm,Thermal,2024-12-17,2024-12-30,2025-01-04,3693,3693,3.78,USD,147.72,11800,561.80,802.97,No,No,CIF
PO-2024-3311,Hanoi Components Co,Schenker Road,Road,Standard,Vietnam,Memphis,USA,Display panel 7in IPS,Electronics,2024-12-17,2024-12-30,2025-02-02,3387,3387,56.60,USD,643.53,13200,692.20,8771.80,No,No,CIF
PO-2024-3312,Shenzhen Precision Works,Schenker Road,Road,Standard,China,Memphis,USA,PCB assembly rev-C,Electronics,2024-12-17,2025-01-12,2025-02-07,4152,4152,38.61,USD,332.16,11800,412.14,8198.95,No,No,DDP
PO-2024-3313,Taipei Micro Systems,UPS Supply Chain,Parcel,Express,Taiwan,Fort Worth,USA,Cooling fan 40mm,Thermal,2024-12-17,2025-01-17,2025-02-20,3988,3259,3.75,USD,159.52,12100,591.12,337.63,No,No,FOB
PO-2024-3314,Taipei Micro Systems,UPS Supply Chain,Parcel,Express,Taiwan,Rotterdam,Netherlands,Display panel 7in IPS,Electronics,2024-12-17,2024-12-31,2025-01-20,3480,3480,59.47,USD,661.20,12100,1529.26,12458.76,No,No,FOB
PO-2024-3315,Shenzhen Precision Works,Maersk Line,Ocean,Standard,China,Rotterdam,Netherlands,"Wiring harness, 12-pin",Electrical,2024-12-18,2025-01-09,2025-02-13,121,121,10.04,USD,14.52,11800,78.18,42.32,No,No,DDP
PO-2024-3316,Taipei Micro Systems,Maersk Line,Ocean,Standard,Taiwan,Columbus,USA,Display panel 7in IPS,Electronics,2024-12-18,2025-01-19,2025-02-04,261,261,50.52,USD,49.59,12100,96.39,811.75,No,No,CIF
PO-2024-3317,Hanoi Components Co,Maersk Line,Ocean,Standard,Vietnam,Memphis,USA,"Wiring harness, 12-pin",Electrical,2024-12-18,2025-01-06,2025-01-28,2186,2186,10.78,USD,262.32,13200,202.49,690.23,No,No,CIF
PO-2024-3318,Hanoi Components Co,UPS Supply Chain,Parcel,Express,Vietnam,Columbus,USA,Display panel 7in IPS,Electronics,2024-12-18,2025-01-12,2025-01-30,3099,3099,54.34,USD,588.81,13200,1420.51,6695.87,No,No,FOB
PO-2024-3319,Taipei Micro Systems,Maersk Line,Ocean,Standard,Taiwan,Reno,USA,"Aluminium enclosure, matte",Housings,2024-12-18,2025-01-15,2025-02-05,503,503,6.62,USD,155.93,12100,146.10,127.82,No,No,EXW
PO-2024-3320,Shenzhen Precision Works,Schenker Road,Road,Standard,China,Reno,USA,"Aluminium enclosure, matte",Housings,2024-12-18,2025-01-14,2025-02-10,227,227,5.76,USD,70.37,11800,189.61,70.09,No,No,DDP
PO-2024-3321,Hanoi Components Co,UPS Supply Chain,Parcel,Express,Vietnam,Memphis,USA,"Wiring harness, 12-pin",Electrical,2024-12-19,2025-01-12,2025-01-27,3152,3152,10.79,USD,378.24,13200,1026.75,838.71,No,No,DDP
PO-2024-3322,Taipei Micro Systems,UPS Supply Chain,Parcel,Express,Taiwan,Reno,USA,Display panel 7in IPS,Electronics,2024-12-19,2025-01-08,2025-01-24,2619,2619,49.87,USD,497.61,12100,1223.35,8471.32,No,No,CIF
PO-2024-3323,Guadalajara Assembly,Schenker Road,Road,Standard,Mexico,Fort Worth,USA,Steel bracket set,Housings,2024-12-19,2025-01-10,2025-01-13,4424,4424,4.00,USD,2875.60,2100,2467.36,491.01,No,No,FOB
PO-2024-3324,Shenzhen Precision Works,Schenker Road,Road,Standard,China,Rotterdam,Netherlands,"Aluminium enclosure, matte",Housings,2024-12-19,2025-01-13,2025-02-01,4287,4287,6.01,USD,1328.97,11800,1259.42,740.62,No,No,FOB
PO-2024-3325,Shenzhen Precision Works,UPS Supply Chain,Parcel,Express,China,Fort Worth,USA,Lithium cell pack 5000mAh,Power,2024-12-19,2025-01-09,2025-01-23,1486,1486,18.18,USD,624.12,11800,1452.66,732.39,No,No,FOB
PO-2024-3326,Shenzhen Precision Works,Schenker Road,Road,Standard,China,Fort Worth,USA,Lithium cell pack 5000mAh,Power,2024-12-19,2025-01-12,2025-02-09,288,248,18.94,USD,120.96,11800,232.62,152.01,No,No,EXW
PO-2024-3327,Taipei Micro Systems,Maersk Line,Ocean,Standard,Taiwan,Memphis,USA,"Wiring harness, 12-pin",Electrical,2024-12-19,2025-01-05,2025-01-03,4173,4173,9.79,USD,500.76,12100,307.31,2353.79,No,No,FOB
PO-2024-3328,Shenzhen Precision Works,Schenker Road,Road,Standard,China,Reno,USA,"Aluminium enclosure, matte",Housings,2024-12-20,2025-01-09,2025-01-27,1226,1226,6.14,USD,380.06,11800,452.85,457.45,No,No,DDP
PO-2024-3329,Guadalajara Assembly,Schenker Road,Road,Standard,Mexico,Fort Worth,USA,"Aluminium enclosure, matte",Housings,2024-12-20,2025-01-14,2025-01-13,745,745,6.44,USD,230.95,2100,219.41,106.92,No,No,DDP
PO-2024-3330,Ostrava Metalworks,DHL Global Forwarding,Air,Express,Czechia,Rotterdam,Netherlands,"Wiring harness, 12-pin",Electrical,2024-12-20,2025-01-12,2025-01-12,4274,4274,9.95,USD,512.88,7400,1603.78,1875.76,No,No,EXW
PO-2024-3331,Shenzhen Precision Works,DHL Global Forwarding,Air,Express,China,Memphis,USA,"Wiring harness, 12-pin",Electrical,2024-12-20,2025-01-07,2025-02-05,1089,1089,10.01,USD,130.68,11800,746.72,395.42,No,No,DDP
PO-2024-3332,Guadalajara Assembly,Schenker Road,Road,Standard,Mexico,Rotterdam,Netherlands,"Aluminium enclosure, matte",Housings,2024-12-20,2025-01-11,2025-01-11,3949,3949,6.23,USD,1224.19,2100,1063.66,921.70,No,No,FOB
PO-2024-3333,Guadalajara Assembly,UPS Supply Chain,Parcel,Express,Mexico,Reno,USA,Lithium cell pack 5000mAh,Power,2024-12-20,2024-12-30,2024-12-28,3061,3061,19.34,USD,1285.62,2100,2454.93,1304.43,No,No,EXW
PO-2024-3334,Shenzhen Precision Works,Schenker Road,Road,Standard,China,Memphis,USA,Display panel 7in IPS,Electronics,2024-12-20,2025-01-02,2025-01-25,4568,4568,50.24,USD,867.92,11800,867.53,11803.34,No,No,CIF
PO-2024-3335,Shenzhen Precision Works,DHL Global Forwarding,Air,Express,China,Fort Worth,USA,USB-C connector module,Electronics,2024-12-21,2025-01-22,2025-01-22,3456,3456,2.23,USD,34.56,11800,493.45,241.31,No,No,FOB
PO-2024-3336,Taipei Micro Systems,UPS Supply Chain,Parcel,Express,Taiwan,Reno,USA,Steel bracket set,Housings,2024-12-21,2025-01-17,2025-02-09,839,839,4.47,USD,545.35,12100,1312.62,225.81,No,No,DDP
PO-2024-3337,Shenzhen Precision Works,DHL Global Forwarding,Air,Express,China,Memphis,USA,Cooling fan 40mm,Thermal,2024-12-21,2025-01-07,2025-01-21,425,391,3.64,USD,17.00,11800,447.17,93.59,No,No,FOB
PO-2024-3338,Shenzhen Precision Works,DHL Global Forwarding,Air,Express,China,Columbus,USA,PCB assembly rev-C,Electronics,2024-12-21,2025-01-21,2025-02-27,3578,3578,45.65,USD,286.24,11800,1156.62,6374.10,No,No,FOB
PO-2024-3339,Shenzhen Precision Works,Maersk Line,Ocean,Standard,China,Fort Worth,USA,"Aluminium enclosure, matte",Housings,2024-12-21,2025-01-11,2025-01-21,3506,3506,6.04,USD,1086.86,11800,579.50,883.71,No,No,EXW
PO-2024-3340,Taipei Micro Systems,Schenker Road,Road,Standard,Taiwan,Reno,USA,"Aluminium enclosure, matte",Housings,2024-12-21,2025-01-23,2025-01-23,4701,4701,6.83,USD,1457.31,12100,1371.81,1518.37,No,No,EXW
PO-2024-3341,Taipei Micro Systems,Schenker Road,Road,Standard,Taiwan,Fort Worth,USA,"Aluminium enclosure, matte",Housings,2024-12-22,2025-01-22,2025-01-21,3768,3768,6.23,USD,1168.08,12100,1125.97,710.79,No,No,FOB
PO-2024-3342,Shenzhen Precision Works,UPS Supply Chain,Parcel,Express,China,Rotterdam,Netherlands,Cooling fan 40mm,Thermal,2024-12-22,2025-01-03,2025-01-01,1418,1418,3.68,USD,56.72,11800,391.63,305.89,No,No,EXW
PO-2024-3343,Hanoi Components Co,DHL Global Forwarding,Air,Express,Vietnam,Rotterdam,Netherlands,Cooling fan 40mm,Thermal,2024-12-22,2025-01-25,2025-02-12,3486,3486,3.42,USD,139.44,13200,817.54,677.10,No,No,CIF
PO-2024-3344,Shenzhen Precision Works,Schenker Road,Road,Standard,China,Reno,USA,"Aluminium enclosure, matte",Housings,2024-12-22,2025-01-10,2025-02-06,161,133,6.64,USD,49.91,11800,172.22,36.55,No,No,CIF
PO-2024-3345,Guadalajara Assembly,DHL Global Forwarding,Air,Express,Mexico,Memphis,USA,USB-C connector module,Electronics,2024-12-22,2025-01-14,2025-01-22,3323,3323,2.06,USD,33.23,2100,159.17,365.98,No,No,EXW
PO-2024-3346,Taipei Micro Systems,UPS Supply Chain,Parcel,Express,Taiwan,Reno,USA,Cooling fan 40mm,Thermal,2024-12-22,2025-01-09,2025-01-27,904,904,3.68,USD,36.16,12100,360.44,86.59,No,No,DDP
PO-2024-3347,Taipei Micro Systems,DHL Global Forwarding,Air,Express,Taiwan,Fort Worth,USA,USB-C connector module,Electronics,2024-12-22,2025-01-21,2025-01-21,1152,1152,2.00,USD,11.52,12100,442.97,58.50,No,No,EXW
PO-2024-3348,Chennai Industrial Ltd,Maersk Line,Ocean,Standard,India,Fort Worth,USA,Display panel 7in IPS,Electronics,2024-12-23,2025-01-04,2025-01-21,3875,3875,51.56,USD,736.25,13500,425.87,7775.62,No,No,CIF
PO-2024-3349,Shenzhen Precision Works,DHL Global Forwarding,Air,Express,China,Rotterdam,Netherlands,Display panel 7in IPS,Electronics,2024-12-23,2025-01-01,2024-12-31,1611,1611,57.68,USD,306.09,11800,1208.93,4526.89,No,No,FOB
PO-2024-3350,Ostrava Metalworks,DHL Global Forwarding,Air,Express,Czechia,Memphis,USA,USB-C connector module,Electronics,2024-12-23,2025-01-26,2025-01-26,1943,1943,2.09,USD,19.43,7400,303.54,177.63,No,No,EXW
PO-2024-3351,Shenzhen Precision Works,Schenker Road,Road,Standard,China,Rotterdam,Netherlands,Cooling fan 40mm,Thermal,2024-12-23,2025-01-03,2025-02-04,3341,3341,3.67,USD,133.64,11800,243.39,328.10,No,No,CIF
PO-2024-3352,Shenzhen Precision Works,UPS Supply Chain,Parcel,Express,China,Columbus,USA,"Aluminium enclosure, matte",Housings,2024-12-23,2025-01-18,2025-02-18,2335,2335,6.27,USD,723.85,11800,1639.16,657.79,No,No,EXW
PO-2024-3353,Shenzhen Precision Works,UPS Supply Chain,Parcel,Express,China,Rotterdam,Netherlands,Cooling fan 40mm,Thermal,2024-12-23,2025-01-20,2025-02-21,3849,3849,3.37,USD,153.96,11800,573.47,281.74,No,No,CIF
PO-2024-3354,Hanoi Components Co,DHL Global Forwarding,Air,Express,Vietnam,Memphis,USA,"Wiring harness, 12-pin",Electrical,2024-12-24,2025-01-12,2025-01-21,3264,3264,10.02,USD,391.68,13200,1482.20,966.78,No,No,FOB
PO-2024-3355,Chennai Industrial Ltd,DHL Global Forwarding,Air,Express,India,Rotterdam,Netherlands,Steel bracket set,Housings,2024-12-24,2025-01-02,2025-01-15,2011,2011,4.58,USD,1307.15,13500,3904.69,571.66,No,No,CIF
PO-2024-3356,Hanoi Components Co,Maersk Line,Ocean,Standard,Vietnam,Rotterdam,Netherlands,Cooling fan 40mm,Thermal,2024-12-24,2025-01-10,2025-01-18,1980,1980,3.54,USD,79.20,13200,116.89,155.79,No,No,CIF
PO-2024-3357,Chennai Industrial Ltd,UPS Supply Chain,Parcel,Express,India,Memphis,USA,PCB assembly rev-C,Electronics,2024-12-24,2025-01-13,2025-01-13,3448,3448,45.54,USD,275.84,13500,842.52,6914.22,No,No,CIF
PO-2024-3358,Chennai Industrial Ltd,Schenker Road,Road,Standard,India,Reno,USA,Cooling fan 40mm,Thermal,2024-12-24,2025-01-24,2025-03-04,567,567,3.64,USD,22.68,13500,167.78,46.59,No,No,CIF
PO-2024-3359,Shenzhen Precision Works,UPS Supply Chain,Parcel,Express,China,Reno,USA,Cooling fan 40mm,Thermal,2024-12-24,2025-01-19,2025-02-14,2560,2560,3.56,USD,102.40,11800,477.05,239.80,No,No,FOB
PO-2024-3360,Chennai Industrial Ltd,DHL Global Forwarding,Air,Express,India,Fort Worth,USA,USB-C connector module,Electronics,2024-12-24,2025-01-25,2025-01-25,3736,3736,2.11,USD,37.36,13500,558.79,252.12,No,No,EXW
PO-2024-3361,Hanoi Components Co,Schenker Road,Road,Standard,Vietnam,Columbus,USA,Lithium cell pack 5000mAh,Power,2024-12-25,2025-01-11,2025-01-28,3935,3935,20.00,USD,1652.70,13200,1550.00,4491.69,No,No,DDP
PO-2024-3362,Shenzhen Precision Works,UPS Supply Chain,Parcel,Express,China,Memphis,USA,Display panel 7in IPS,Electronics,2024-12-25,2025-01-20,2025-02-18,762,762,54.06,USD,144.78,11800,556.30,1485.76,Yes,Yes,DDP
PO-2024-3363,Chennai Industrial Ltd,UPS Supply Chain,Parcel,Express,India,Fort Worth,USA,PCB assembly rev-C,Electronics,2024-12-25,2025-01-27,2025-02-22,2106,1721,45.12,USD,168.48,13500,641.76,3997.19,No,No,DDP
PO-2024-3364,Shenzhen Precision Works,UPS Supply Chain,Parcel,Express,China,Fort Worth,USA,PCB assembly rev-C,Electronics,2024-12-25,2025-01-21,2025-01-21,919,919,38.54,USD,73.52,11800,423.04,1777.58,No,No,EXW
PO-2024-3365,Guadalajara Assembly,Maersk Line,Ocean,Standard,Mexico,Rotterdam,Netherlands,Display panel 7in IPS,Electronics,2024-12-25,2025-01-26,2025-01-26,3733,3733,50.11,USD,709.27,2100,344.29,3927.65,No,No,DDP
PO-2024-3366,Shenzhen Precision Works,UPS Supply Chain,Parcel,Express,China,Columbus,USA,PCB assembly rev-C,Electronics,2024-12-25,2025-01-11,2025-01-29,3248,2870,42.79,USD,259.84,11800,771.46,8475.08,No,No,CIF
PO-2024-3367,Guadalajara Assembly,UPS Supply Chain,Parcel,Express,Mexico,Columbus,USA,"Aluminium enclosure, matte",Housings,2024-12-25,2025-01-06,2025-01-06,307,307,6.33,USD,95.17,2100,228.79,125.69,No,No,FOB
PO-2024-3368,Shenzhen Precision Works,UPS Supply Chain,Parcel,Express,China,Rotterdam,Netherlands,Steel bracket set,Housings,2024-12-26,2025-01-21,2025-02-19,3003,3003,4.13,USD,1951.95,11800,3935.71,459.57,No,No,EXW
PO-2024-3369,Shenzhen Precision Works,UPS Supply Chain,Parcel,Express,China,Memphis,USA,USB-C connector module,Electronics,2024-12-26,2025-01-20,2025-02-13,3112,3112,2.36,USD,31.12,11800,343.75,278.63,No,No,FOB
PO-2024-3370,Hanoi Components Co,Maersk Line,Ocean,Standard,Vietnam,Fort Worth,USA,Display panel 7in IPS,Electronics,2024-12-26,2025-01-24,2025-01-24,2348,2134,53.84,USD,446.12,13200,288.42,4523.41,No,No,DDP
PO-2024-3371,Shenzhen Precision Works,UPS Supply Chain,Parcel,Express,China,Rotterdam,Netherlands,"Wiring harness, 12-pin",Electrical,2024-12-26,2025-01-15,2025-02-19,4557,4557,9.08,USD,546.84,11800,1308.15,2574.25,No,No,FOB
PO-2024-3372,Hanoi Components Co,DHL Global Forwarding,Air,Express,Vietnam,Memphis,USA,PCB assembly rev-C,Electronics,2024-12-26,2025-01-08,2025-01-06,4343,4343,41.18,USD,347.44,13200,1365.62,4780.75,No,No,EXW
PO-2024-3373,Taipei Micro Systems,Maersk Line,Ocean,Standard,Taiwan,Fort Worth,USA,PCB assembly rev-C,Electronics,2024-12-26,2025-01-25,2025-01-25,2819,2819,43.44,USD,225.52,12100,178.64,6765.18,No,No,CIF
PO-2024-3374,Hanoi Components Co,UPS Supply Chain,Parcel,Express,Vietnam,Columbus,USA,USB-C connector module,Electronics,2024-12-27,2025-01-15,2025-01-30,653,653,2.00,USD,6.53,13200,331.65,62.12,No,No,FOB
PO-2024-3375,Ostrava Metalworks,Maersk Line,Ocean,Standard,Czechia,Columbus,USA,Cooling fan 40mm,Thermal,2024-12-27,2025-01-05,2025-01-05,1339,1339,3.50,USD,53.56,7400,69.81,127.30,No,No,CIF
PO-2024-3376,Chennai Industrial Ltd,DHL Global Forwarding,Air,Express,India,Memphis,USA,Cooling fan 40mm,Thermal,2024-12-27,2025-01-26,2025-02-19,2743,2743,3.50,USD,109.72,13500,749.46,604.98,No,No,CIF
PO-2024-3377,Shenzhen Precision Works,Schenker Road,Road,Standard,China,Reno,USA,Cooling fan 40mm,Thermal,2024-12-27,2025-01-18,2025-02-17,4642,4642,3.59,USD,185.68,11800,287.63,362.24,No,No,FOB
PO-2024-3378,Chennai Industrial Ltd,Maersk Line,Ocean,Standard,India,Fort Worth,USA,Cooling fan 40mm,Thermal,2024-12-27,2025-01-09,2025-01-25,4514,4514,3.44,USD,180.56,13500,166.09,952.44,No,No,FOB
PO-2024-3379,Guadalajara Assembly,Schenker Road,Road,Standard,Mexico,Reno,USA,Display panel 7in IPS,Electronics,2024-12-27,2025-01-12,2025-01-12,3387,3387,53.39,USD,643.53,2100,570.10,11580.35,No,No,EXW
PO-2024-3380,Ostrava Metalworks,UPS Supply Chain,Parcel,Express,Czechia,Columbus,USA,Steel bracket set,Housings,2024-12-27,2025-01-25,2025-01-25,422,422,3.97,USD,274.30,7400,692.02,42.73,No,No,CIF
PO-2024-3381,Shenzhen Precision Works,Schenker Road,Road,Standard,China,Fort Worth,USA,USB-C connector module,Electronics,2024-12-28,2025-01-14,2025-02-12,210,210,2.29,USD,2.10,11800,131.58,16.63,No,No,EXW
PO-2024-3382,Taipei Micro Systems,Maersk Line,Ocean,Standard,Taiwan,Columbus,USA,USB-C connector module,Electronics,2024-12-28,2025-01-29,2025-01-27,2407,2407,2.11,USD,24.07,12100,84.46,257.22,No,No,DDP
PO-2024-3383,Hanoi Components Co,Maersk Line,Ocean,Standard,Vietnam,Memphis,USA,USB-C connector module,Electronics,2024-12-28,2025-01-16,2025-01-25,3572,2924,2.01,USD,35.72,13200,96.56,350.40,No,No,FOB
PO-2024-3384,Ostrava Metalworks,Schenker Road,Road,Standard,Czechia,Reno,USA,"Wiring harness, 12-pin",Electrical,2024-12-28,2025-01-09,2025-01-09,3174,3174,9.45,USD,380.88,7400,405.15,1711.54,No,No,EXW
PO-2024-3385,Shenzhen Precision Works,UPS Supply Chain,Parcel,Express,China,Memphis,USA,"Wiring harness, 12-pin",Electrical,2024-12-28,2025-01-07,2025-01-30,4310,4310,9.38,USD,517.20,11800,1252.72,2277.78,No,No,FOB
PO-2024-3386,Taipei Micro Systems,Maersk Line,Ocean,Standard,Taiwan,Fort Worth,USA,PCB assembly rev-C,Electronics,2024-12-28,2025-01-17,2025-01-17,4537,4537,40.16,USD,362.96,12100,242.89,8720.85,No,No,EXW
PO-2024-3387,Guadalajara Assembly,Schenker Road,Road,Standard,Mexico,Fort Worth,USA,Lithium cell pack 5000mAh,Power,2024-12-29,2025-01-12,2025-01-12,2056,2056,18.60,USD,863.52,2100,757.09,1657.31,No,No,DDP
PO-2024-3388,Shenzhen Precision Works,DHL Global Forwarding,Air,Express,China,Memphis,USA,Display panel 7in IPS,Electronics,2024-12-29,2025-01-28,2025-01-28,4059,4059,58.26,USD,771.21,11800,2434.52,7104.44,No,No,EXW
PO-2024-3389,Chennai Industrial Ltd,DHL Global Forwarding,Air,Express,India,Rotterdam,Netherlands,Lithium cell pack 5000mAh,Power,2024-12-29,2025-02-01,2025-02-01,4736,4736,17.68,USD,1989.12,13500,5701.68,4910.52,No,No,FOB
PO-2024-3390,Guadalajara Assembly,DHL Global Forwarding,Air,Express,Mexico,Rotterdam,Netherlands,"Aluminium enclosure, matte",Housings,2024-12-29,2025-01-30,2025-01-28,2096,2096,6.27,USD,649.76,2100,1783.73,565.09,No,No,EXW
PO-2024-3391,Hanoi Components Co,Schenker Road,Road,Standard,Vietnam,Fort Worth,USA,PCB assembly rev-C,Electronics,2024-12-29,2025-01-24,2025-01-23,2045,2045,43.54,USD,163.60,13200,284.26,2441.35,No,No,EXW
PO-2024-3392,Hanoi Components Co,Schenker Road,Road,Standard,Vietnam,Rotterdam,Netherlands,"Wiring harness, 12-pin",Electrical,2024-12-29,2025-01-29,2025-02-10,3514,3514,9.23,USD,421.68,13200,503.63,790.00,No,No,DDP
PO-2024-3393,Shenzhen Precision Works,Schenker Road,Road,Standard,China,Reno,USA,PCB assembly rev-C,Electronics,2024-12-29,2025-01-30,2025-02-18,3002,3002,39.31,USD,240.16,11800,333.94,2719.03,No,No,FOB
PO-2024-3394,Ostrava Metalworks,UPS Supply Chain,Parcel,Express,Czechia,Memphis,USA,USB-C connector module,Electronics,2024-12-30,2025-01-19,2025-01-18,78,78,2.20,USD,0.78,7400,180.54,5.32,No,No,CIF
PO-2024-3395,Guadalajara Assembly,DHL Global Forwarding,Air,Express,Mexico,Reno,USA,Steel bracket set,Housings,2024-12-30,2025-01-13,2025-01-11,201,201,4.28,USD,130.65,2100,415.87,49.27,No,No,EXW
PO-2024-3396,Taipei Micro Systems,Schenker Road,Road,Standard,Taiwan,Memphis,USA,Lithium cell pack 5000mAh,Power,2024-12-30,2025-01-30,2025-01-28,559,559,17.11,USD,234.78,12100,332.66,478.47,No,No,EXW
PO-2024-3397,Shenzhen Precision Works,UPS Supply Chain,Parcel,Express,China,Rotterdam,Netherlands,PCB assembly rev-C,Electronics,2024-12-30,2025-01-14,2025-02-18,2013,2013,39.48,USD,161.04,11800,586.70,1609.64,No,No,EXW
PO-2024-3398,Shenzhen Precision Works,Maersk Line,Ocean,Standard,China,Fort Worth,USA,"Aluminium enclosure, matte",Housings,2024-12-30,2025-01-11,2025-01-29,2032,2032,6.13,USD,629.92,11800,365.88,288.82,No,No,DDP
PO-2024-3399,Shenzhen Precision Works,Maersk Line,Ocean,Standard,China,Fort Worth,USA,"Wiring harness, 12-pin",Electrical,2024-12-30,2025-01-27,2025-02-24,3778,3527,9.61,USD,453.36,11800,283.34,2204.25,No,No,DDP
